billId,petrolStation,custname,letter1,email,address,billAmount,billDatetime
1,83,Varga,V,ccheetam0@live.com,98169 Summer Ridge Park,56.91,2019-06-10 05:19:16
2,52,Najafiannasir,N,asymmers1@bbc.co.uk,11 Welch Lane,26.53,2019-11-07 22:45:19
3,6,Otenhajmer,O,bgagen2@etsy.com,05638 Donald Center,79.86,2019-12-06 02:21:37
4,72,Predic,P,fnarramor3@google.fr,27187 Eastwood Road,38.9,2019-03-30 05:33:32
5,94,Pathak,P,ahalworth4@google.pl,6 Spohn Park,30.22,2019-05-27 09:53:12
6,,Donhauser,D,cface5@networksolutions.com,14 Hazelcrest Crossing,87.41,2019-12-10 21:15:48
7,96,Zhuta,Z,jshellshear6@bloomberg.com,04986 Eastwood Street,41.73,2019-02-22 11:30:44
8,55,Pathak,P,hkrzysztofiak7@pagesperso-orange.fr,86 Oxford Circle,10.58,2019-02-22 09:26:27
9,31,Najafiannasir,N,iskentelbury8@salon.com,01 Dovetail Plaza,94.46,2019-10-19 01:30:38
10,75,Rahman,R,dalexsandrowicz9@berkeley.edu,7 Sloan Road,88.38,2019-02-23 07:47:28
11,,Maurizio,M,ztropmana@constantcontact.com,550 Corry Trail,15.48,2019-08-04 06:08:41
12,42,Maurizio,M,mjoplingb@marketwatch.com,3 Claremont Avenue,43.41,2019-06-30 10:06:42
13,9,Varga,V,gjohannesc@ehow.com,001 Forest Dale Terrace,17.62,2019-03-01 11:30:45
14,86,Waysocher,W,bsabated@walmart.com,98473 Lillian Trail,29.12,2019-07-05 09:20:50
15,98,Pathak,P,lcowtharde@macromedia.com,52975 Mariners Cove Avenue,14.08,2019-04-11 12:58:36
16,,Rahman,R,bhaenself@amazon.de,4 Jenifer Lane,64.54,2019-10-14 10:27:59
17,46,Theiler,T,kharkinsg@1und1.de,93 Marcy Pass,20.44,2019-04-30 14:27:02
18,70,Mathes,M,flinsteadh@umich.edu,41 Fuller Court,50.48,2019-10-01 04:41:49
19,80,Akbari/Liavali,A,bsilwoodi@plala.or.jp,512 Delaware Crossing,82.38,2019-06-06 02:17:57
20,78,Zipser,Z,ndobbiej@huffingtonpost.com,33 Rieder Junction,21.25,2019-03-14 02:14:35
21,84,Varga,V,vcraterek@businessinsider.com,7625 Dunning Circle,92.6,2019-09-07 09:31:36
22,15,Najafiannasir,N,yrosenaul@imageshack.us,596 Ryan Court,62.37,2019-10-24 07:22:22
23,,Zipser,Z,eorrism@xing.com,36 Gateway Way,54.79,2019-11-17 01:24:17
24,69,Zipser,Z,dnielsonn@springer.com,29917 Banding Junction,78.73,2019-03-15 20:03:52
25,94,Freudenthaler,F,tbrimo@netlog.com,2298 Shopko Terrace,33.6,2019-09-03 12:29:02
26,97,Zhuta,Z,gscrivinerp@sitemeter.com,2 Dovetail Court,82.72,2019-04-18 20:03:13
27,15,Zipser,Z,tuwinsq@unesco.org,9 Stang Way,17.3,2019-03-04 08:35:41
28,54,Waysocher,W,abifieldr@sbwire.com,78 Springview Point,25.26,2019-02-08 15:27:46
29,19,Rahman,R,mschwiesos@businesswire.com,6680 Bartelt Park,18.34,2019-08-25 10:56:04
30,55,Pathak,P,bcozinst@cargocollective.com,684 Evergreen Park,45.1,2019-01-14 12:45:04
31,13,Varga,V,mmallamu@ask.com,93 Alpine Road,96.35,2019-10-17 02:17:48
32,,Rahman,R,ewybornv@usda.gov,848 8th Plaza,30.1,2019-09-26 06:18:54
33,44,Theiler,T,mcollingworthw@hexun.com,335 Nelson Road,83.54,2019-03-31 10:34:58
34,84,Predic,P,njelfx@marketwatch.com,0 Marcy Road,21.13,2019-02-18 10:40:24
35,15,Soltani,S,jianettiy@deliciousdays.com,69 Loomis Crossing,41.86,2019-11-04 18:06:41
36,68,Pusch,P,mkilloughz@discovery.com,80183 Evergreen Road,14.06,2019-01-03 19:30:35
37,90,Theiler,T,hlazonby10@geocities.com,54007 Dunning Plaza,45.09,2019-05-07 00:48:06
38,54,Freudenthaler,F,vwaddingham11@senate.gov,8372 Granby Crossing,25.54,2019-06-06 10:12:39
39,58,Soltani,S,gnutting12@wisc.edu,03 Lillian Pass,66.97,2019-04-10 02:12:09
40,19,Barcza,B,cmordey13@huffingtonpost.com,1 Mallard Alley,15.33,2019-02-14 01:13:08
41,95,Sarvghadi,S,jphelan14@hao123.com,8 Talmadge Circle,71.11,2019-07-31 11:40:47
42,82,Zhuta,Z,eellingford15@admin.ch,8 Talisman Park,13.6,2019-08-08 15:59:35
43,8,Pusch,P,tforesight16@twitter.com,525 Thierer Hill,66.11,2019-07-22 06:30:06
44,17,Pusch,P,pmeckiff17@prweb.com,818 Sherman Hill,92.42,2019-02-24 13:38:15
45,14,Zhuta,Z,kpounds18@weather.com,21535 Oak Valley Way,41.01,2019-01-08 21:18:01
46,41,Zipser,Z,kogan19@lycos.com,3439 Nevada Alley,37.11,2019-11-03 01:18:17
47,20,Ertl-Winand,E,jwhitehurst1a@omniture.com,035 Vermont Plaza,86.36,2019-01-17 16:51:31
48,76,Varga,V,celwin1b@dion.ne.jp,70 Sachs Point,10.56,2019-04-13 16:43:06
49,45,Pathak,P,apolin1c@springer.com,3287 5th Drive,25.81,2019-11-05 18:13:32
50,61,Zipser,Z,drielly1d@arizona.edu,1 Raven Lane,63.01,2019-01-02 03:25:16
51,60,Zhuta,Z,eragge1e@51.la,90 Chive Crossing,87.2,2019-03-26 10:48:53
52,2,Rahman,R,kbuckthorp1f@ifeng.com,682 Oxford Circle,83.08,2019-02-12 03:01:01
53,25,Predic,P,bjanko1g@issuu.com,891 Bultman Crossing,63.67,2019-04-22 01:12:56
54,26,Rahman,R,rlile1h@1688.com,2 Hauk Court,39.59,2019-05-29 14:14:52
55,,Pusch,P,atighe1i@oaic.gov.au,519 Manitowish Center,37.05,2019-09-16 04:21:39
56,,Predic,P,wcasbolt1j@blogger.com,6 Drewry Court,31.87,2019-05-23 10:33:34
57,85,Waysocher,W,kdunbar1k@boston.com,99 Kipling Avenue,55.98,2019-07-14 15:26:28
58,25,Brugger,B,cpollicott1l@chronoengine.com,99 Main Way,75.13,2019-09-15 15:10:54
59,92,Varga,V,cfranklen1m@taobao.com,53953 Homewood Pass,98.08,2019-05-16 07:09:32
60,53,Galic,G,sragborne1n@ucoz.ru,31 Vermont Pass,65.11,2019-01-21 16:09:14
61,4,Pishchala,P,blozano1o@bizjournals.com,0 Clyde Gallagher Terrace,48.51,2019-11-25 14:57:34
62,,Varga,V,aosanne1p@cnbc.com,00 Melody Avenue,37.66,2019-10-03 07:38:33
63,14,Zipser,Z,mportlock1q@epa.gov,1736 Harbort Avenue,16.7,2019-06-10 22:57:44
64,71,Zhuta,Z,dsawday1r@booking.com,62 Monument Lane,58.35,2019-11-29 16:45:55
65,34,Sarvghadi,S,nbaggarley1s@jimdo.com,52004 Emmet Trail,19.39,2019-11-21 10:54:17
66,37,Waysocher,W,ksirey1t@state.gov,2196 Iowa Road,24.35,2019-10-02 18:51:23
67,84,Rahman,R,hbrookbank1u@people.com.cn,95851 Redwing Place,88.73,2019-12-21 11:01:58
68,54,Rahman,R,jcicconetti1v@instagram.com,2 La Follette Crossing,47.04,2019-11-18 16:54:21
69,91,Soltani,S,ascamwell1w@tripadvisor.com,0228 Bayside Junction,11.76,2019-04-01 18:42:18
70,24,Pishchala,P,hwhitmarsh1x@fastcompany.com,9348 Scofield Road,46.19,2019-02-05 15:50:00
71,25,Predic,P,kdecourtney1y@dot.gov,88861 High Crossing Pass,83.6,2019-06-01 14:55:35
72,,Waysocher,W,mdavoren1z@ustream.tv,1 Menomonie Drive,59.88,2019-12-19 21:46:54
73,71,Freudenthaler,F,cgreasley20@goo.gl,76954 Ramsey Alley,30.07,2019-05-21 21:38:17
74,10,Predic,P,braff21@usnews.com,9232 Mitchell Court,83.56,2019-07-30 13:41:21
75,83,Lazarevic,L,abawme22@fc2.com,6894 Gateway Parkway,43.23,2019-10-14 18:33:14
76,91,Hedda,H,elegat23@shop-pro.jp,65 Carioca Park,27.43,2019-07-11 13:09:44
77,22,Hirschhofer,H,jcluitt24@linkedin.com,84 Dottie Court,90.48,2019-06-01 21:36:24
78,38,Mathes,M,scastiello25@disqus.com,103 Fremont Avenue,92.37,2019-03-08 06:20:58
79,35,Varga,V,ehandke26@illinois.edu,5621 New Castle Point,55.88,2019-05-04 07:49:59
80,27,Hedda,H,harchibold27@wp.com,420 Lerdahl Way,13.65,2019-07-22 10:37:49
81,,Najafiannasir,N,tfidal28@dyndns.org,044 Fremont Park,33.39,2019-07-20 22:17:14
82,3,Otenhajmer,O,rmarland29@engadget.com,67 Sloan Place,74.33,2019-09-11 07:34:33
83,68,Hedda,H,thaswell2a@washingtonpost.com,016 Bellgrove Junction,28.84,2019-11-05 16:30:00
84,,Soltani,S,alegate2b@harvard.edu,94 Quincy Lane,93.06,2019-11-20 06:48:25
85,65,Otenhajmer,O,dloveridge2c@statcounter.com,2 Stoughton Plaza,40.66,2019-04-30 02:02:21
86,38,Lazarevic,L,lmewes2d@whitehouse.gov,35 Declaration Crossing,57.76,2019-11-23 10:04:51
87,50,Hedda,H,jdicken2e@weibo.com,49402 Stang Terrace,18.78,2019-12-21 10:00:54
88,42,Rahman,R,grakes2f@google.cn,372 Schmedeman Parkway,92.39,2019-07-27 13:11:05
89,85,Waysocher,W,mtomkies2g@mozilla.org,61 Texas Street,87.14,2019-02-15 02:58:33
90,43,Mathes,M,chenrichs2h@google.com.au,38274 Northview Drive,18.11,2019-01-06 08:44:37
91,3,Rahman,R,cschoffler2i@squidoo.com,62714 Gateway Court,29.74,2019-03-27 13:18:25
92,45,Zhuta,Z,tcarbert2j@opera.com,59 Namekagon Place,58.68,2019-02-24 04:12:07
93,74,Lazarevic,L,agregine2k@ca.gov,088 Eastwood Pass,57.96,2019-08-22 06:40:05
94,59,Rahman,R,jguilfoyle2l@hostgator.com,608 Granby Avenue,94.75,2019-10-02 15:19:24
95,35,Predic,P,kwoodfin2m@microsoft.com,600 Burning Wood Plaza,19.32,2019-08-26 16:18:32
96,21,Soltani,S,hmcneill2n@unc.edu,19559 Hoffman Hill,19.6,2019-07-18 09:03:04
97,13,Galic,G,oburchfield2o@cdbaby.com,32454 Tennyson Trail,11.82,2019-06-24 17:58:03
98,82,Waysocher,W,cdeangelo2p@cbsnews.com,6 Mayfield Drive,14.1,2019-05-12 18:38:47
99,2,Otenhajmer,O,fizzard2q@histats.com,246 Park Meadow Hill,51.75,2019-03-30 22:30:39
100,17,Waysocher,W,ckinsell2r@skyrock.com,793 Cherokee Parkway,76.11,2019-07-25 04:57:06
101,28,Rahman,R,crapley2s@people.com.cn,039 Melvin Place,37.36,2019-08-03 12:34:27
102,,Sepehri/Rad,S,kmeaden2t@blog.com,22 International Alley,81.78,2019-11-21 02:06:17
103,71,Sarvghadi,S,eweekly2u@biglobe.ne.jp,941 Manley Parkway,75.54,2019-03-25 08:05:11
104,17,Otenhajmer,O,mworster2v@cbslocal.com,33 Welch Parkway,89.06,2019-05-06 15:49:35
105,41,Otenhajmer,O,qdove2w@spiegel.de,6023 Havey Court,94.23,2019-12-04 11:58:24
106,93,Akbari/Liavali,A,mchsteney2x@uol.com.br,14 Loomis Alley,48.68,2019-03-08 04:29:50
107,28,Mathes,M,gfolger2y@mapquest.com,4 Anderson Junction,28.74,2019-10-24 06:11:24
108,97,Sarvghadi,S,phowsin2z@answers.com,0 American Court,94.52,2019-10-10 13:31:28
109,,Pusch,P,efanning30@ning.com,398 Buena Vista Terrace,79.22,2019-11-19 00:20:27
110,22,Rahman,R,gmarjanovic31@clickbank.net,1 Helena Center,70.48,2019-04-20 01:39:54
111,99,Hedda,H,mbrickham32@parallels.com,33174 Corscot Road,13.98,2019-09-20 06:03:14
112,23,Hedda,H,msomerton33@g.co,0809 Blaine Lane,69.77,2019-09-29 13:29:19
113,47,Zhuta,Z,bsplevin34@t-online.de,71 Buell Avenue,25.91,2019-10-30 02:33:01
114,,Ertl-Winand,E,pdagostino35@nsw.gov.au,5 Quincy Park,32.6,2019-04-22 16:20:28
115,,Zipser,Z,lsummersett36@pen.io,0900 Dryden Way,93.03,2019-03-18 13:48:20
116,6,Waysocher,W,ladnet37@booking.com,74 Schlimgen Drive,94.6,2019-05-15 06:20:04
117,68,Zhuta,Z,ddingivan38@tinypic.com,5 School Hill,35.91,2019-10-11 06:27:57
118,36,Pishchala,P,acorssen39@symantec.com,3455 Miller Road,78.31,2019-08-01 10:57:32
119,17,Rahman,R,calphonso3a@nytimes.com,31 Waxwing Terrace,51.06,2019-04-13 03:27:38
120,,Pathak,P,rleguin3b@odnoklassniki.ru,26 3rd Pass,41.52,2019-09-10 05:28:40
121,8,Waysocher,W,vgummer3c@latimes.com,4 Melrose Street,30.18,2019-07-17 08:35:27
122,27,Efimov,E,sspedroni3d@g.co,0 Logan Lane,63.45,2019-05-01 16:59:59
123,48,Varga,V,iviscovi3e@paypal.com,45995 Moose Road,29.86,2019-06-15 19:45:11
124,96,Otenhajmer,O,kklimentyonok3f@hc360.com,4900 North Crossing,80.39,2019-11-04 08:02:40
125,16,Soltani,S,smatfield3g@yale.edu,9493 Doe Crossing Trail,76.09,2019-12-06 09:58:08
126,,Zipser,Z,tnovkovic3h@comsenz.com,24158 Briar Crest Pass,92.78,2019-09-02 13:42:49
127,30,Rahman,R,jroskilly3i@merriam-webster.com,8 Holmberg Hill,97.87,2019-10-28 08:00:17
128,17,Predic,P,jwhitloe3j@drupal.org,79 Crowley Court,26.51,2019-11-20 09:31:21
129,54,Zipser,Z,dpunch3k@hostgator.com,6408 Rusk Plaza,84.24,2019-07-04 06:10:36
130,30,Maurizio,M,jarmal3l@nytimes.com,3087 Forest Dale Plaza,46.31,2019-11-10 12:58:37
131,68,Otenhajmer,O,bpinching3m@taobao.com,2739 North Lane,44.59,2019-06-02 22:46:03
132,98,Otenhajmer,O,ldreinan3n@earthlink.net,15 Anniversary Court,91.21,2019-06-12 00:39:03
133,78,Pishchala,P,dbaglan3o@free.fr,46091 Stoughton Pass,62.94,2019-11-23 13:50:02
134,78,Soltani,S,bpagden3p@cdbaby.com,20000 Hansons Court,27.65,2019-02-15 13:42:41
135,92,Lazarevic,L,jscoffham3q@time.com,2824 Clyde Gallagher Center,60.58,2019-11-06 20:02:02
136,37,Sarvghadi,S,pscouse3r@opensource.org,5424 High Crossing Pass,83.13,2019-01-30 10:29:45
137,53,Sarvghadi,S,mcarlesi3s@altervista.org,0563 Springview Court,65.8,2019-12-02 11:57:49
138,56,Donhauser,D,tdoick3t@chronoengine.com,49242 Loomis Circle,18.89,2019-12-23 07:26:02
139,94,Sepehri/Rad,S,tberwick3u@vimeo.com,7 Welch Hill,42.14,2019-08-13 22:38:25
140,74,Barcza,B,cmeriguet3v@cpanel.net,11661 Hagan Alley,82.29,2019-02-17 12:20:05
141,66,Ertl-Winand,E,wzoppie3w@usgs.gov,18 6th Lane,38.03,2019-02-19 10:47:54
142,94,Najafiannasir,N,bfernandez3x@nbcnews.com,1519 Thompson Plaza,92.72,2019-08-17 23:08:10
143,66,Ertl-Winand,E,khawker3y@stanford.edu,97 Westport Circle,46.28,2019-08-18 09:23:34
144,26,Varga,V,tvanbruggen3z@ezinearticles.com,619 Bayside Drive,81.66,2019-09-22 21:59:28
145,3,Pusch,P,cmayte40@chronoengine.com,89649 Anderson Circle,41.37,2019-11-11 08:30:04
146,40,Zhuta,Z,rstarmore41@gizmodo.com,5064 Vermont Avenue,13.06,2019-05-24 17:49:45
147,5,Pishchala,P,athemann42@sfgate.com,4 Del Mar Trail,98.3,2019-07-17 21:20:47
148,10,Rahman,R,davramovsky43@nih.gov,8 Lunder Court,98.69,2019-01-23 05:50:31
149,45,Soltani,S,gbrunet44@google.pl,0833 Welch Center,44.07,2019-04-09 01:06:36
150,48,Rahman,R,tmaybey45@delicious.com,56 Reindahl Road,56.43,2019-03-07 23:11:45
151,97,Pathak,P,afiander46@nba.com,3 Stoughton Way,45.1,2019-10-09 02:58:56
152,10,Mathes,M,fauletta47@mysql.com,2632 Schmedeman Crossing,35.28,2019-01-18 21:33:00
153,97,Hirschhofer,H,kleyshon48@boston.com,625 Iowa Junction,84.11,2019-12-18 02:19:45
154,53,Soltani,S,hleek49@goo.ne.jp,88669 5th Parkway,72.64,2019-01-05 05:03:55
155,52,Varga,V,ghorsley4a@bluehost.com,248 Hermina Alley,80.77,2019-03-17 03:47:37
156,10,Zipser,Z,bfilipiak4b@histats.com,6573 Menomonie Hill,65.33,2019-02-05 12:46:53
157,53,Waysocher,W,nambrodi4c@mediafire.com,755 Kipling Place,88.19,2019-07-29 05:37:56
158,40,Soltani,S,nshuttlewood4d@ning.com,9169 Johnson Alley,67.26,2019-07-23 20:38:32
159,11,Predic,P,oduignan4e@dailymotion.com,78 Old Shore Plaza,38.49,2019-07-31 23:44:29
160,90,Soltani,S,oconneau4f@icq.com,15116 Miller Center,12.44,2019-07-30 00:00:55
161,72,Pusch,P,jduthie4g@engadget.com,2 Pierstorff Plaza,68.96,2019-11-15 23:05:25
162,85,Galic,G,gwynn4h@amazon.co.jp,4378 Merry Place,57.73,2019-07-12 04:15:14
163,94,Sarvghadi,S,jwinckle4i@deliciousdays.com,188 Kipling Place,81.78,2019-12-28 22:48:58
164,57,Rahman,R,csywell4j@youku.com,1 Talisman Point,17.73,2019-02-05 02:44:57
165,31,Theiler,T,drobuchon4k@unblog.fr,19957 Carioca Circle,50.2,2019-06-03 05:32:11
166,,Sarvghadi,S,wcastella4l@cpanel.net,5 Stone Corner Trail,26.22,2019-03-26 12:39:52
167,80,Najafiannasir,N,kfrankland4m@flavors.me,84680 Lukken Point,86.08,2019-10-11 05:19:02
168,93,Theiler,T,abungey4n@newyorker.com,47280 Merrick Point,44.73,2019-04-13 07:03:46
169,65,Soltani,S,mwiddall4o@google.fr,570 Elmside Center,73.61,2019-11-28 00:18:51
170,73,Zipser,Z,hforte4p@google.com.au,3336 Oak Junction,17.58,2019-09-16 06:13:36
171,9,Pathak,P,nsalkeld4q@blogspot.com,80 Elmside Way,33.53,2019-06-30 08:01:50
172,,Pusch,P,cdurbin4r@ucoz.com,685 Elgar Trail,44.62,2019-02-09 22:58:42
173,31,Predic,P,tplewright4s@mtv.com,0090 Sommers Drive,16.41,2019-07-23 00:07:13
174,49,Sarvghadi,S,htanslie4t@yolasite.com,6604 Randy Drive,63.87,2019-05-27 13:20:11
175,37,Hedda,H,cfouch4u@homestead.com,755 Westport Lane,66.17,2019-07-19 06:21:23
176,26,Sepehri/Rad,S,irodder4v@wikimedia.org,413 High Crossing Plaza,24.14,2019-01-17 22:53:09
177,54,Rahman,R,sdunbobbin4w@twitter.com,4 Northport Court,83.82,2019-06-19 18:22:39
178,99,Rahman,R,ninnocenti4x@cisco.com,99293 John Wall Parkway,94.77,2019-06-08 13:52:28
179,28,Zhuta,Z,ibatstone4y@ed.gov,4 Cardinal Drive,20.04,2019-10-22 21:53:15
180,27,Otenhajmer,O,mdeluna4z@intel.com,79813 Rigney Parkway,60.25,2019-11-12 17:33:31
181,47,Ertl-Winand,E,myearnes50@ucla.edu,70741 Graedel Terrace,78.39,2019-09-05 16:37:32
182,87,Sarvghadi,S,fwhopples51@foxnews.com,8 Ohio Plaza,40.2,2019-10-10 22:13:30
183,,Rahman,R,gforcer52@squarespace.com,59 Pine View Drive,87.69,2019-09-23 14:18:19
184,15,Lazarevic,L,fgrimsdike53@webs.com,9494 Lotheville Alley,94.02,2019-01-13 00:07:10
185,95,Hedda,H,lblakes54@list-manage.com,9 Hoffman Street,97.64,2019-07-01 13:27:07
186,28,Rahman,R,emewhirter55@psu.edu,2 Schurz Park,79.07,2019-07-08 10:58:12
187,100,Hirschhofer,H,tpremble56@mac.com,07116 Continental Lane,59.51,2019-05-23 20:29:01
188,,Sarvghadi,S,yrosier57@pbs.org,26 Sheridan Pass,68.29,2019-10-28 05:59:40
189,73,Sarvghadi,S,psnazel58@gmpg.org,2 Bartelt Junction,18.48,2019-09-16 12:06:12
190,42,Otenhajmer,O,torans59@wufoo.com,10 Waywood Way,25.73,2019-03-09 05:36:24
191,76,Rahman,R,dscorah5a@prweb.com,257 Londonderry Center,48.9,2019-05-22 12:38:07
192,11,Galic,G,aeck5b@arstechnica.com,355 Rusk Point,91.37,2019-10-01 01:25:48
193,,Pusch,P,xkingcott5c@theatlantic.com,3 Cottonwood Trail,41.07,2019-03-11 08:54:29
194,12,Zhuta,Z,pfreckelton5d@liveinternet.ru,79 Warrior Way,48.2,2019-04-28 18:15:22
195,36,Soltani,S,dbarkas5e@europa.eu,621 Eagle Crest Pass,71.04,2019-03-12 20:16:20
196,27,Lazarevic,L,mmaddocks5f@sbwire.com,18 Hermina Point,13.38,2019-10-15 05:46:55
197,68,Ertl-Winand,E,sneicho5g@shop-pro.jp,8704 Luster Trail,93.26,2019-09-28 11:27:33
198,,Sepehri/Rad,S,wreeks5h@thetimes.co.uk,45827 Bartillon Center,90.95,2019-02-12 16:51:07
199,89,Waysocher,W,iwainman5i@over-blog.com,763 Miller Junction,26.85,2019-06-06 07:44:26
200,31,Mathes,M,ikonmann5j@bbc.co.uk,9297 Arapahoe Plaza,98.38,2019-03-21 00:07:57
201,77,Pusch,P,dthaller5k@cdbaby.com,68804 Summerview Road,72.71,2019-04-04 16:34:31
202,90,Najafiannasir,N,dbenham5l@issuu.com,51 Coleman Terrace,40.59,2019-02-05 19:50:50
203,63,Barcza,B,gchawkley5m@creativecommons.org,3 Crest Line Way,94.83,2019-08-17 21:52:31
204,66,Zipser,Z,twaadenburg5n@unesco.org,519 Loeprich Drive,59.96,2019-05-20 01:17:24
205,47,Predic,P,trobez5o@cpanel.net,1981 Old Gate Parkway,96.91,2019-07-04 13:01:55
206,95,Otenhajmer,O,lcane5p@apache.org,020 Meadow Ridge Junction,75.79,2019-07-06 16:23:09
207,13,Sepehri/Rad,S,abricklebank5q@i2i.jp,0 Oak Pass,94.01,2019-01-24 12:55:57
208,5,Rahman,R,mgeely5r@who.int,4544 Pine View Road,30.6,2019-03-08 07:34:47
209,41,Varga,V,lmaccrea5s@g.co,0933 Pearson Trail,85.18,2019-12-08 11:38:48
210,,Efimov,E,igelling5t@bing.com,07604 Sheridan Plaza,56.2,2019-01-11 18:01:22
211,13,Brugger,B,jmettrick5u@geocities.jp,60 North Drive,55.7,2019-11-13 16:53:53
212,15,Varga,V,sjacklin5v@purevolume.com,64 Beilfuss Avenue,92.77,2019-03-10 17:40:31
213,72,Sarvghadi,S,bferroni5w@army.mil,36117 Green Center,99.21,2019-10-26 09:12:44
214,6,Otenhajmer,O,kseaborne5x@unesco.org,54098 Straubel Point,75.18,2019-10-30 12:25:08
215,94,Maurizio,M,mmaccracken5y@bravesites.com,606 Graedel Street,72.52,2019-12-20 03:11:23
216,,Rahman,R,brutland5z@icio.us,47 Armistice Plaza,13.43,2019-07-22 14:21:10
217,76,Zipser,Z,voulett60@yolasite.com,84986 Gulseth Crossing,35.2,2019-10-18 03:10:46
218,49,Hedda,H,cayars61@4shared.com,01 Pearson Trail,36.62,2019-11-23 14:25:54
219,,Efimov,E,mlivingston62@rakuten.co.jp,11 Kingsford Crossing,25.35,2019-03-14 02:01:59
220,61,Soltani,S,cbalke63@meetup.com,252 Scott Hill,73.49,2019-04-22 01:36:51
221,23,Zhuta,Z,olackey64@free.fr,83873 Manufacturers Alley,98.02,2019-11-01 07:58:39
222,53,Otenhajmer,O,kdaws65@mayoclinic.com,9 Maple Terrace,70.07,2019-03-19 09:13:40
223,46,Waysocher,W,ptutton66@youku.com,7658 Sycamore Court,89.34,2019-04-01 07:41:17
224,100,Zhuta,Z,jzumfelde67@elpais.com,1 Claremont Circle,48.87,2019-11-13 07:17:37
225,86,Theiler,T,rgodding68@mayoclinic.com,53 Fisk Way,26.47,2019-05-06 05:18:59
226,18,Zipser,Z,dhopfner69@dot.gov,19011 Nobel Way,74.99,2019-07-20 12:54:10
227,96,Brugger,B,smasurel6a@comcast.net,9 Carpenter Terrace,19.89,2019-12-17 12:57:51
228,22,Hedda,H,agraser6b@techcrunch.com,0 Vera Pass,49.23,2019-11-19 05:49:19
229,2,Waysocher,W,rgullivent6c@nationalgeographic.com,4396 Walton Junction,45.32,2019-01-26 16:02:33
230,64,Otenhajmer,O,eartois6d@phpbb.com,1218 Farragut Hill,87.45,2019-03-24 04:35:28
231,42,Pathak,P,kwakely6e@soup.io,04575 Welch Street,39.77,2019-03-07 11:48:59
232,77,Pathak,P,aschwander6f@51.la,10756 Manufacturers Place,26.65,2019-12-18 22:29:13
233,99,Otenhajmer,O,akemshell6g@163.com,40 Washington Point,58.83,2019-07-28 10:59:02
234,30,Rahman,R,mdodshun6h@tamu.edu,6 High Crossing Plaza,24.01,2019-04-21 04:00:32
235,47,Pishchala,P,ablazej6i@msn.com,760 Larry Parkway,34.07,2019-02-27 11:31:42
236,74,Pishchala,P,dwomersley6j@reverbnation.com,66854 Brickson Park Parkway,66.19,2019-09-22 00:43:35
237,11,Maurizio,M,rfibbit6k@loc.gov,00950 Schurz Point,22.37,2019-10-11 08:54:17
238,6,Theiler,T,bivanin6l@sciencedirect.com,09 Jana Road,32.04,2019-06-06 11:54:48
239,10,Pathak,P,gharrowell6m@cisco.com,521 Fulton Road,46.84,2019-06-07 11:28:55
240,1,Sarvghadi,S,agillbe6n@devhub.com,24 Hovde Trail,68.47,2019-03-20 00:54:28
241,87,Rahman,R,jkineton6o@nationalgeographic.com,468 Westport Park,17.28,2019-02-02 17:43:54
242,,Waysocher,W,dgandrich6p@ox.ac.uk,564 Stang Place,78.32,2019-06-20 15:32:00
243,93,Zhuta,Z,npercy6q@thetimes.co.uk,9223 Oak Valley Place,58.17,2019-09-03 01:53:55
244,63,Predic,P,mrylett6r@live.com,207 Anderson Way,98.05,2019-08-16 19:07:53
245,4,Maurizio,M,zcomben6s@patch.com,817 Rusk Circle,13.61,2019-07-30 04:33:49
246,,Waysocher,W,erispine6t@loc.gov,1 Ramsey Street,78.39,2019-05-08 08:20:19
247,60,Rahman,R,sminmagh6u@miitbeian.gov.cn,72 Jay Park,40.41,2019-09-14 19:26:08
248,6,Rahman,R,rlaurence6v@360.cn,367 Autumn Leaf Point,76.44,2019-04-18 19:58:42
249,90,Pathak,P,tdilley6w@cmu.edu,4 Fair Oaks Crossing,22.05,2019-09-21 04:06:07
250,42,Soltani,S,fallston6x@zimbio.com,899 Towne Alley,27.42,2019-12-20 15:48:33
251,19,Freudenthaler,F,futterson6y@timesonline.co.uk,3 Ronald Regan Drive,97.76,2019-07-06 08:16:01
252,64,Zhuta,Z,eingry6z@jugem.jp,668 Ryan Parkway,83.92,2019-08-26 18:30:08
253,75,Najafiannasir,N,isharkey70@slideshare.net,00 High Crossing Point,47.63,2019-09-01 23:35:15
254,97,Galic,G,elatty71@amazon.com,499 7th Plaza,47.32,2019-11-07 15:04:49
255,30,Pishchala,P,peberz72@zdnet.com,705 Manitowish Street,78.76,2019-03-01 21:32:19
256,,Zhuta,Z,ajendrach73@aol.com,5759 Lyons Drive,14.48,2019-10-05 07:09:40
257,92,Rahman,R,aolijve74@netlog.com,1 Marcy Plaza,71.4,2019-08-31 19:36:53
258,90,Maurizio,M,klehrer75@desdev.cn,9431 Sauthoff Way,97.94,2019-01-04 02:41:27
259,80,Zhuta,Z,ccockshott76@narod.ru,2930 Hayes Center,59.33,2019-06-01 07:22:02
260,65,Zhuta,Z,dplanque77@reddit.com,0817 Fremont Plaza,32.69,2019-11-21 23:21:13
261,44,Rahman,R,obevan78@clickbank.net,47721 Haas Way,34.25,2019-07-20 03:10:15
262,36,Hedda,H,smurdie79@google.fr,61 Macpherson Court,52.72,2019-03-18 23:43:52
263,92,Pishchala,P,bbelin7a@mysql.com,791 American Junction,63.43,2019-07-13 05:43:47
264,41,Soltani,S,ktavner7b@usda.gov,358 Melrose Hill,48.03,2019-02-08 04:16:48
265,44,Pusch,P,alightbourn7c@nbcnews.com,60714 Fordem Street,61.95,2019-01-24 17:54:35
266,88,Varga,V,wsonley7d@ucoz.ru,50 Golden Leaf Alley,28.93,2019-03-29 18:57:42
267,99,Sepehri/Rad,S,mshenton7e@histats.com,69 Merry Hill,88.5,2019-04-03 10:32:49
268,63,Otenhajmer,O,rmccaghan7f@si.edu,78244 Northwestern Trail,66.13,2019-12-15 01:13:42
269,9,Soltani,S,roregan7g@omniture.com,5159 Anthes Hill,39.43,2019-09-22 05:06:42
270,42,Ertl-Winand,E,nbrugmann7h@indiegogo.com,535 Northview Drive,25.57,2019-10-11 04:17:08
271,9,Donhauser,D,ldemsey7i@google.ca,0 Lakewood Gardens Alley,12.55,2019-06-26 23:20:45
272,19,Sepehri/Rad,S,dbigby7j@paginegialle.it,33163 Hanover Center,42.42,2019-03-11 19:47:23
273,4,Varga,V,dclemo7k@mozilla.com,3738 Chive Drive,37.05,2019-10-16 02:59:27
274,,Pusch,P,istanfield7l@printfriendly.com,6300 Walton Way,16.08,2019-02-20 15:49:28
275,89,Zipser,Z,cstelfox7m@howstuffworks.com,6063 Grim Center,70.43,2019-08-23 21:34:09
276,57,Freudenthaler,F,rjoinson7n@businesswire.com,53 Clyde Gallagher Circle,68.57,2019-07-05 13:38:36
277,25,Ertl-Winand,E,hboggas7o@networksolutions.com,76822 Ridgeview Circle,64.28,2019-12-01 12:23:30
278,18,Rahman,R,mmantz7p@imageshack.us,2 Merrick Hill,59.95,2019-07-01 19:31:41
279,83,Zipser,Z,doshiel7q@webmd.com,5 Raven Way,37.92,2019-02-15 07:54:43
280,,Theiler,T,measum7r@discuz.net,0 Hollow Ridge Parkway,33.97,2019-09-17 17:04:21
281,97,Zhuta,Z,jorvis7s@sitemeter.com,4080 New Castle Pass,96.89,2019-08-23 15:50:32
282,45,Donhauser,D,gmartinson7t@de.vu,36567 Banding Point,16.92,2019-11-24 17:03:13
283,3,Mathes,M,aveldman7u@histats.com,978 Bartillon Point,95.74,2019-06-20 05:09:14
284,65,Zipser,Z,imaginn7v@hubpages.com,42 Marcy Crossing,40.41,2019-08-11 19:45:59
285,27,Sepehri/Rad,S,bkilbourne7w@sourceforge.net,086 Nancy Terrace,99.78,2019-05-15 19:42:29
286,65,Predic,P,ddavidowsky7x@globo.com,5 Gerald Terrace,44.35,2019-05-02 14:43:31
287,45,Zhuta,Z,acradick7y@amazon.de,356 Westport Road,89.03,2019-01-19 17:08:30
288,86,Mathes,M,rdewhirst7z@unicef.org,70174 Killdeer Street,45.55,2019-10-11 06:14:46
289,71,Pusch,P,vbalser80@ucoz.com,76 Barnett Road,45.9,2019-08-16 22:08:06
290,,Rahman,R,lchalles81@github.com,23 Sloan Drive,92.91,2019-01-09 08:45:10
291,,Sepehri/Rad,S,jhayers82@independent.co.uk,41 Lerdahl Parkway,44.07,2019-02-14 21:30:46
292,86,Akbari/Liavali,A,astclair83@ocn.ne.jp,441 Corry Circle,55.03,2019-07-14 05:41:19
293,40,Galic,G,smckeran84@jalbum.net,44169 Bluejay Avenue,26.68,2019-09-09 07:35:22
294,83,Waysocher,W,ahardesty85@feedburner.com,6170 Old Shore Trail,74.89,2019-05-31 15:38:27
295,20,Zhuta,Z,tgasking86@cornell.edu,0991 Melvin Place,71.67,2019-06-18 06:06:47
296,52,Maurizio,M,lvanderkruys87@infoseek.co.jp,2714 Dawn Road,80.38,2019-05-19 20:07:43
297,63,Soltani,S,npriden88@reverbnation.com,60 Eliot Street,51.32,2019-04-21 18:17:46
298,47,Zhuta,Z,edurdan89@unesco.org,9 Pennsylvania Point,38.32,2019-09-21 06:19:21
299,,Brugger,B,dorriss8a@hubpages.com,33 Jay Avenue,52.34,2019-07-26 07:56:05
300,25,Najafiannasir,N,egouck8b@columbia.edu,8 Westridge Drive,16.04,2019-05-25 13:16:34
301,80,Lazarevic,L,cmcgroarty8c@twitpic.com,44353 Sloan Lane,86.57,2019-11-18 11:16:55
302,100,Donhauser,D,schiechio8d@yandex.ru,3 2nd Junction,59.31,2019-04-24 08:55:54
303,64,Predic,P,tstillert8e@businessinsider.com,36874 Bluestem Point,32.1,2019-08-01 18:43:26
304,7,Zhuta,Z,eflounders8f@exblog.jp,8 Esker Avenue,44.43,2019-04-25 13:40:38
305,36,Sarvghadi,S,iszreter8g@infoseek.co.jp,76221 Ruskin Hill,98.63,2019-06-09 20:58:12
306,81,Galic,G,edeelay8h@pen.io,09914 Maple Wood Terrace,82.56,2019-07-12 18:36:06
307,20,Predic,P,cpostians8i@xrea.com,07 Ronald Regan Pass,39.46,2019-07-18 12:28:49
308,90,Sarvghadi,S,lwadley8j@moonfruit.com,03050 Lunder Circle,68.49,2019-01-07 08:37:03
309,89,Sepehri/Rad,S,gkinahan8k@umn.edu,3 Dahle Place,33.25,2019-04-23 22:08:16
310,63,Pusch,P,lpeetermann8l@jiathis.com,5 Mccormick Plaza,18.45,2019-01-01 12:44:25
311,67,Freudenthaler,F,pkanwell8m@chronoengine.com,73259 Dayton Circle,51.18,2019-09-13 20:41:38
312,84,Varga,V,wkreuzer8n@ifeng.com,315 Aberg Street,40.77,2019-09-25 22:58:27
313,81,Rahman,R,xmcmechan8o@virginia.edu,1798 Golf Hill,65.34,2019-06-13 12:50:45
314,7,Rahman,R,pcullabine8p@angelfire.com,3480 Ryan Place,76.54,2019-10-14 17:56:00
315,39,Rahman,R,gezzle8q@simplemachines.org,1421 Maryland Trail,82.33,2019-10-29 17:04:47
316,29,Pusch,P,mhurren8r@constantcontact.com,8 Donald Hill,21.43,2019-03-08 05:08:19
317,7,Maurizio,M,esarsons8s@senate.gov,1 Harper Road,56.53,2019-03-06 23:34:29
318,,Otenhajmer,O,dgutierrez8t@mit.edu,84097 Stuart Court,48.24,2019-01-23 06:06:48
319,59,Rahman,R,mkobieriecki8u@quantcast.com,458 Vera Circle,10.04,2019-10-03 17:20:06
320,16,Pathak,P,rcayette8v@hao123.com,5164 Nova Hill,24.33,2019-09-13 11:20:25
321,8,Pathak,P,fbransden8w@cocolog-nifty.com,1 Becker Pass,50.75,2019-08-04 04:59:34
322,80,Rahman,R,klowmass8x@nasa.gov,739 Buhler Point,84.51,2019-01-17 11:47:38
323,39,Sarvghadi,S,tmattioli8y@aol.com,49175 Burning Wood Crossing,53.24,2019-03-24 09:22:45
324,13,Theiler,T,edrable8z@linkedin.com,44364 Weeping Birch Hill,72.06,2019-01-24 08:15:07
325,15,Varga,V,llhommee90@weather.com,19347 Loftsgordon Junction,14.15,2019-04-03 11:29:43
326,30,Lazarevic,L,tmurdy91@is.gd,401 Veith Alley,30.68,2019-12-29 17:18:02
327,85,Galic,G,awarnes92@surveymonkey.com,85 Mcguire Court,67.16,2019-04-25 06:17:54
328,36,Zhuta,Z,jmalster93@blog.com,1 Nelson Parkway,83.1,2019-10-27 02:20:10
329,31,Sepehri/Rad,S,eruseworth94@umich.edu,9570 Troy Place,45.43,2019-10-15 01:37:05
330,56,Sarvghadi,S,jkennan95@netvibes.com,9 Kedzie Pass,11.98,2019-11-15 11:53:37
331,49,Zipser,Z,mbrownill96@blogs.com,72196 Heffernan Park,74.23,2019-12-02 20:17:07
332,99,Pathak,P,aedgeler97@psu.edu,73074 Service Center,17.3,2019-04-14 00:26:47
333,,Najafiannasir,N,lhayworth98@vk.com,16783 Lukken Trail,75.08,2019-11-22 22:15:23
334,,Theiler,T,mgawith99@canalblog.com,9 Sutherland Hill,82.52,2019-02-22 17:46:26
335,22,Maurizio,M,bdcosta9a@oracle.com,91 Becker Crossing,93.07,2019-10-15 16:14:08
336,28,Pishchala,P,vduhamel9b@ebay.com,48 Meadow Ridge Plaza,75.76,2019-02-20 19:34:19
337,55,Theiler,T,bwestby9c@gmpg.org,2742 Heffernan Hill,21.12,2019-05-31 18:54:30
338,62,Pathak,P,cfelmingham9d@weibo.com,36 Russell Avenue,32.81,2019-07-22 02:10:44
339,1,Najafiannasir,N,ihuton9e@theguardian.com,98 Killdeer Drive,15.61,2019-06-30 07:46:18
340,25,Theiler,T,hlovering9f@amazon.co.jp,34358 Anniversary Pass,19.76,2019-04-30 08:52:58
341,50,Theiler,T,dlegrave9g@aol.com,64 Arrowood Park,30.48,2019-04-20 02:36:08
342,99,Zipser,Z,ibellin9h@hc360.com,3 Washington Junction,13.4,2019-02-16 04:25:15
343,3,Ertl-Winand,E,bbritton9i@usa.gov,5518 Scofield Drive,27.28,2019-10-22 23:37:44
344,43,Sarvghadi,S,cmatuszyk9j@utexas.edu,332 Utah Way,34.96,2019-06-30 13:43:14
345,7,Pathak,P,dbonar9k@google.com.hk,9 Alpine Street,71.82,2019-12-11 09:39:18
346,,Soltani,S,mvalois9l@edublogs.org,23079 Independence Avenue,42.36,2019-07-18 00:46:07
347,53,Sarvghadi,S,sgallemore9m@artisteer.com,69 Bartelt Park,11.13,2019-09-16 16:22:49
348,77,Zhuta,Z,hmatasov9n@tiny.cc,6386 Moland Avenue,10.77,2019-07-15 02:41:16
349,4,Rahman,R,aruppertz9o@smh.com.au,6 Fordem Crossing,40.86,2019-11-16 18:19:27
350,96,Mathes,M,qlabdon9p@sun.com,5967 Lunder Point,70.71,2019-09-28 12:37:46
351,24,Mathes,M,pperfect9q@nbcnews.com,5980 Lukken Park,43.68,2019-08-04 10:10:29
352,92,Waysocher,W,tdalby9r@cnet.com,44244 Union Place,59.51,2019-09-15 20:36:44
353,72,Pathak,P,tphil9s@geocities.jp,13 Fordem Lane,30.24,2019-12-14 00:54:54
354,,Soltani,S,dcurrin9t@wisc.edu,24449 Hoard Alley,50.12,2019-03-10 03:03:35
355,46,Rahman,R,mlaxen9u@sohu.com,5 Lawn Court,46.36,2019-09-08 18:51:21
356,72,Galic,G,fvanderbaaren9v@booking.com,34303 Grasskamp Plaza,11.36,2019-01-15 01:14:12
357,21,Sarvghadi,S,imatveichev9w@foxnews.com,0 Kings Terrace,95.95,2019-04-24 01:27:11
358,15,Pusch,P,kthornthwaite9x@bloglines.com,482 Glacier Hill Lane,11.14,2019-01-29 09:56:45
359,22,Hedda,H,jpavy9y@com.com,58 Gulseth Terrace,75.33,2019-04-28 14:09:41
360,97,Otenhajmer,O,dnoakes9z@addthis.com,28 Messerschmidt Place,52.37,2019-06-04 20:36:48
361,47,Zhuta,Z,lbarliea0@gov.uk,06 Blackbird Avenue,79.32,2019-10-12 22:38:38
362,,Sarvghadi,S,apumphreya1@imageshack.us,97 Manufacturers Pass,27.38,2019-06-04 14:16:21
363,17,Varga,V,twoolfa2@princeton.edu,9227 Acker Point,62.96,2019-06-17 23:53:01
364,,Pathak,P,rlaileya3@omniture.com,883 Kings Park,10.64,2019-09-26 05:51:04
365,,Otenhajmer,O,phadwina4@deviantart.com,79 Jana Street,40.66,2019-06-29 01:15:46
366,36,Sarvghadi,S,gformiglia5@mtv.com,179 John Wall Junction,21.82,2019-11-24 02:18:53
367,58,Varga,V,tstrafena6@livejournal.com,54139 Mcguire Court,41.29,2019-06-21 02:13:18
368,71,Galic,G,syukhova7@feedburner.com,6 Towne Trail,65.5,2019-07-09 00:22:11
369,71,Rahman,R,cmanuela8@independent.co.uk,1 Walton Park,77.86,2019-08-04 00:47:31
370,40,Hedda,H,sbirta9@businessinsider.com,60 Pleasure Trail,86.4,2019-09-02 00:02:45
371,27,Theiler,T,dmchaffyaa@github.io,40 Bellgrove Parkway,28.36,2019-07-05 06:22:19
372,87,Donhauser,D,cjaggliab@linkedin.com,5805 Quincy Street,90.7,2019-12-09 00:21:45
373,27,Soltani,S,fsjostromac@google.fr,16057 Randy Crossing,16.86,2019-08-19 15:27:52
374,40,Otenhajmer,O,fcianiad@marriott.com,00 Buell Alley,27.52,2019-12-14 06:28:48
375,28,Sarvghadi,S,jgarnsworthae@psu.edu,6 Dennis Circle,37.52,2019-04-03 02:32:35
376,89,Sepehri/Rad,S,itomainiaf@unicef.org,1025 Grayhawk Lane,67.74,2019-10-28 10:30:57
377,47,Rahman,R,ugrimmolbyag@google.es,1 Monica Junction,69.07,2019-03-08 05:20:57
378,17,Sarvghadi,S,mislandah@huffingtonpost.com,5766 Mitchell Junction,67.54,2019-04-04 05:23:27
379,,Pathak,P,ltorelai@eepurl.com,176 Mayfield Trail,88.78,2019-09-17 01:19:07
380,50,Rahman,R,tevettsaj@pagesperso-orange.fr,221 6th Alley,62.32,2019-06-28 03:41:40
381,69,Zhuta,Z,hdickenak@nih.gov,06 Starling Road,68.56,2019-08-18 07:43:40
382,10,Pathak,P,lalwoodal@sun.com,4136 Canary Trail,96.81,2019-10-10 22:20:26
383,84,Maurizio,M,mrickardsam@vk.com,96490 Monica Park,60.33,2019-10-14 15:01:47
384,,Zipser,Z,dsaphan@oaic.gov.au,1 Anhalt Hill,80.02,2019-02-26 02:29:18
385,87,Rahman,R,asloatao@clickbank.net,7 Lillian Point,36.54,2019-07-31 20:02:30
386,38,Mathes,M,vthurlbornap@1und1.de,5 Arizona Drive,73.3,2019-04-22 01:00:44
387,92,Hirschhofer,H,mpyattaq@goo.gl,6 Southridge Circle,53.66,2019-11-17 15:39:51
388,78,Maurizio,M,tokeefear@shutterfly.com,74 Knutson Lane,26.06,2019-03-12 05:49:58
389,,Soltani,S,socklandas@webmd.com,7663 Harbort Drive,38.41,2019-08-02 15:09:52
390,9,Predic,P,ssolomonat@e-recht24.de,947 Anthes Center,41.81,2019-06-16 16:41:16
391,59,Varga,V,ajosselsonau@cyberchimps.com,7 Eagle Crest Circle,57.04,2019-02-13 23:51:38
392,22,Otenhajmer,O,dauklandav@epa.gov,1052 Weeping Birch Hill,13.26,2019-06-09 03:00:39
393,,Hedda,H,kkelseyaw@163.com,32 Lakeland Pass,79.2,2019-05-29 00:21:03
394,96,Predic,P,mhaffordax@list-manage.com,1764 Mesta Lane,79.62,2019-09-20 05:47:09
395,20,Rahman,R,hshintonay@wikimedia.org,49383 Schmedeman Court,27.59,2019-01-25 23:27:22
396,35,Freudenthaler,F,amaddraaz@youtu.be,2605 Mayer Circle,56.55,2019-08-17 02:38:39
397,,Sepehri/Rad,S,abyreb0@youtube.com,00379 7th Point,12.04,2019-09-18 14:02:40
398,91,Galic,G,cnickersonb1@mlb.com,5 Schiller Crossing,61.4,2019-06-23 03:50:50
399,35,Sarvghadi,S,jbolterb2@indiegogo.com,99357 Declaration Road,58.87,2019-08-23 15:56:51
400,26,Zipser,Z,fskentelberyb3@nbcnews.com,89 Barnett Point,81.38,2019-12-02 23:28:03
401,56,Pathak,P,agrayb4@rakuten.co.jp,29 Emmet Road,77.69,2019-07-21 17:02:13
402,3,Zipser,Z,jdikleb5@livejournal.com,789 Northwestern Terrace,91.47,2019-08-07 17:29:05
403,46,Galic,G,ndanovichb6@earthlink.net,9 Eggendart Junction,85.96,2019-09-10 11:39:40
404,36,Sepehri/Rad,S,dmorlonb7@netlog.com,3 Nova Plaza,37.53,2019-04-30 06:03:23
405,76,Pusch,P,vforsaithb8@linkedin.com,97 Schlimgen Hill,51.66,2019-08-31 15:16:34
406,,Freudenthaler,F,mraikerb9@lycos.com,0 Ryan Place,14.64,2019-10-25 03:39:41
407,72,Hirschhofer,H,wattenburrowba@baidu.com,32236 Waubesa Drive,36.44,2019-05-11 01:55:12
408,20,Pishchala,P,sellphbb@harvard.edu,40 Cottonwood Drive,45.73,2019-09-29 08:47:40
409,75,Sepehri/Rad,S,mdomicobc@tripadvisor.com,2770 Sycamore Place,91.98,2019-02-22 17:19:20
410,57,Pishchala,P,ljoseybd@weibo.com,0 Jackson Junction,68.17,2019-01-08 20:22:22
411,78,Ertl-Winand,E,cselleybe@abc.net.au,8 Mayer Avenue,97.53,2019-02-07 17:02:09
412,79,Maurizio,M,cdraperbf@canalblog.com,67 David Avenue,15.8,2019-07-10 21:12:22
413,45,Varga,V,dgrafhambg@statcounter.com,4 Cascade Plaza,18.01,2019-01-07 05:12:55
414,84,Zipser,Z,rvillaretbh@shop-pro.jp,2 Canary Circle,99.79,2019-11-03 11:42:26
415,64,Sarvghadi,S,mbulcroftbi@umn.edu,49284 Di Loreto Terrace,64.13,2019-05-13 07:47:56
416,24,Zipser,Z,mwessonbj@state.gov,9 Summerview Place,44.84,2019-01-31 16:39:19
417,58,Najafiannasir,N,lstonmanbk@blogger.com,4 Buell Lane,42.52,2019-04-27 13:48:17
418,90,Zipser,Z,nflaunierbl@alexa.com,49603 Mayer Street,48.76,2019-08-07 22:57:15
419,5,Otenhajmer,O,nbirtonshawbm@amazonaws.com,39086 Melody Terrace,13.27,2019-11-05 10:35:04
420,21,Rahman,R,awoolpertbn@nbcnews.com,08 Eagan Pass,77.29,2019-07-18 14:24:16
421,64,Najafiannasir,N,gbradbrookbo@geocities.jp,703 Donald Place,12.34,2019-07-06 06:16:03
422,71,Otenhajmer,O,sferrybp@blogtalkradio.com,03077 Brickson Park Place,70.79,2019-10-05 16:13:06
423,58,Rahman,R,lsellekbq@forbes.com,9 Thompson Way,92.53,2019-11-05 10:49:38
424,83,Zipser,Z,mphebybr@topsy.com,03 Division Court,58.31,2019-08-15 21:08:00
425,33,Barcza,B,pstanbrobs@about.com,61869 Homewood Alley,33.44,2019-09-28 07:30:53
426,68,Sepehri/Rad,S,iitzkovicibt@arstechnica.com,6949 Sheridan Court,64.94,2019-05-24 03:35:09
427,33,Varga,V,zmurdenbu@a8.net,319 Trailsway Drive,44.08,2019-12-03 06:52:00
428,,Varga,V,hcarffbv@cornell.edu,9 Michigan Trail,57.36,2019-03-09 20:59:24
429,82,Varga,V,btejadabw@sphinn.com,305 Myrtle Park,20.38,2019-12-21 13:57:33
430,98,Najafiannasir,N,mmcsaulbx@hhs.gov,7674 Lakewood Terrace,55.36,2019-08-21 13:53:34
431,10,Hedda,H,cjacobssonby@ow.ly,445 Autumn Leaf Trail,54.6,2019-11-04 11:57:21
432,48,Hirschhofer,H,krawlesbz@angelfire.com,6 Hooker Avenue,73.48,2019-01-16 21:44:48
433,82,Rahman,R,kguillotc0@ucsd.edu,6 Twin Pines Trail,18.9,2019-09-11 01:43:18
434,82,Pishchala,P,edickec1@fema.gov,4225 Parkside Terrace,69.32,2019-02-03 03:15:58
435,49,Zipser,Z,rmelmethc2@drupal.org,6438 Dixon Park,66.76,2019-02-28 13:07:20
436,79,Zipser,Z,hhawksbyc3@ehow.com,2167 Northwestern Trail,54.87,2019-06-29 18:11:01
437,100,Sepehri/Rad,S,nsheec4@github.com,127 Old Gate Point,80.23,2019-01-21 16:10:29
438,,Brugger,B,mlarrettc5@reuters.com,23629 Bashford Court,99.94,2019-12-06 16:01:40
439,56,Maurizio,M,ddelaharpec6@wikia.com,27 Pearson Center,84.2,2019-01-22 20:47:40
440,16,Hedda,H,xjouanninc7@reddit.com,1 Algoma Plaza,85.57,2019-01-19 18:25:24
441,2,Zhuta,Z,nbrinkmanc8@ustream.tv,76 Derek Street,81.53,2019-11-10 12:27:27
442,40,Otenhajmer,O,aminshallc9@netlog.com,30270 Weeping Birch Street,89.63,2019-10-29 10:26:22
443,,Ertl-Winand,E,dkibbyca@blogspot.com,143 Messerschmidt Drive,58.4,2019-05-01 11:47:28
444,82,Mathes,M,taberkirdocb@disqus.com,629 Burning Wood Crossing,84.43,2019-03-26 20:39:00
445,65,Sarvghadi,S,gberthotcc@blogger.com,8 Hagan Parkway,66.63,2019-07-18 22:26:19
446,,Rahman,R,epratencd@weebly.com,4579 Bluejay Way,76.64,2019-03-12 17:39:24
447,40,Zipser,Z,fvignece@gov.uk,152 Darwin Parkway,14.39,2019-09-29 20:21:44
448,26,Aminian,A,hodriscollcf@usgs.gov,4617 Melby Lane,21.46,2019-07-14 22:56:59
449,97,Rahman,R,tcalderoncg@mac.com,68 American Ash Parkway,29.22,2019-09-07 12:58:24
450,54,Waysocher,W,dchalkch@umn.edu,03388 Forest Run Avenue,72.35,2019-01-21 08:28:37
451,57,Zipser,Z,npaxtonci@google.it,10772 Loomis Parkway,98.94,2019-06-25 09:02:44
452,,Donhauser,D,oboultwoodcj@homestead.com,4798 Katie Road,98.55,2019-02-24 02:39:59
453,61,Waysocher,W,lpontonck@yahoo.com,16152 Warrior Lane,80.57,2019-06-12 09:57:52
454,80,Pishchala,P,tdowsoncl@twitter.com,48 Tennyson Terrace,65.14,2019-04-03 21:42:01
455,95,Galic,G,mgrenshieldscm@purevolume.com,30586 Michigan Road,75.53,2019-08-17 15:18:09
456,72,Waysocher,W,candrivelcn@google.cn,93 Northport Alley,39.55,2019-01-26 02:44:36
457,89,Predic,P,materidgeco@who.int,43 Summit Terrace,37.41,2019-10-03 06:00:33
458,8,Maurizio,M,ldomegancp@sogou.com,0779 Talmadge Court,97.01,2019-04-22 19:11:55
459,24,Najafiannasir,N,walsopcq@salon.com,466 Brickson Park Crossing,65.68,2019-02-25 23:38:11
460,96,Varga,V,cjurgencr@nasa.gov,748 Dennis Road,93.27,2019-09-18 06:44:54
461,,Hirschhofer,H,ctippellcs@seattletimes.com,088 Eagan Avenue,23.5,2019-11-13 23:47:01
462,35,Zhuta,Z,mmcpeetersct@wordpress.org,63267 Summer Ridge Crossing,58.96,2019-11-22 00:44:41
463,60,Sarvghadi,S,gforsbeycu@tripod.com,31 Schiller Road,63.56,2019-09-05 15:05:24
464,80,Waysocher,W,ghindenbergercv@1und1.de,18519 Golf Pass,95.76,2019-11-25 02:51:15
465,33,Varga,V,tbuttrumcw@jiathis.com,267 Bunker Hill Terrace,96.88,2019-06-12 08:34:35
466,86,Waysocher,W,clafflingcx@utexas.edu,7988 Gulseth Crossing,23.11,2019-09-07 13:05:41
467,52,Rahman,R,dtournaycy@deliciousdays.com,87904 Myrtle Street,37.18,2019-03-20 07:38:55
468,,Rahman,R,sspraggcz@toplist.cz,6 Norway Maple Drive,63.27,2019-09-22 06:24:18
469,65,Pathak,P,gcartmaled0@soup.io,665 David Crossing,68.4,2019-11-30 07:17:46
470,73,Freudenthaler,F,aketchelld1@sbwire.com,4 Sunfield Avenue,57.79,2019-02-08 08:40:33
471,36,Ertl-Winand,E,mruddiforthd2@elegantthemes.com,7 Dunning Crossing,41.65,2019-06-14 21:05:54
472,9,Hirschhofer,H,bslowlyd3@usa.gov,95 Algoma Crossing,36.97,2019-02-16 00:10:09
473,68,Zipser,Z,ayannd4@mediafire.com,5036 Summerview Place,77.17,2019-11-12 20:49:30
474,32,Theiler,T,bewensond5@ted.com,79335 Ruskin Terrace,16.83,2019-10-10 05:29:40
475,64,Rahman,R,aconsterdined6@cnbc.com,0584 Carioca Parkway,69.8,2019-05-13 00:07:04
476,,Theiler,T,asivierd7@nih.gov,117 8th Hill,32.23,2019-02-22 01:14:11
477,,Pathak,P,lmcileend8@theatlantic.com,4885 Kedzie Junction,13.78,2019-09-17 23:49:06
478,66,Rahman,R,mashwelld9@berkeley.edu,0931 Crownhardt Parkway,81.22,2019-10-08 15:03:59
479,83,Theiler,T,tartingstallda@independent.co.uk,542 Erie Plaza,34.43,2019-03-14 17:47:14
480,51,Theiler,T,glantuffdb@cnn.com,03403 Burning Wood Hill,23.55,2019-08-24 05:58:54
481,15,Sepehri/Rad,S,bchampedc@cnet.com,32 Alpine Drive,68.02,2019-03-19 10:35:16
482,1,Zhuta,Z,rcrippilldd@cbslocal.com,01 Jenna Hill,64.81,2019-09-20 19:05:50
483,81,Sarvghadi,S,vsanterde@cam.ac.uk,9 Pierstorff Crossing,36.62,2019-06-29 09:52:31
484,38,Barcza,B,aiashvilidf@huffingtonpost.com,3 Mcbride Trail,73.73,2019-07-19 23:19:24
485,28,Zipser,Z,cdeclerkdg@domainmarket.com,20691 Thierer Street,48.82,2019-08-13 15:34:42
486,1,Pishchala,P,lkrusedh@myspace.com,42202 Rigney Place,51.11,2019-01-08 01:34:12
487,51,Varga,V,lalbrookdi@spiegel.de,344 Surrey Place,42.45,2019-04-06 03:59:14
488,21,Freudenthaler,F,jrosenwalddj@seattletimes.com,61421 Arrowood Circle,80.61,2019-09-29 11:27:48
489,1,Zipser,Z,rcluleydk@dailymail.co.uk,01 Pond Lane,55.72,2019-01-05 00:59:49
490,25,Soltani,S,kyellanddl@weibo.com,57965 Dwight Parkway,93.72,2019-10-29 07:55:55
491,97,Varga,V,arapellidm@prnewswire.com,197 Carberry Center,25.84,2019-10-26 12:03:16
492,95,Soltani,S,achelamdn@feedburner.com,0881 Cottonwood Junction,50.75,2019-02-12 04:32:58
493,30,Soltani,S,rmeecedo@friendfeed.com,2 Loeprich Plaza,79.02,2019-05-24 05:09:55
494,64,Sepehri/Rad,S,cgillattdp@goo.gl,7 Sachs Street,52.92,2019-04-18 09:08:41
495,29,Zhuta,Z,lsitlingtondq@time.com,96624 Sloan Place,29.02,2019-09-05 17:47:10
496,39,Freudenthaler,F,bpentycrossdr@prweb.com,05 South Center,40.68,2019-01-27 13:21:06
497,23,Sepehri/Rad,S,kcadamyds@exblog.jp,6 Village Parkway,42.44,2019-03-24 00:14:49
498,45,Hedda,H,swallacedt@wisc.edu,69095 Cherokee Pass,24.52,2019-09-10 09:36:44
499,85,Ertl-Winand,E,mmoscodu@dot.gov,87997 Eliot Park,89.51,2019-06-03 18:01:19
500,4,Freudenthaler,F,knottramdv@yandex.ru,0 Evergreen Point,24.69,2019-02-28 10:14:29
501,82,Predic,P,hmceacherndw@reuters.com,7999 Continental Hill,92.01,2019-02-23 16:30:33
502,86,Sarvghadi,S,achidlerdx@zimbio.com,358 Farwell Lane,63.98,2019-03-25 18:43:32
503,42,Maurizio,M,dfluindy@nba.com,26152 Del Mar Trail,91.1,2019-06-30 21:40:36
504,45,Sarvghadi,S,kmaccroarydz@simplemachines.org,469 Loftsgordon Center,66.72,2019-03-22 08:56:47
505,20,Najafiannasir,N,dhukee0@sun.com,106 Huxley Point,84.18,2019-07-12 18:35:53
506,74,Theiler,T,rspringtorpee1@dailymotion.com,1148 Monterey Court,40.34,2019-11-26 10:09:41
507,,Theiler,T,ccicchilloe2@alibaba.com,4 Evergreen Pass,38.8,2019-07-19 12:26:14
508,77,Sarvghadi,S,rcoote3@epa.gov,86 Meadow Vale Terrace,97.6,2019-07-09 15:51:59
509,25,Pathak,P,owillshiree4@youku.com,13504 Twin Pines Terrace,67.21,2019-11-09 19:29:57
510,10,Zhuta,Z,awalbye5@gnu.org,2629 5th Center,79.46,2019-12-12 04:19:22
511,83,Pusch,P,qsammese6@sourceforge.net,908 Sutteridge Park,99.8,2019-03-21 19:48:35
512,80,Maurizio,M,sambroziake7@drupal.org,39288 Stone Corner Circle,49.06,2019-04-02 18:15:31
513,92,Pusch,P,gcrushe8@washington.edu,89 Caliangt Circle,19.95,2019-03-28 08:22:58
514,74,Zhuta,Z,cberforde9@nba.com,17 Stephen Terrace,40.66,2019-08-22 06:15:29
515,29,Maurizio,M,trollerea@mysql.com,77 Schurz Avenue,57.05,2019-06-10 04:11:22
516,71,Theiler,T,rsparrowhawkeb@liveinternet.ru,28680 Carpenter Park,38.63,2019-08-05 08:21:08
517,5,Otenhajmer,O,rabyssec@a8.net,163 Derek Center,23.54,2019-09-27 07:33:10
518,20,Sepehri/Rad,S,ayateed@ft.com,63648 Di Loreto Place,17.08,2019-10-27 20:24:52
519,8,Mathes,M,aashenhurstee@twitpic.com,0464 Sommers Pass,54.6,2019-07-16 08:55:43
520,19,Predic,P,fbaumef@homestead.com,02 Montana Trail,10.91,2019-11-24 16:46:37
521,21,Theiler,T,jstickingseg@ihg.com,19 Declaration Terrace,39.56,2019-07-26 03:25:56
522,83,Zipser,Z,tpavloviceh@tripod.com,97903 Express Point,77.63,2019-05-22 15:17:23
523,,Freudenthaler,F,dhupkaei@goo.gl,67041 Old Gate Parkway,97.93,2019-04-05 17:56:41
524,77,Otenhajmer,O,adabbesej@techcrunch.com,2823 Grover Terrace,56.05,2019-04-01 01:51:13
525,29,Zipser,Z,wjeayesek@quantcast.com,1 Becker Parkway,36.39,2019-05-23 06:15:11
526,22,Freudenthaler,F,bpilkintonel@youtube.com,06554 Luster Junction,30.07,2019-09-11 16:39:55
527,89,Rahman,R,titchinghamem@cafepress.com,9 Luster Center,31.42,2019-08-02 00:01:04
528,82,Varga,V,tmillikenen@engadget.com,0 Anderson Way,46.67,2019-10-29 04:30:45
529,76,Theiler,T,jhorlickeo@icio.us,9078 Burrows Street,86.74,2019-04-04 07:58:41
530,65,Otenhajmer,O,oaccombep@washington.edu,9864 Jay Parkway,61.89,2019-10-04 02:33:46
531,69,Soltani,S,rkopeckaeq@hibu.com,89924 Johnson Alley,89.27,2019-02-23 12:17:03
532,1,Zhuta,Z,mdearsleyer@google.co.uk,4 Moose Alley,18.8,2019-10-13 08:30:47
533,90,Efimov,E,bguiues@gmpg.org,4 Heath Park,42.45,2019-07-16 22:04:32
534,27,Hedda,H,nmeddowset@geocities.jp,94 Schmedeman Parkway,41.05,2019-10-22 04:28:27
535,75,Theiler,T,pknoleseu@wikia.com,94 Village Hill,88.04,2019-09-14 17:56:44
536,56,Maurizio,M,oguidottiev@tumblr.com,2 Waubesa Hill,76.42,2019-02-28 04:48:09
537,,Sarvghadi,S,cpepysew@tmall.com,68 Loftsgordon Trail,48.38,2019-06-16 13:02:39
538,77,Zhuta,Z,fcuniamex@icq.com,417 Twin Pines Circle,54.96,2019-07-16 21:10:10
539,29,Hedda,H,mvendittiey@youtu.be,1061 Shoshone Terrace,91.55,2019-11-10 13:33:15
540,,Mathes,M,ngewerez@github.io,98300 Hansons Lane,51.56,2019-01-05 23:23:42
541,16,Pathak,P,hdanielef0@reuters.com,48 Southridge Street,13.78,2019-12-30 09:58:10
542,,Zhuta,Z,nmarshfieldf1@ihg.com,16071 Texas Pass,41.44,2019-12-19 09:42:20
543,79,Rahman,R,nkonkef2@nydailynews.com,2 Heffernan Place,90.53,2019-11-14 09:05:32
544,52,Pusch,P,fbolleyf3@simplemachines.org,8265 Artisan Street,74.3,2019-12-07 23:29:57
545,28,Sarvghadi,S,lmayheadf4@behance.net,5343 Hansons Park,74.98,2019-11-02 23:08:44
546,90,Galic,G,hdandof5@slashdot.org,1 Anniversary Way,43.91,2019-08-21 03:48:17
547,56,Varga,V,drosengartenf6@gov.uk,15761 Derek Way,78.96,2019-12-07 11:16:51
548,52,Sepehri/Rad,S,gboggesf7@statcounter.com,39387 Randy Crossing,38.74,2019-01-28 19:26:59
549,9,Hedda,H,lmillmoref8@ft.com,386 Loftsgordon Pass,23.87,2019-08-12 16:37:26
550,10,Pathak,P,ctohillf9@tinyurl.com,75 Hanover Terrace,97.95,2019-08-11 12:53:31
551,67,Najafiannasir,N,csweedfa@wp.com,27 Milwaukee Street,68.35,2019-01-22 19:08:13
552,13,Lazarevic,L,lfredyfb@nasa.gov,5519 Bay Court,37.07,2019-02-26 13:41:42
553,41,Maurizio,M,jwoolensfc@dell.com,97 Green Ridge Crossing,88.56,2019-06-15 09:03:23
554,,Theiler,T,mkobpacfd@mozilla.org,3 Dakota Terrace,53.89,2019-09-28 11:08:43
555,81,Pusch,P,mebdenfe@prweb.com,444 Delaware Alley,42.47,2019-11-07 12:09:28
556,57,Zhuta,Z,mreedsff@exblog.jp,00 Cardinal Trail,33.68,2019-03-26 18:09:39
557,89,Lazarevic,L,zduguefg@cam.ac.uk,40 Sutherland Street,97.75,2019-03-07 00:57:34
558,82,Lazarevic,L,vpeersfh@slate.com,23 Ilene Hill,32.15,2019-02-22 23:09:56
559,49,Sarvghadi,S,tcuredellfi@cornell.edu,574 Maywood Plaza,66.37,2019-04-24 12:29:23
560,,Theiler,T,oheathcottfj@senate.gov,7748 Rockefeller Hill,25.57,2019-09-16 22:58:18
561,53,Rahman,R,sboschmannfk@wisc.edu,8618 Lukken Lane,66.62,2019-03-07 16:35:11
562,,Zhuta,Z,mspurdensfl@purevolume.com,23722 Cardinal Street,14.33,2019-03-31 07:14:22
563,20,Zhuta,Z,dobbardfm@unblog.fr,08 Chive Court,91.33,2019-09-09 06:14:16
564,94,Lazarevic,L,fstapleyfn@godaddy.com,15160 Logan Alley,89.3,2019-09-27 03:59:29
565,51,Theiler,T,gjordansonfo@canalblog.com,1099 Autumn Leaf Lane,43.12,2019-10-26 04:54:56
566,98,Rahman,R,cfedorchenkofp@lulu.com,16 Tennessee Parkway,98.67,2019-12-28 23:59:29
567,51,Rahman,R,bguidonifq@technorati.com,322 Thierer Parkway,21.36,2019-02-10 15:51:26
568,96,Pathak,P,weaglandfr@chronoengine.com,0979 Red Cloud Avenue,47.42,2019-08-01 06:56:28
569,26,Predic,P,maldayfs@irs.gov,9722 Forest Center,74.91,2019-06-14 04:26:10
570,59,Pishchala,P,bcarlillft@accuweather.com,56441 Mariners Cove Center,40.96,2019-02-20 14:57:53
571,37,Theiler,T,kesomfu@a8.net,857 Welch Trail,26.76,2019-09-29 13:38:48
572,,Sarvghadi,S,smakenfv@google.co.uk,0688 Eagan Way,99.86,2019-04-11 14:28:02
573,,Predic,P,dbatchellorfw@nature.com,119 Maple Road,28.02,2019-10-08 03:15:07
574,56,Theiler,T,bmilvertonfx@mapquest.com,81 Mayer Junction,67.16,2019-07-03 09:07:12
575,34,Theiler,T,lslimmonfy@uol.com.br,9 Fieldstone Road,20.98,2019-07-31 16:51:19
576,19,Pathak,P,sskittlefz@yandex.ru,8 Roth Road,29.24,2019-06-04 12:41:21
577,16,Zhuta,Z,acockertong0@yandex.ru,53 Shelley Hill,82.88,2019-05-24 07:32:08
578,56,Rahman,R,kpeagramg1@e-recht24.de,2757 Dottie Junction,27.62,2019-08-04 00:47:47
579,48,Galic,G,ccassidyg2@unc.edu,44 Portage Junction,52.91,2019-05-26 18:25:49
580,37,Najafiannasir,N,lburrettg3@etsy.com,717 Dawn Hill,17.46,2019-11-14 21:40:42
581,39,Waysocher,W,ahalvorseng4@last.fm,71 Thierer Plaza,77.63,2019-11-16 00:07:01
582,12,Zhuta,Z,esitwellg5@bing.com,178 Transport Terrace,93.08,2019-03-04 04:34:41
583,58,Pishchala,P,sgallegosg6@ezinearticles.com,8 Ridgeview Center,49.13,2019-12-14 06:33:08
584,50,Pathak,P,amcgilbong7@vk.com,542 Buell Pass,56.36,2019-02-02 04:23:05
585,39,Pishchala,P,lfolkerg8@amazon.co.jp,062 Orin Drive,52.19,2019-07-15 12:39:14
586,86,Freudenthaler,F,wdargang9@csmonitor.com,8678 Duke Terrace,63.57,2019-03-28 05:15:51
587,97,Galic,G,gflacknellga@elegantthemes.com,6591 Oxford Road,63.46,2019-06-08 22:56:48
588,75,Mathes,M,ghoodlessgb@aboutads.info,687 Portage Drive,45.8,2019-04-01 12:54:57
589,90,Maurizio,M,ahagardgc@quantcast.com,481 Parkside Court,78.23,2019-03-28 08:24:59
590,58,Sarvghadi,S,skennangd@instagram.com,1 Brentwood Point,86.79,2019-01-08 05:01:23
591,41,Ertl-Winand,E,hcousinsge@hexun.com,969 Bellgrove Way,71.64,2019-05-06 09:48:58
592,10,Hedda,H,pwoodesgf@domainmarket.com,73 Clarendon Terrace,88.36,2019-04-30 22:57:26
593,18,Hirschhofer,H,adottrellgg@stumbleupon.com,0 Clyde Gallagher Parkway,95.99,2019-12-20 23:04:52
594,11,Soltani,S,mslyfordgh@princeton.edu,0506 Sauthoff Place,75.88,2019-05-29 02:53:57
595,54,Sarvghadi,S,lsimononskygi@mail.ru,3 Blackbird Trail,52.68,2019-05-24 17:44:29
596,23,Theiler,T,cjanwaygj@mtv.com,31477 Bowman Junction,70.73,2019-08-23 04:54:13
597,,Najafiannasir,N,schavringk@deliciousdays.com,19 Fair Oaks Center,88.38,2019-12-07 07:41:21
598,20,Sarvghadi,S,blathegl@google.com,60545 Kingsford Trail,87.9,2019-09-02 06:05:21
599,100,Pusch,P,jlemongm@youtube.com,63 Burrows Center,82.65,2019-04-01 02:10:59
600,85,Maurizio,M,gmcguffoggn@hostgator.com,6552 Holy Cross Plaza,74.56,2019-02-19 23:50:45
601,27,Pathak,P,epaskgo@geocities.com,27 Coleman Hill,62.99,2019-01-22 04:26:23
602,3,Sarvghadi,S,tgavinigp@ucla.edu,201 Tennyson Street,74.01,2019-11-10 21:47:10
603,47,Zhuta,Z,pridingsgq@tamu.edu,75818 Hagan Crossing,79.81,2019-03-18 15:54:35
604,25,Zipser,Z,awinnardgr@mapquest.com,56 Larry Alley,23.12,2019-02-12 18:05:49
605,39,Otenhajmer,O,theadleygs@pcworld.com,065 Golf Course Point,78.79,2019-10-29 21:24:58
606,73,Hedda,H,rmeinsgt@php.net,13891 Laurel Avenue,18.84,2019-06-23 22:51:27
607,10,Theiler,T,bbromilowgu@webeden.co.uk,85123 Killdeer Park,63.83,2019-09-12 07:12:33
608,,Rahman,R,hpollengv@globo.com,5 Sullivan Street,34.02,2019-11-23 19:43:16
609,40,Otenhajmer,O,cmollisongw@cnet.com,3606 Hovde Terrace,57.33,2019-04-08 02:32:07
610,96,Waysocher,W,eyouellgx@answers.com,11 Eastwood Hill,90.94,2019-11-26 11:13:13
611,23,Varga,V,apietzkegy@barnesandnoble.com,5 Upham Hill,57.81,2019-07-26 13:05:59
612,63,Zipser,Z,abonygz@people.com.cn,084 Mendota Drive,33.59,2019-01-31 19:11:18
613,59,Rahman,R,emackillh0@usgs.gov,1130 Stuart Pass,18.45,2019-10-06 19:45:24
614,91,Soltani,S,fstraughanh1@uol.com.br,9 Fisk Lane,32.64,2019-02-09 09:22:35
615,38,Varga,V,dstenyngh2@phpbb.com,99910 Rockefeller Alley,60.83,2019-12-09 12:07:18
616,36,Lazarevic,L,ecoucherh3@biglobe.ne.jp,5521 Surrey Alley,41.28,2019-11-24 05:53:04
617,66,Predic,P,mfairbournh4@youtube.com,317 Stone Corner Crossing,59.29,2019-02-03 08:15:26
618,91,Sepehri/Rad,S,kwetherheadh5@list-manage.com,43 2nd Way,27.99,2019-02-07 23:22:10
619,7,Soltani,S,jgorckeh6@bloglovin.com,700 Holmberg Park,15.8,2019-11-20 04:16:52
620,1,Zhuta,Z,cboutflourh7@theglobeandmail.com,919 Golf Course Point,18.65,2019-10-08 18:18:58
621,84,Soltani,S,amilsonh8@cnn.com,5559 Luster Park,14.04,2019-09-10 10:50:15
622,35,Rahman,R,lextonh9@addthis.com,6177 Crownhardt Circle,27.22,2019-09-23 01:14:41
623,56,Rahman,R,bgoranovha@arstechnica.com,3745 Gina Crossing,80.07,2019-08-24 07:22:02
624,21,Sepehri/Rad,S,amcilwreathhb@opensource.org,979 Forest Dale Alley,26.6,2019-11-18 13:42:39
625,89,Sarvghadi,S,pmouldshc@un.org,47 Thompson Avenue,31.61,2019-05-24 01:50:38
626,26,Donhauser,D,ublackmanhd@ifeng.com,2 Westridge Lane,11.52,2019-11-20 06:11:03
627,34,Rahman,R,dhindenburghe@ucoz.ru,754 Talisman Drive,39.99,2019-05-12 19:47:35
628,47,Otenhajmer,O,ymatejkahf@purevolume.com,15 Dapin Road,48.14,2019-11-23 08:51:51
629,72,Theiler,T,gmartinihg@acquirethisname.com,7 Anthes Alley,77.89,2019-04-10 20:24:19
630,14,Pusch,P,nvalintinehh@hubpages.com,44941 Bartelt Drive,57.03,2019-08-03 04:37:24
631,8,Soltani,S,spoleshi@opera.com,7118 Harper Way,16.08,2019-08-09 13:36:16
632,21,Donhauser,D,lchesherhj@engadget.com,3 Lunder Point,45.3,2019-08-15 09:31:28
633,95,Najafiannasir,N,shenburyhk@etsy.com,01017 Ronald Regan Circle,99.88,2019-02-19 14:03:24
634,66,Pusch,P,awhitcombhl@myspace.com,51 Westridge Junction,43.93,2019-09-04 08:14:06
635,75,Hirschhofer,H,mpardihm@technorati.com,8 Merchant Place,32.7,2019-07-18 13:43:16
636,2,Theiler,T,fzavattarihn@facebook.com,58595 Thierer Parkway,49.3,2019-02-17 22:36:50
637,89,Varga,V,fformigliho@sogou.com,1659 Orin Plaza,73.29,2019-12-05 02:27:34
638,36,Sepehri/Rad,S,lkibbeyhp@xinhuanet.com,71 Mccormick Circle,66.34,2019-01-16 23:57:28
639,84,Galic,G,vmarflitthq@cornell.edu,161 Saint Paul Court,47.7,2019-08-03 07:37:11
640,13,Zipser,Z,nwelshhr@cdc.gov,054 Oakridge Center,12.44,2019-09-24 11:26:22
641,28,Waysocher,W,fdevineyhs@xinhuanet.com,9172 Fremont Street,51.11,2019-02-20 15:32:56
642,66,Pathak,P,dlacroutsht@engadget.com,506 Green Ridge Road,26.06,2019-06-15 07:28:44
643,40,Rahman,R,jfirbankshu@theguardian.com,6 Portage Avenue,78.4,2019-06-28 01:01:30
644,48,Sepehri/Rad,S,jcoolinghv@constantcontact.com,62 Montana Park,36.83,2019-09-19 01:44:19
645,51,Najafiannasir,N,callothw@smugmug.com,37 Little Fleur Way,94.54,2019-04-25 14:13:51
646,47,Rahman,R,cconyardhx@usda.gov,287 Eastlawn Road,92.08,2019-10-24 19:11:08
647,49,Zipser,Z,ilennardehy@zimbio.com,8 Artisan Hill,75.83,2019-06-01 18:13:33
648,93,Ertl-Winand,E,efryhz@wired.com,8613 Summerview Hill,74.18,2019-02-08 02:52:04
649,55,Otenhajmer,O,rsimionei0@1und1.de,9 Huxley Hill,43.96,2019-07-28 23:23:50
650,14,Pusch,P,omorstatti1@psu.edu,8106 Union Terrace,65.82,2019-07-25 22:12:07
651,58,Maurizio,M,hrutleyi2@zimbio.com,375 Loeprich Pass,14.1,2019-06-12 20:19:59
652,86,Hedda,H,rpetrovici3@noaa.gov,68 Lotheville Terrace,43.48,2019-05-12 03:51:37
653,40,Pusch,P,lnielsoni4@princeton.edu,9574 Hoepker Alley,18.7,2019-08-22 16:14:11
654,36,Brugger,B,dpawelkei5@ted.com,76338 Morningstar Park,32.78,2019-07-26 22:02:38
655,93,Brugger,B,agritskovi6@surveymonkey.com,0222 Dovetail Trail,53.14,2019-05-15 16:10:52
656,72,Varga,V,gbartelsellisi7@foxnews.com,2 Ruskin Road,33.43,2019-10-21 03:34:16
657,16,Soltani,S,jheijneni8@sciencedirect.com,139 Onsgard Terrace,89.85,2019-09-17 08:36:22
658,38,Otenhajmer,O,fraini9@trellian.com,5 Miller Crossing,97.7,2019-11-07 09:05:44
659,42,Lazarevic,L,kmarshalia@pagesperso-orange.fr,712 Toban Terrace,88.33,2019-08-14 13:49:54
660,7,Lazarevic,L,ihandoverib@weather.com,873 Fallview Hill,84.17,2019-09-26 22:21:58
661,52,Pishchala,P,kpitkaithlyic@google.com.br,637 Florence Alley,76.62,2019-10-05 12:42:52
662,31,Varga,V,wmcboyleid@dot.gov,17171 Chinook Drive,24.04,2019-04-18 10:23:03
663,3,Rahman,R,mromerie@sakura.ne.jp,08 Homewood Alley,32.84,2019-04-02 03:23:35
664,54,Sepehri/Rad,S,kechif@ustream.tv,88517 Roth Alley,37.64,2019-07-12 09:12:31
665,92,Ertl-Winand,E,egehrtzig@marketwatch.com,594 Knutson Crossing,67.11,2019-11-21 10:47:11
666,,Otenhajmer,O,bguppeyih@odnoklassniki.ru,4141 Granby Point,31.93,2019-10-18 17:11:18
667,25,Najafiannasir,N,rlethlayii@whitehouse.gov,915 Nobel Alley,47.03,2019-10-02 15:10:31
668,31,Pathak,P,klambinij@123-reg.co.uk,4 Rutledge Street,73.29,2019-07-29 14:48:44
669,91,Sepehri/Rad,S,epressnellik@bravesites.com,6 Saint Paul Street,39.2,2019-07-04 11:07:47
670,100,Rahman,R,ccockittil@mapquest.com,163 Westridge Alley,62.85,2019-12-02 10:43:24
671,66,Pathak,P,elehrim@mozilla.com,65281 Hazelcrest Trail,44.13,2019-06-18 18:14:28
672,73,Zhuta,Z,sfalconarin@bloglines.com,6491 Dawn Street,70.13,2019-03-05 09:24:25
673,25,Predic,P,mdoleyio@ifeng.com,706 Graedel Drive,56.35,2019-09-18 12:52:55
674,46,Rahman,R,kwillgrassip@harvard.edu,69745 Arrowood Crossing,47.97,2019-12-02 08:38:18
675,66,Hedda,H,ftestoiq@acquirethisname.com,430 Del Sol Road,27.74,2019-08-02 13:30:32
676,48,Waysocher,W,ghamshereir@discovery.com,98 Golf Pass,15.04,2019-03-28 04:53:40
677,48,Najafiannasir,N,lblanqueis@gmpg.org,88171 Porter Road,25.4,2019-03-16 20:16:51
678,85,Rahman,R,jhasslocherit@oracle.com,629 Fordem Street,46.86,2019-10-23 20:15:39
679,23,Waysocher,W,qrosenfarbiu@dropbox.com,19 Fuller Drive,85.01,2019-06-22 19:02:41
680,24,Varga,V,tboateriv@dagondesign.com,7 School Road,99.68,2019-12-27 00:35:26
681,,Predic,P,sterreyiw@diigo.com,3935 Hayes Point,96.75,2019-08-17 15:16:08
682,48,Rahman,R,santonescuix@ning.com,70453 Commercial Point,75.85,2019-05-31 19:57:37
683,91,Hirschhofer,H,jpedgriftiy@blogger.com,81 Namekagon Place,79.05,2019-10-11 15:57:00
684,7,Varga,V,jdenshamiz@typepad.com,31062 Heffernan Drive,93.56,2019-06-14 16:13:19
685,83,Rahman,R,rsammutj0@mail.ru,0850 4th Circle,93.54,2019-03-02 11:54:24
686,81,Zipser,Z,qrefordj1@rakuten.co.jp,0212 Menomonie Drive,95.65,2019-11-16 06:47:52
687,8,Najafiannasir,N,stitheringtonj2@imdb.com,2 Vermont Junction,72.86,2019-12-30 00:46:21
688,13,Sepehri/Rad,S,thandrickj3@nih.gov,003 Merchant Junction,27.33,2019-08-17 17:12:58
689,62,Pathak,P,mdegoeyj4@discovery.com,4906 Dunning Drive,92.29,2019-03-09 15:41:32
690,5,Freudenthaler,F,ndomninj5@flickr.com,3 Anniversary Hill,31.59,2019-08-15 08:42:13
691,72,Hedda,H,nlavissj6@gravatar.com,30209 Spohn Alley,48.99,2019-12-26 07:05:56
692,83,Hirschhofer,H,swatkinj7@chron.com,72657 Coleman Drive,47.99,2019-03-21 10:18:53
693,,Soltani,S,bmordeyj8@reference.com,50828 Becker Crossing,54.32,2019-05-17 19:40:30
694,42,Zhuta,Z,svasnetsovj9@php.net,1 Heath Place,43.45,2019-01-03 11:33:20
695,,Maurizio,M,cacedoja@un.org,7828 Bobwhite Crossing,78.29,2019-04-18 07:55:46
696,38,Zhuta,Z,mennionjb@hhs.gov,7 Schiller Point,73.72,2019-09-10 07:16:06
697,5,Theiler,T,tzumbuschjc@imdb.com,06785 Ramsey Drive,72.77,2019-08-04 21:15:01
698,,Zipser,Z,slippiettjd@slate.com,62842 Stuart Hill,73.29,2019-03-08 14:15:56
699,52,Zhuta,Z,lschleswigholsteinje@quantcast.com,14384 Lien Crossing,15.53,2019-04-07 22:14:35
700,84,Waysocher,W,hscottesmoorjf@stumbleupon.com,6051 Larry Trail,15.42,2019-04-07 02:20:56
701,52,Zhuta,Z,fvanderbruggejg@yelp.com,627 South Court,78.01,2019-04-03 05:22:19
702,,Sepehri/Rad,S,dberanjh@hugedomains.com,3 Graedel Place,26.0,2019-12-13 18:09:10
703,73,Pusch,P,dlehucquetji@topsy.com,98 Northport Avenue,77.5,2019-06-28 13:39:23
704,21,Mathes,M,arogersjj@cnet.com,75453 Hudson Place,17.76,2019-08-15 11:43:03
705,10,Najafiannasir,N,amaclarenjk@pen.io,7 Tomscot Pass,20.34,2019-06-21 09:27:20
706,77,Mathes,M,rmillingtonjl@apache.org,7 Butterfield Court,55.97,2019-07-08 16:52:50
707,42,Otenhajmer,O,btampinjm@wordpress.org,57506 Dryden Circle,71.26,2019-06-07 09:45:55
708,76,Theiler,T,fswitlandjn@unesco.org,0 Dryden Circle,96.71,2019-04-20 03:27:45
709,,Zipser,Z,aromaninjo@miitbeian.gov.cn,999 Hooker Road,78.57,2019-09-02 03:13:39
710,8,Najafiannasir,N,kcastjp@mac.com,065 Superior Court,42.17,2019-06-11 03:56:08
711,36,Rahman,R,ithursfieldjq@com.com,383 New Castle Point,82.82,2019-12-16 08:36:25
712,,Maurizio,M,lpavettjr@cdc.gov,3 Johnson Lane,21.44,2019-03-18 05:14:55
713,70,Maurizio,M,pmaffijs@cyberchimps.com,8 David Trail,45.54,2019-03-01 03:07:12
714,45,Soltani,S,epetscheltjt@mayoclinic.com,425 Fairview Way,56.14,2019-09-01 00:57:41
715,83,Rahman,R,mbreewoodju@wp.com,73359 Susan Plaza,30.55,2019-01-13 15:57:19
716,19,Predic,P,tthomersonjv@t-online.de,9404 Valley Edge Junction,10.21,2019-06-10 11:18:18
717,58,Waysocher,W,scatherinejw@parallels.com,6432 Saint Paul Junction,70.91,2019-07-07 04:04:59
718,19,Maurizio,M,cbloggjx@thetimes.co.uk,051 Sauthoff Road,45.39,2019-03-06 03:44:30
719,73,Rahman,R,bcloyjy@wikimedia.org,2073 Reindahl Trail,68.94,2019-02-25 10:03:19
720,58,Waysocher,W,rorbinejz@npr.org,9327 Schurz Drive,74.32,2019-03-17 01:37:02
721,26,Varga,V,mgarterk0@clickbank.net,8 Kenwood Crossing,31.79,2019-04-22 19:47:01
722,1,Rahman,R,lveltmannk1@aboutads.info,2 Pine View Center,63.72,2019-10-14 16:05:16
723,55,Sepehri/Rad,S,olittlejohnsk2@360.cn,2 Continental Point,62.41,2019-02-20 21:05:15
724,86,Pathak,P,mnormavellk3@e-recht24.de,753 Sunnyside Circle,88.8,2019-12-26 06:31:55
725,99,Sarvghadi,S,tedisk4@cmu.edu,00 Grasskamp Road,31.4,2019-08-23 09:16:40
726,85,Varga,V,rgernierk5@twitpic.com,71763 Orin Hill,30.27,2019-12-18 19:22:53
727,61,Maurizio,M,dobeirnek6@hhs.gov,5 Hazelcrest Junction,39.43,2019-12-30 09:35:50
728,71,Pathak,P,boldeyk7@ftc.gov,29058 Troy Road,34.72,2019-01-30 15:01:29
729,,Pishchala,P,akitcherk8@fastcompany.com,78575 Doe Crossing Drive,11.84,2019-10-26 18:23:03
730,,Otenhajmer,O,ewheatmank9@zimbio.com,5 Glacier Hill Trail,16.1,2019-02-16 00:28:47
731,71,Zhuta,Z,pvosska@bbc.co.uk,22692 Raven Terrace,42.75,2019-01-22 14:59:23
732,,Freudenthaler,F,ljuhrukekb@dropbox.com,948 Lighthouse Bay Court,45.21,2019-10-01 16:35:41
733,51,Pathak,P,epellantkc@symantec.com,884 Manitowish Parkway,22.98,2019-05-08 04:31:46
734,29,Pathak,P,amurielkd@google.de,936 Dayton Avenue,64.65,2019-09-25 21:42:23
735,85,Akbari/Liavali,A,adanilevichke@npr.org,99177 Pierstorff Way,74.15,2019-07-02 21:04:27
736,,Mathes,M,plewrykf@symantec.com,805 Sycamore Hill,60.51,2019-12-19 08:31:55
737,46,Pathak,P,cbolwellkg@google.com.br,1667 Prairie Rose Lane,68.27,2019-12-20 21:13:27
738,47,Otenhajmer,O,oomannionkh@eventbrite.com,41 Portage Lane,59.96,2019-12-13 18:00:15
739,94,Akbari/Liavali,A,btissingtonki@bbc.co.uk,58124 Grover Alley,98.63,2019-07-20 05:01:12
740,30,Zhuta,Z,kdwanekj@microsoft.com,6 Kenwood Road,43.92,2019-07-31 23:14:20
741,,Rahman,R,kcorderokk@photobucket.com,91802 Wayridge Parkway,34.0,2019-06-23 00:39:54
742,26,Sepehri/Rad,S,moakmankl@chicagotribune.com,46746 7th Alley,82.04,2019-11-28 07:22:42
743,56,Donhauser,D,bwolseykm@blogspot.com,7925 School Lane,79.65,2019-01-08 11:53:06
744,94,Efimov,E,jfernandezkn@bizjournals.com,884 Macpherson Drive,18.04,2019-08-22 17:40:30
745,,Zipser,Z,rmashalko@studiopress.com,0 Kensington Circle,22.5,2019-01-21 12:42:11
746,44,Varga,V,astollkp@nytimes.com,42464 Armistice Trail,17.23,2019-06-01 03:43:16
747,14,Theiler,T,nwindruskq@mayoclinic.com,969 Mosinee Hill,73.81,2019-08-16 10:03:52
748,83,Rahman,R,fcomminskr@bing.com,01 Lillian Trail,33.43,2019-08-11 09:09:23
749,92,Zhuta,Z,gdilrewks@unblog.fr,282 Miller Plaza,23.83,2019-01-10 08:13:50
750,87,Zipser,Z,bgerramkt@cbsnews.com,0143 Buhler Road,76.22,2019-07-01 07:30:31
751,78,Zipser,Z,mvinnickku@mysql.com,284 Lotheville Parkway,65.93,2019-11-22 12:32:41
752,98,Sepehri/Rad,S,ubairstowkv@ovh.net,83653 2nd Hill,21.49,2019-05-14 09:25:48
753,22,Mathes,M,cworsallkw@answers.com,582 Drewry Point,48.58,2019-10-26 11:43:29
754,96,Varga,V,rtongekx@ustream.tv,3220 Calypso Drive,77.21,2019-12-18 03:15:30
755,75,Najafiannasir,N,dflearky@upenn.edu,3400 Dapin Drive,14.65,2019-03-06 08:09:54
756,27,Sepehri/Rad,S,gleballkz@yelp.com,23020 Sutteridge Trail,52.97,2019-10-28 05:42:00
757,68,Soltani,S,rcaesmansl0@nationalgeographic.com,87942 Oakridge Center,74.71,2019-05-28 08:44:12
758,34,Otenhajmer,O,emintriml1@hhs.gov,2001 Mockingbird Alley,32.82,2019-09-08 21:08:21
759,37,Hirschhofer,H,sbillionl2@paypal.com,145 Memorial Hill,27.69,2019-08-28 14:42:25
760,11,Pishchala,P,gpesakl3@usatoday.com,97 Reinke Center,47.61,2019-12-29 17:13:20
761,75,Zipser,Z,lpenhearowl4@columbia.edu,76376 Lyons Trail,46.04,2019-06-14 03:43:50
762,33,Najafiannasir,N,amilesl5@reference.com,98370 Shasta Drive,58.25,2019-02-08 11:51:25
763,29,Pishchala,P,mmapplesl6@shareasale.com,6 Packers Drive,68.85,2019-07-16 02:45:27
764,85,Sarvghadi,S,dniscol7@who.int,45486 Manufacturers Point,28.56,2019-06-05 12:10:31
765,3,Lazarevic,L,nbrighousel8@prnewswire.com,342 Clarendon Hill,58.79,2019-10-30 15:00:30
766,34,Zipser,Z,hkirknessl9@usa.gov,6 Northwestern Pass,61.55,2019-03-04 01:01:41
767,75,Soltani,S,tkimblinla@purevolume.com,848 Magdeline Court,42.89,2019-03-24 11:02:44
768,88,Theiler,T,kriteleylb@acquirethisname.com,79823 Toban Crossing,21.5,2019-09-05 16:57:49
769,,Brugger,B,kbarghlc@multiply.com,8560 Corry Plaza,97.71,2019-12-12 09:59:35
770,,Sepehri/Rad,S,lmerietld@i2i.jp,590 Leroy Road,94.15,2019-07-20 03:47:20
771,50,Rahman,R,hjarrardle@myspace.com,21502 La Follette Alley,15.56,2019-07-14 20:00:44
772,10,Hirschhofer,H,jlakemanlf@t-online.de,993 Merry Park,65.94,2019-06-24 18:01:20
773,44,Hedda,H,riacobaccilg@behance.net,5973 Orin Court,57.49,2019-11-11 14:56:40
774,51,Ertl-Winand,E,hmozzinilh@reverbnation.com,11551 Scoville Lane,60.79,2019-07-16 14:17:11
775,,Predic,P,cgilffillanli@arstechnica.com,656 Almo Point,16.49,2019-06-17 10:26:57
776,66,Pathak,P,bsauralj@phoca.cz,486 Everett Way,51.48,2019-06-11 21:52:57
777,12,Zhuta,Z,nvernhamlk@constantcontact.com,2 2nd Parkway,95.61,2019-07-30 14:43:06
778,4,Waysocher,W,ebrimblell@marketwatch.com,8 Northview Center,50.61,2019-04-07 09:48:36
779,84,Varga,V,pwaymanlm@technorati.com,3464 Bayside Point,22.14,2019-04-14 18:47:03
780,35,Maurizio,M,mbagottln@ezinearticles.com,7 Larry Alley,22.37,2019-02-12 11:30:25
781,100,Zipser,Z,zcutresslo@skyrock.com,03738 Declaration Hill,79.58,2019-07-05 17:41:37
782,,Zhuta,Z,jpumphreyslp@phpbb.com,59 Westend Circle,28.18,2019-12-09 06:26:10
783,72,Efimov,E,pdundonlq@answers.com,330 Dapin Alley,63.83,2019-11-18 23:28:27
784,9,Rahman,R,tmarcoolynlr@paginegialle.it,323 Briar Crest Parkway,27.97,2019-04-29 10:31:38
785,23,Varga,V,ddegiorgisls@nifty.com,2 Hallows Circle,98.68,2019-07-24 14:36:31
786,89,Otenhajmer,O,jhindmorelt@merriam-webster.com,098 Main Pass,54.33,2019-08-01 23:34:06
787,67,Otenhajmer,O,hdelahuntylu@example.com,4114 Victoria Lane,82.55,2019-01-07 23:28:18
788,59,Lazarevic,L,eliddelllv@surveymonkey.com,821 Huxley Drive,96.76,2019-10-19 18:41:55
789,24,Otenhajmer,O,cneadslw@sun.com,11 Norway Maple Trail,73.82,2019-05-19 11:58:59
790,37,Otenhajmer,O,hfayerslx@themeforest.net,6274 Gerald Pass,69.34,2019-03-05 11:18:45
791,,Najafiannasir,N,bgollyly@amazon.co.jp,90 Bluejay Street,81.36,2019-01-22 15:55:27
792,60,Pishchala,P,kpeasegoodlz@weibo.com,5346 Pawling Road,94.34,2019-05-03 21:46:27
793,44,Maurizio,M,ycastagnom0@yandex.ru,318 Elmside Crossing,31.52,2019-09-25 00:17:35
794,51,Maurizio,M,ysiemonm1@netvibes.com,9 Almo Trail,92.79,2019-12-24 20:11:41
795,46,Rahman,R,zpallism2@netscape.com,31 4th Point,12.71,2019-03-28 13:13:26
796,48,Pusch,P,chaukeym3@nationalgeographic.com,7191 3rd Junction,38.35,2019-10-27 13:01:17
797,86,Mathes,M,imucklestonem4@irs.gov,8 Swallow Junction,14.82,2019-02-20 15:47:55
798,60,Lazarevic,L,jdryburghm5@prlog.org,78 Buena Vista Terrace,38.68,2019-07-09 09:43:59
799,,Barcza,B,slabinm6@hibu.com,118 High Crossing Lane,81.06,2019-06-26 11:02:20
800,,Zhuta,Z,jkennawaym7@economist.com,9208 Sauthoff Trail,45.51,2019-10-14 06:47:42
801,58,Zipser,Z,nbarrickm8@mtv.com,2918 Lerdahl Avenue,73.01,2019-11-26 03:55:51
802,4,Otenhajmer,O,msambedgem9@storify.com,34 Buena Vista Circle,66.81,2019-01-10 11:29:48
803,53,Ertl-Winand,E,bocahernyma@simplemachines.org,7452 Westridge Place,23.98,2019-12-05 16:42:24
804,84,Pathak,P,acroutearmb@google.ru,13 Moulton Street,43.63,2019-10-12 08:38:10
805,78,Pishchala,P,ldunlapmc@time.com,157 Florence Hill,72.36,2019-10-11 20:31:42
806,64,Soltani,S,wmacshirriemd@eventbrite.com,321 Chinook Terrace,43.68,2019-05-23 13:40:56
807,22,Sepehri/Rad,S,mdyeme@upenn.edu,971 Eagle Crest Park,52.41,2019-08-06 13:05:21
808,36,Zipser,Z,mworsallsmf@businessinsider.com,369 Anzinger Center,93.88,2019-08-28 18:34:57
809,39,Donhauser,D,gpitcaithlymg@blogs.com,848 Basil Place,57.74,2019-03-04 08:15:09
810,3,Rahman,R,cwealdmh@clickbank.net,5 Cordelia Pass,21.49,2019-09-24 19:07:00
811,13,Theiler,T,vroycroftmi@xing.com,72 Express Avenue,21.12,2019-01-06 09:48:24
812,25,Soltani,S,ncasieromj@hhs.gov,596 South Hill,26.79,2019-12-20 03:15:40
813,100,Sarvghadi,S,afitzroymk@adobe.com,278 Vera Hill,62.34,2019-11-14 22:13:04
814,97,Hedda,H,smarzelleml@geocities.com,18 Magdeline Court,98.92,2019-11-06 06:53:04
815,,Sarvghadi,S,lthackeraymm@youtu.be,66869 Acker Alley,54.43,2019-04-12 23:33:19
816,,Zhuta,Z,abrombellmn@desdev.cn,4982 Michigan Park,84.84,2019-08-16 06:34:49
817,70,Rahman,R,mradbornemo@rambler.ru,40638 Lakewood Gardens Court,34.24,2019-12-30 20:46:07
818,75,Waysocher,W,jbleacklymp@weibo.com,79245 Hayes Junction,13.3,2019-06-26 21:00:42
819,48,Sarvghadi,S,emarkovicmq@state.tx.us,776 John Wall Hill,22.7,2019-10-03 09:39:27
820,70,Zhuta,Z,pledgertonmr@so-net.ne.jp,6 Onsgard Plaza,39.74,2019-07-06 13:19:41
821,89,Najafiannasir,N,ciredalems@msu.edu,32 Sullivan Street,26.38,2019-03-18 07:13:25
822,99,Pathak,P,dsmithemanmt@nasa.gov,19 Upham Crossing,97.54,2019-09-05 01:14:57
823,93,Soltani,S,hbalmermu@delicious.com,7 Pankratz Street,13.32,2019-02-08 19:37:19
824,23,Pathak,P,proskamsmv@engadget.com,6 Chive Alley,45.55,2019-01-04 05:39:40
825,,Zipser,Z,mguildermw@dropbox.com,9 Orin Lane,33.15,2019-01-09 11:43:55
826,14,Zhuta,Z,lpoyntermx@nationalgeographic.com,92870 Surrey Trail,24.88,2019-04-09 13:31:39
827,,Donhauser,D,jglossopmy@xing.com,1 Hayes Plaza,79.48,2019-07-30 22:49:16
828,4,Zhuta,Z,btenpennymz@businessinsider.com,4505 Maryland Road,89.91,2019-02-25 05:39:30
829,59,Rahman,R,dcarsn0@pbs.org,9 1st Road,40.85,2019-05-06 05:38:36
830,24,Najafiannasir,N,dtrenbayn1@hatena.ne.jp,70201 Ramsey Street,83.12,2019-02-21 22:04:10
831,85,Waysocher,W,sstephensn2@delicious.com,2701 Hintze Parkway,17.2,2019-06-04 22:23:47
832,7,Theiler,T,cbasterfieldn3@w3.org,148 Green Ridge Alley,12.12,2019-09-19 22:18:45
833,79,Soltani,S,dgreedn4@mashable.com,5615 Grover Street,59.5,2019-05-12 03:28:45
834,44,Hedda,H,afauntn5@cisco.com,566 Forest Dale Pass,68.92,2019-06-01 23:29:12
835,31,Varga,V,elanfranconin6@gizmodo.com,48951 Union Lane,58.15,2019-07-28 05:27:11
836,32,Varga,V,slodwign7@ebay.co.uk,0470 Sunnyside Hill,39.4,2019-06-30 13:34:35
837,11,Freudenthaler,F,dpaolon8@spotify.com,6889 Annamark Parkway,31.88,2019-06-28 15:14:19
838,46,Soltani,S,pdicten9@i2i.jp,0195 Clove Hill,94.49,2019-03-08 22:46:52
839,49,Soltani,S,jjammesna@oakley.com,50578 Merry Place,10.84,2019-05-19 23:59:20
840,95,Efimov,E,jlanslynb@ihg.com,85 John Wall Trail,52.93,2019-01-02 01:14:33
841,55,Zipser,Z,tdecreuzenc@skyrock.com,120 Forest Run Point,51.05,2019-11-03 22:41:55
842,48,Predic,P,bmalatalantnd@rediff.com,8 Alpine Pass,32.51,2019-03-25 17:26:58
843,76,Freudenthaler,F,rconcannonne@merriam-webster.com,060 Talisman Drive,87.81,2019-01-01 09:02:12
844,14,Zhuta,Z,ikitleenf@ucla.edu,6 Stoughton Point,95.56,2019-02-14 00:28:08
845,48,Sepehri/Rad,S,drawlesng@github.io,8 Mifflin Avenue,28.44,2019-09-25 23:23:38
846,55,Pusch,P,lvittenh@dyndns.org,7287 Pepper Wood Parkway,21.19,2019-02-21 04:36:58
847,34,Waysocher,W,twoolveridgeni@europa.eu,39 Mcguire Junction,46.01,2019-11-17 11:50:11
848,42,Sarvghadi,S,lgreetlandnj@about.me,4 Westend Avenue,16.57,2019-07-17 10:19:28
849,64,Zipser,Z,svillaltank@apple.com,6 Brickson Park Pass,72.64,2019-09-19 22:46:02
850,,Varga,V,cmawnenl@yellowpages.com,584 Sugar Parkway,85.31,2019-12-28 13:13:05
851,88,Rahman,R,mpondenm@twitter.com,86481 Graedel Way,46.33,2019-08-19 18:41:39
852,60,Brugger,B,dpostillnn@youtu.be,0538 Springs Park,52.45,2019-06-09 03:22:48
853,,Maurizio,M,ltuttno@woothemes.com,489 East Parkway,58.61,2019-12-29 11:29:02
854,95,Pusch,P,ihopfernp@cnbc.com,9472 Jenifer Plaza,18.18,2019-11-22 06:06:59
855,95,Predic,P,mmalacridanq@fastcompany.com,4 Blaine Terrace,82.83,2019-07-13 18:31:41
856,35,Predic,P,pfrazernr@biblegateway.com,803 American Ash Circle,19.09,2019-03-04 09:50:27
857,18,Najafiannasir,N,vbouldonns@gov.uk,7 Prentice Circle,99.43,2019-10-26 00:29:45
858,40,Maurizio,M,sseabrightnt@wikipedia.org,3 Meadow Ridge Point,42.46,2019-07-14 23:04:16
859,88,Ertl-Winand,E,sleadstonnu@amazon.co.jp,8 Cardinal Park,12.72,2019-10-17 07:25:33
860,9,Zipser,Z,gdumphreysnv@posterous.com,18960 Bunting Plaza,81.77,2019-01-29 20:24:49
861,4,Zhuta,Z,tgreguolinw@archive.org,08225 Manitowish Junction,46.01,2019-02-05 20:50:22
862,17,Hirschhofer,H,jbiaggettinx@earthlink.net,04 Transport Junction,99.47,2019-01-04 21:30:18
863,50,Varga,V,fdesantosny@netscape.com,7421 Packers Crossing,55.49,2019-08-05 09:31:45
864,22,Barcza,B,rpumphreysnz@eventbrite.com,1962 Lawn Lane,54.74,2019-08-04 21:36:20
865,46,Efimov,E,chearneso0@myspace.com,89658 Loftsgordon Center,77.98,2019-01-20 18:18:12
866,58,Varga,V,rpyzero1@dell.com,0 Wayridge Street,77.75,2019-07-29 22:53:53
867,92,Pathak,P,fdjokovico2@hp.com,893 American Circle,37.92,2019-07-06 02:00:01
868,,Sepehri/Rad,S,tgrelako3@twitter.com,092 Algoma Street,25.63,2019-06-25 22:08:39
869,,Pusch,P,sgodingo4@toplist.cz,88 Hauk Crossing,10.76,2019-06-14 00:06:04
870,75,Maurizio,M,gmartenseno5@soundcloud.com,87094 Harbort Way,21.69,2019-04-30 14:36:15
871,45,Pathak,P,mcausleyo6@1688.com,84214 Garrison Crossing,55.73,2019-09-01 08:21:45
872,76,Efimov,E,drizzardio7@smugmug.com,9222 Knutson Junction,74.84,2019-02-08 06:24:05
873,2,Pishchala,P,jkerwicko8@ezinearticles.com,51 Pierstorff Lane,42.94,2019-07-20 21:39:41
874,78,Sarvghadi,S,pserruriero9@twitter.com,36 Maple Point,65.66,2019-03-10 18:33:05
875,,Zipser,Z,gmacdavittoa@icq.com,16053 Meadow Vale Hill,27.84,2019-02-08 23:40:24
876,13,Sarvghadi,S,dalsoppob@devhub.com,30247 Anzinger Crossing,58.56,2019-11-17 10:22:34
877,55,Predic,P,cninehamoc@wired.com,05 Calypso Crossing,39.37,2019-07-22 07:39:40
878,52,Lazarevic,L,gabbeyod@weibo.com,17 Warner Park,41.82,2019-10-21 06:36:34
879,36,Pishchala,P,cpadillaoe@icio.us,8 Brentwood Trail,35.95,2019-04-21 17:11:42
880,45,Varga,V,ecatherineof@google.co.uk,80 Carberry Hill,78.99,2019-06-15 13:42:08
881,53,Donhauser,D,ffairestog@a8.net,36 Oneill Park,23.68,2019-06-25 13:52:02
882,12,Rahman,R,fcalderonellooh@hibu.com,21 Prentice Avenue,38.22,2019-08-16 23:51:34
883,5,Zipser,Z,rbinesoi@networkadvertising.org,3 Maryland Park,77.79,2019-11-29 23:10:08
884,50,Maurizio,M,rrijkeseisoj@cbc.ca,77865 Badeau Plaza,75.73,2019-12-07 13:42:44
885,65,Pathak,P,kblackebyok@oracle.com,764 Bluejay Street,20.26,2019-01-28 23:06:57
886,48,Mathes,M,gmaciaol@homestead.com,43 Morningstar Plaza,88.18,2019-11-05 02:58:11
887,10,Mathes,M,drennoxom@marketwatch.com,80043 Westport Way,40.88,2019-05-22 10:00:30
888,96,Soltani,S,proxbroughon@uol.com.br,7 Di Loreto Point,49.59,2019-03-09 18:58:51
889,,Galic,G,kthiolieroo@com.com,5 Springs Park,15.08,2019-01-18 11:53:25
890,74,Efimov,E,gblaaschop@washingtonpost.com,507 Spenser Place,27.77,2019-03-25 00:40:01
891,13,Soltani,S,agolsworthyoq@facebook.com,30518 Lakeland Alley,94.3,2019-01-01 03:28:11
892,52,Efimov,E,swillertonor@cisco.com,37 Shopko Parkway,73.0,2019-06-26 12:58:43
893,72,Soltani,S,sjeanonos@shinystat.com,3 Michigan Point,37.24,2019-05-23 08:46:37
894,17,Sarvghadi,S,efloundersot@xing.com,9694 Debra Court,68.68,2019-02-23 04:29:13
895,57,Mathes,M,libanezou@cornell.edu,72 Colorado Road,48.13,2019-12-08 23:59:21
896,86,Predic,P,lreisenov@homestead.com,5855 Red Cloud Trail,32.39,2019-02-10 18:06:46
897,73,Theiler,T,smallalieuow@harvard.edu,6805 Gateway Point,85.1,2019-11-24 12:42:44
898,4,Predic,P,cmurkusox@51.la,6 Judy Point,93.69,2019-04-15 22:16:06
899,74,Otenhajmer,O,stomaszkiewiczoy@deviantart.com,4136 Ludington Road,60.63,2019-10-19 07:31:57
900,30,Waysocher,W,ctowneroz@youku.com,52617 Main Parkway,49.99,2019-02-26 14:22:42
901,50,Hedda,H,awhilep0@unesco.org,87 Warrior Trail,13.3,2019-01-30 10:42:31
902,75,Varga,V,kstembridgep1@wp.com,8768 Kim Junction,78.15,2019-03-27 07:21:52
903,98,Donhauser,D,mbatsonp2@cbc.ca,94590 Summer Ridge Junction,35.22,2019-10-20 14:50:14
904,84,Aminian,A,lgowdyp3@senate.gov,5 Anthes Way,63.97,2019-02-20 21:40:58
905,83,Efimov,E,ritzkinp4@shop-pro.jp,341 Duke Hill,59.47,2019-05-17 21:15:23
906,44,Soltani,S,cmcmenamiep5@nasa.gov,59085 Debs Parkway,13.39,2019-08-23 01:23:28
907,17,Zhuta,Z,leverleyp6@intel.com,3 Norway Maple Circle,56.01,2019-08-13 10:47:58
908,42,Donhauser,D,jmanvellp7@dell.com,2202 Waubesa Hill,80.72,2019-03-21 07:26:42
909,,Sepehri/Rad,S,nnorriep8@yandex.ru,903 Haas Drive,49.03,2019-02-24 16:08:04
910,32,Theiler,T,ajowittp9@diigo.com,942 Bashford Pass,12.5,2019-07-22 01:13:13
911,41,Zhuta,Z,mannottpa@tripod.com,87 7th Lane,47.51,2019-03-20 00:21:50
912,83,Predic,P,jmcmainspb@canalblog.com,080 Portage Court,86.72,2019-04-30 15:31:47
913,17,Rahman,R,abealspc@microsoft.com,50628 Springview Circle,43.45,2019-08-23 15:23:39
914,9,Pishchala,P,nclinkpd@mediafire.com,42146 Columbus Trail,33.55,2019-12-20 06:18:54
915,44,Zipser,Z,abalhatchetpe@surveymonkey.com,846 Holy Cross Parkway,47.9,2019-01-28 15:42:10
916,69,Maurizio,M,kdurtnalpf@sun.com,19724 Jana Park,45.12,2019-07-17 11:31:02
917,68,Waysocher,W,wapplebeepg@ucoz.com,5274 Sheridan Crossing,27.3,2019-12-04 22:31:25
918,29,Varga,V,mpesslerph@intel.com,26 Del Mar Trail,44.47,2019-03-14 19:41:41
919,87,Zhuta,Z,cbadderpi@php.net,511 Darwin Parkway,12.76,2019-01-06 10:48:28
920,62,Soltani,S,dcristofaropj@webmd.com,1401 Park Meadow Drive,93.53,2019-09-12 04:01:56
921,,Zipser,Z,asmedmoorpk@geocities.jp,65314 Scott Way,23.39,2019-01-21 08:51:46
922,7,Mathes,M,bvonderemptenpl@cargocollective.com,550 Macpherson Street,48.7,2019-06-23 01:35:45
923,,Zipser,Z,bspittlepm@squidoo.com,6 Homewood Way,13.12,2019-05-08 22:16:20
924,79,Freudenthaler,F,mtyremanpn@mayoclinic.com,6920 Springs Junction,83.62,2019-12-02 08:35:00
925,16,Predic,P,idingsdalepo@wiley.com,4 Thackeray Lane,70.38,2019-10-08 01:37:53
926,76,Zipser,Z,thowtopreservepp@europa.eu,186 Mcguire Center,79.86,2019-06-21 03:09:24
927,4,Varga,V,tkeighlypq@dropbox.com,66624 Steensland Point,65.62,2019-06-16 03:47:38
928,24,Lazarevic,L,plindeboompr@yolasite.com,1093 Talmadge Park,45.53,2019-12-05 02:25:09
929,62,Mathes,M,cdreganps@unesco.org,8 Scoville Crossing,39.35,2019-02-16 05:38:47
930,90,Zhuta,Z,rwhybraypt@webs.com,96617 Kinsman Way,38.63,2019-01-06 22:34:51
931,81,Rahman,R,agladdifhpu@geocities.jp,624 Northridge Park,34.18,2019-10-30 20:39:44
932,97,Maurizio,M,plantuffpv@weibo.com,3012 Kensington Terrace,75.25,2019-06-29 02:48:36
933,97,Predic,P,yduferiepw@imdb.com,8 Texas Terrace,81.86,2019-07-06 06:38:04
934,,Soltani,S,madcockspx@tinyurl.com,5488 Bobwhite Hill,75.17,2019-07-11 03:32:50
935,,Sepehri/Rad,S,kbidgoodpy@people.com.cn,1927 Clove Avenue,70.61,2019-07-25 12:11:26
936,91,Otenhajmer,O,jgherardellipz@wsj.com,44 Sycamore Road,61.63,2019-10-16 11:49:12
937,33,Mathes,M,anisbithq0@sciencedaily.com,993 Golf Course Pass,38.07,2019-12-10 00:50:02
938,18,Freudenthaler,F,agrebnerq1@huffingtonpost.com,7 Messerschmidt Plaza,60.46,2019-01-11 05:05:00
939,2,Waysocher,W,dharrowingq2@nbcnews.com,122 Continental Crossing,44.24,2019-04-23 19:11:49
940,47,Pishchala,P,btreskeq3@mozilla.org,32 Golden Leaf Road,84.38,2019-06-01 21:20:16
941,41,Pathak,P,jlambieq4@ox.ac.uk,9348 Eastlawn Avenue,21.27,2019-08-06 20:48:57
942,96,Maurizio,M,rgermaineq5@opensource.org,5 Texas Circle,52.94,2019-08-15 22:24:39
943,18,Waysocher,W,sharbertq6@upenn.edu,1065 Michigan Junction,63.45,2019-07-20 15:26:12
944,83,Najafiannasir,N,scrowneq7@state.tx.us,64 8th Junction,61.84,2019-07-12 18:20:05
945,39,Predic,P,gvanderspohrq8@hostgator.com,93104 Ohio Junction,78.18,2019-01-22 16:05:23
946,88,Najafiannasir,N,cscathardq9@un.org,738 Knutson Plaza,99.48,2019-08-24 21:54:18
947,7,Rahman,R,jfayreqa@google.com,28146 Londonderry Drive,81.27,2019-12-25 22:43:07
948,44,Najafiannasir,N,ksliteqb@java.com,80 Charing Cross Drive,20.65,2019-12-23 22:10:03
949,82,Zipser,Z,stomaskovqc@kickstarter.com,48 Lawn Alley,50.95,2019-03-09 11:24:22
950,44,Rahman,R,dlamlinqd@goo.gl,48 Dawn Street,91.93,2019-07-16 21:28:57
951,,Hirschhofer,H,edeblasioqe@myspace.com,9120 Logan Crossing,39.17,2019-09-02 04:59:48
952,92,Lazarevic,L,epounsettqf@arstechnica.com,30 North Court,70.41,2019-04-30 01:40:57
953,4,Mathes,M,owellsqg@woothemes.com,388 Green Ridge Place,98.0,2019-01-29 09:52:53
954,88,Sarvghadi,S,jfaichnieqh@bbc.co.uk,9 Lillian Place,21.55,2019-12-19 06:53:41
955,98,Soltani,S,jsoutheranqi@booking.com,68 Scott Parkway,88.07,2019-10-29 04:51:29
956,90,Rahman,R,jmarklundqj@amazon.co.jp,4304 Northfield Drive,79.14,2019-05-01 22:49:49
957,61,Hedda,H,kmcgenisqk@china.com.cn,0 Burrows Parkway,12.75,2019-10-06 05:27:42
958,98,Soltani,S,kmealiffeql@wired.com,77 Spohn Point,34.56,2019-09-12 15:11:15
959,95,Predic,P,blongmuirqm@imageshack.us,4696 Stuart Avenue,90.2,2019-01-08 09:45:08
960,62,Zipser,Z,mpoggqn@fotki.com,3 Grover Terrace,37.94,2019-11-30 16:19:11
961,87,Predic,P,sdeboyqo@tmall.com,1 Sugar Lane,84.79,2019-01-29 03:14:06
962,24,Zipser,Z,jovittsqp@tuttocitta.it,054 Blaine Center,32.51,2019-05-17 12:05:49
963,78,Waysocher,W,vforcadeqq@com.com,9 Fordem Drive,77.04,2019-03-12 21:20:54
964,87,Rahman,R,msaleryqr@acquirethisname.com,26 Havey Lane,49.48,2019-10-30 09:50:38
965,,Lazarevic,L,cbansalqs@smugmug.com,0107 Truax Parkway,90.62,2019-07-13 12:39:32
966,84,Hedda,H,rsleichtqt@patch.com,9665 Stuart Plaza,72.44,2019-12-30 15:45:40
967,22,Sarvghadi,S,bcockingqu@newyorker.com,05993 Sage Drive,93.75,2019-08-07 08:24:14
968,79,Maurizio,M,akennaqv@istockphoto.com,97 Killdeer Avenue,88.05,2019-10-19 21:07:43
969,41,Pishchala,P,cbeddonqw@live.com,607 Stoughton Court,35.32,2019-01-24 16:55:56
970,83,Pusch,P,aibelqx@storify.com,67 Merchant Way,51.61,2019-11-12 12:08:46
971,74,Hirschhofer,H,kpenwardenqy@nasa.gov,1 Lyons Alley,50.85,2019-10-03 16:02:18
972,62,Pusch,P,sgoftonqz@senate.gov,9283 Hayes Street,71.39,2019-03-02 16:47:46
973,53,Pishchala,P,lhorcher0@wiley.com,4 Superior Lane,12.3,2019-01-03 03:54:35
974,28,Zhuta,Z,lfilochovr1@independent.co.uk,416 Bartillon Parkway,33.97,2019-11-05 01:51:46
975,61,Zhuta,Z,cblasir2@ifeng.com,25909 Shelley Center,11.59,2019-01-20 09:15:02
976,97,Efimov,E,egarteryr3@theatlantic.com,79 Northland Junction,88.65,2019-07-17 07:31:11
977,,Ertl-Winand,E,sgallacherr4@free.fr,12 Rowland Center,97.94,2019-07-20 09:32:02
978,32,Rahman,R,mdenekampr5@phoca.cz,76504 Shelley Crossing,63.82,2019-02-21 13:15:24
979,45,Ertl-Winand,E,cstorrr6@ehow.com,70636 American Ash Terrace,84.6,2019-06-19 18:51:50
980,,Barcza,B,cheughr7@yelp.com,1769 Oakridge Way,59.19,2019-06-26 16:45:25
981,72,Otenhajmer,O,atookerr8@yahoo.co.jp,8 Pankratz Road,30.64,2019-04-18 02:36:18
982,83,Sarvghadi,S,akeldr9@mozilla.org,977 Sunnyside Alley,26.11,2019-09-29 07:22:18
983,12,Rahman,R,kgabbotra@unc.edu,5734 Cherokee Trail,53.28,2019-06-05 17:44:57
984,13,Najafiannasir,N,mleggettrb@booking.com,6394 Superior Alley,13.63,2019-01-01 14:18:06
985,39,Rahman,R,amanicombrc@adobe.com,66 Forster Junction,36.76,2019-03-28 23:18:57
986,83,Predic,P,battestonerd@bluehost.com,622 Dayton Crossing,20.84,2019-12-28 08:03:52
987,37,Pathak,P,bsilverthornere@theguardian.com,4 Dryden Plaza,64.45,2019-10-19 18:30:41
988,,Zhuta,Z,emakeswellrf@fda.gov,5 Pawling Circle,56.95,2019-09-14 21:08:46
989,79,Efimov,E,afrearsrg@feedburner.com,5729 Sherman Lane,64.43,2019-08-07 06:00:41
990,,Pusch,P,chawkenrh@usa.gov,196 Meadow Valley Trail,60.77,2019-08-19 06:39:32
991,82,Theiler,T,cpetrelliri@wordpress.com,6 Dwight Way,88.04,2019-10-24 10:21:09
992,11,Waysocher,W,sregnardrj@oakley.com,63 Becker Plaza,99.51,2019-04-26 01:02:15
993,48,Otenhajmer,O,fchoppenrk@icq.com,3332 Ramsey Trail,54.01,2019-08-15 22:30:54
994,49,Soltani,S,kplowmanrl@who.int,3 2nd Junction,44.21,2019-07-13 06:34:43
995,61,Sarvghadi,S,askonesrm@google.ru,8 Fisk Point,87.94,2019-04-24 13:58:23
996,,Najafiannasir,N,jbrittlesrn@mac.com,8 Cardinal Center,71.42,2019-01-08 00:37:26
997,46,Predic,P,ckemellro@salon.com,82594 Lakewood Gardens Lane,86.11,2019-04-17 21:43:25
998,12,Waysocher,W,wfaltskogrp@yellowpages.com,64 Straubel Plaza,90.72,2019-07-15 06:38:57
999,,Varga,V,lditchrq@ftc.gov,2341 Beilfuss Hill,29.17,2019-05-07 02:32:51
1000,39,Sarvghadi,S,iamossrr@slideshare.net,854 Katie Circle,70.72,2019-02-23 02:41:01
