﻿billId,petrolStation,name,letter1,email,address,billAmount,billDatetime
1,,Galic,G,laxston0@surveymonkey.com,9 Hansons Drive,10.78,2021-05-10 02:20:02
2,25,Soltani,S,tsemarke1@tinypic.com,10 Luster Point,47.43,2021-09-14 09:59:39
3,72,Zipser,Z,tstott2@simplemachines.org,99 Thackeray Point,72.47,2021-09-06 12:28:29
4,,Varga,V,cbiermatowicz3@nydailynews.com,69 Maryland Avenue,52.97,2021-08-30 05:22:04
5,29,Aminian,A,jyoudell4@mit.edu,41 Pond Trail,86.71,2021-02-27 06:24:15
6,66,Rahman,R,ralcorn5@who.int,15 Chive Avenue,62.3,2021-12-21 05:30:19
7,91,Mathes,M,malexsandrov6@sbwire.com,50970 Cardinal Trail,13.45,2021-10-19 22:19:41
8,98,Maurizio,M,cdorber7@tamu.edu,13 Burrows Alley,53.08,2021-03-20 01:55:37
9,98,Najafiannasir,N,rromans8@ibm.com,90320 Nova Park,53.11,2021-07-15 03:38:21
10,57,Zhuta,Z,fclyma9@zimbio.com,4668 Everett Hill,28.26,2021-10-11 10:17:27
11,52,Hirschhofer,H,tdenhama@php.net,01 Lillian Court,21.89,2021-05-10 13:29:59
12,63,Varga,V,aplaskettb@homestead.com,0054 Summer Ridge Plaza,92.2,2021-07-27 19:13:02
13,83,Rahman,R,ovittelc@google.it,359 Norway Maple Point,94.1,2021-09-02 16:35:19
14,61,Najafiannasir,N,tpresswelld@dagondesign.com,01 Swallow Hill,57.29,2021-05-27 15:59:25
15,75,Varga,V,afibbene@sogou.com,37647 Declaration Trail,10.97,2021-07-26 14:13:24
16,85,Rahman,R,nelsleyf@mail.ru,66565 Mayfield Avenue,12.73,2021-07-02 11:46:32
17,63,Galic,G,zmargueriteg@clickbank.net,2 Homewood Junction,31.07,2021-03-16 07:33:33
18,47,Varga,V,jgiannassih@nbcnews.com,53 Comanche Center,26.95,2021-02-16 15:37:27
19,51,Zhuta,Z,meynaudi@smh.com.au,599 Moose Place,13.08,2021-03-23 14:20:03
20,34,Sarvghadi,S,bbreej@ocn.ne.jp,82160 Hoffman Street,86.22,2021-12-12 04:17:09
21,35,Otenhajmer,O,clissendenk@twitpic.com,50 Carpenter Parkway,11.11,2021-06-07 17:06:35
22,48,Theiler,T,debbrelll@ifeng.com,74 Fuller Pass,85.38,2021-09-18 21:04:01
23,86,Rahman,R,tpinchenm@1und1.de,79 Monument Park,48.73,2021-08-09 18:56:03
24,58,Maurizio,M,zschrodern@sbwire.com,32 Laurel Junction,62.08,2021-09-16 12:59:04
25,11,Theiler,T,lmaxsteado@statcounter.com,38 Utah Center,78.8,2021-04-16 15:51:27
26,43,Rahman,R,cpossellp@soundcloud.com,88 International Lane,19.03,2021-11-06 19:22:55
27,,Soltani,S,mrainsdonq@thetimes.co.uk,25637 Sloan Crossing,66.67,2021-03-25 13:24:54
28,27,Zipser,Z,twarlawer@dell.com,9274 Express Terrace,98.45,2021-08-05 17:52:38
29,79,Varga,V,gmewitts@nasa.gov,2124 Talisman Terrace,12.07,2021-12-02 06:40:18
30,1,Lazarevic,L,danniont@ow.ly,9330 Golf Course Point,56.93,2021-05-12 05:05:13
31,60,Sarvghadi,S,sdupreyu@hhs.gov,75 Ridgeview Lane,39.46,2021-08-16 16:57:54
32,90,Otenhajmer,O,apincottv@pen.io,95 Amoth Circle,39.54,2021-05-20 17:24:44
33,30,Varga,V,bforsdikew@weibo.com,2651 Weeping Birch Avenue,65.41,2021-01-20 00:48:52
34,1,Theiler,T,nadamovitzx@addthis.com,991 Saint Paul Hill,60.63,2021-02-14 22:51:57
35,32,Maurizio,M,lmainstony@linkedin.com,86600 Sauthoff Point,85.85,2021-07-08 10:57:30
36,48,Zhuta,Z,tshreevesz@elpais.com,2324 Anniversary Hill,94.31,2021-03-03 02:32:13
37,92,Rahman,R,mcavell10@yahoo.co.jp,7657 Eastlawn Street,97.33,2021-06-29 15:23:03
38,93,Donhauser,D,gmallard11@tamu.edu,574 Service Trail,31.61,2021-02-22 20:07:00
39,92,Predic,P,aondrich12@icq.com,159 Northland Park,13.06,2021-02-07 01:03:27
40,,Pathak,P,ikohlert13@nbcnews.com,902 Village Parkway,53.25,2021-11-20 05:37:47
41,75,Varga,V,syuryaev14@weather.com,6 Buell Pass,34.59,2021-05-11 21:30:57
42,35,Zipser,Z,sfebry15@hatena.ne.jp,70265 La Follette Drive,37.26,2021-06-18 18:06:57
43,,Pathak,P,smayzes16@yelp.com,83 Summit Plaza,87.44,2021-02-05 00:41:59
44,74,Zipser,Z,adorant17@upenn.edu,78 Boyd Parkway,77.84,2021-02-20 03:15:05
45,,Najafiannasir,N,rcollcutt18@mapy.cz,8 Washington Drive,37.89,2021-09-24 02:09:00
46,12,Zhuta,Z,ldenecamp19@lulu.com,102 Gale Way,59.51,2021-10-09 17:17:29
47,76,Pathak,P,sbentje1a@wiley.com,5932 Bluestem Crossing,22.7,2021-05-01 02:51:15
48,61,Zhuta,Z,kteare1b@ucla.edu,7 Lawn Trail,77.39,2021-12-04 05:59:09
49,36,Zipser,Z,gflode1c@ustream.tv,2322 Little Fleur Hill,34.02,2021-12-02 09:09:29
50,87,Waysocher,W,fkrook1d@tinypic.com,250 Reindahl Terrace,99.19,2021-01-21 13:19:36
51,31,Predic,P,jiddenden1e@facebook.com,7 Macpherson Terrace,96.1,2021-02-26 05:51:11
52,98,Sepehri/Rad,S,dardern1f@timesonline.co.uk,92 Butternut Drive,97.29,2021-10-08 04:39:28
53,43,Sarvghadi,S,bgentery1g@addtoany.com,3 Lien Pass,63.92,2021-11-28 11:31:44
54,20,Barcza,B,yluigi1h@creativecommons.org,00179 Mifflin Point,89.7,2021-04-07 18:59:15
55,22,Varga,V,btonbye1i@skype.com,076 Luster Junction,62.17,2021-07-20 20:44:47
56,35,Theiler,T,smitie1j@wikispaces.com,6162 Tomscot Court,76.2,2021-06-26 22:34:11
57,58,Pishchala,P,esuttie1k@ucsd.edu,50 Pond Point,51.65,2021-09-25 21:39:35
58,6,Waysocher,W,nmcravey1l@is.gd,7 Coolidge Point,69.46,2021-08-07 21:39:18
59,85,Soltani,S,mcandlin1m@yale.edu,6194 Brentwood Crossing,17.11,2021-05-13 15:29:21
60,26,Mathes,M,hobbard1n@dell.com,96568 Montana Crossing,55.81,2021-04-16 09:31:16
61,61,Pusch,P,pvanderspohr1o@soup.io,9372 Debra Avenue,18.25,2021-04-27 22:57:26
62,,Maurizio,M,bcurrer1p@cnet.com,4100 Susan Court,86.77,2021-04-06 07:15:36
63,100,Varga,V,cbushel1q@globo.com,83 Manitowish Road,85.8,2021-02-20 18:47:04
64,12,Pathak,P,alavigne1r@ifeng.com,5 Sycamore Drive,23.2,2021-11-18 15:19:12
65,48,Waysocher,W,skenlin1s@ycombinator.com,39570 Granby Court,24.29,2021-12-22 04:15:14
66,83,Rahman,R,bdow1t@comcast.net,077 Bultman Road,71.71,2021-11-29 09:39:33
67,87,Pathak,P,sschwant1u@ehow.com,9 Dwight Junction,29.85,2021-06-18 16:24:43
68,94,Lazarevic,L,estrodder1v@eventbrite.com,79 Prentice Point,18.05,2021-05-30 19:57:44
69,68,Galic,G,barnow1w@ocn.ne.jp,0 Shasta Circle,65.45,2021-05-12 15:16:07
70,97,Theiler,T,dmcloney1x@cnet.com,139 Corben Terrace,52.43,2021-07-16 06:59:33
71,45,Soltani,S,mkoop1y@blogtalkradio.com,67907 Basil Way,17.72,2021-12-13 09:29:34
72,78,Sarvghadi,S,bmckirton1z@a8.net,95252 Ohio Road,13.43,2021-12-26 12:22:20
73,5,Sarvghadi,S,atrubshawe20@domainmarket.com,659 Schmedeman Parkway,63.71,2021-04-26 00:03:00
74,38,Sarvghadi,S,rhardbattle21@constantcontact.com,52 Thompson Court,25.13,2021-03-25 10:28:54
75,74,Pusch,P,jpriestley22@domainmarket.com,7750 Harper Point,65.97,2021-11-16 09:30:57
76,48,Predic,P,dhaskell23@unicef.org,59509 7th Trail,43.88,2021-01-23 18:14:47
77,,Rahman,R,lstallan24@npr.org,24051 Thierer Terrace,87.19,2021-01-14 06:44:17
78,,Rahman,R,sgrummitt25@usatoday.com,2352 Ronald Regan Point,38.59,2021-09-27 17:36:14
79,32,Sarvghadi,S,rwalne26@salon.com,3 David Park,86.56,2021-04-16 06:29:55
80,59,Donhauser,D,crenols27@newyorker.com,388 Kropf Place,75.28,2021-09-01 20:35:16
81,69,Galic,G,arentcome28@weather.com,18 Warner Lane,54.82,2021-03-12 14:17:20
82,14,Rahman,R,comand29@fema.gov,78 Bobwhite Street,67.89,2021-10-09 12:40:58
83,34,Rahman,R,pmcgreay2a@rambler.ru,14 Green Hill,85.39,2021-01-20 17:23:25
84,85,Zhuta,Z,ymcnab2b@bluehost.com,39 Havey Place,48.29,2021-03-28 19:15:17
85,97,Sarvghadi,S,kcarbett2c@dot.gov,48 Coleman Way,44.6,2021-11-08 15:28:06
86,,Pishchala,P,amuir2d@mayoclinic.com,103 Bashford Drive,83.19,2021-12-01 16:58:56
87,97,Hedda,H,ostarsmeare2e@utexas.edu,43 Eastlawn Parkway,13.71,2021-05-21 18:07:29
88,60,Galic,G,jbaudains2f@foxnews.com,7 Superior Road,37.58,2021-09-02 08:40:12
89,21,Zipser,Z,ccaseley2g@indiatimes.com,9207 Summer Ridge Crossing,52.67,2021-04-01 13:56:55
90,76,Soltani,S,ajarman2h@upenn.edu,8 Oakridge Circle,17.72,2021-08-16 05:38:25
91,98,Pathak,P,bsheere2i@yellowpages.com,5 Arapahoe Drive,78.09,2021-09-02 17:31:55
92,94,Pathak,P,cdeek2j@meetup.com,40 Loomis Junction,29.99,2021-08-20 11:36:52
93,47,Soltani,S,zwestern2k@wikipedia.org,1170 Pearson Junction,51.43,2021-04-06 19:47:25
94,67,Rahman,R,hdressel2l@indiatimes.com,030 Meadow Vale Hill,98.52,2021-08-13 16:01:22
95,2,Soltani,S,cschumacher2m@sina.com.cn,27562 Melrose Trail,43.65,2021-11-19 20:28:27
96,100,Waysocher,W,sfawkes2n@amazon.co.uk,77065 Fairfield Street,79.21,2021-12-23 15:52:38
97,95,Otenhajmer,O,amuffett2o@baidu.com,59615 Grayhawk Crossing,13.51,2021-06-10 20:28:25
98,23,Rahman,R,aletcher2p@slashdot.org,5003 Holmberg Parkway,22.54,2021-01-16 04:32:58
99,,Sepehri/Rad,S,dperton2q@unesco.org,19 Northwestern Drive,52.68,2021-03-29 02:32:47
100,92,Predic,P,ostafford2r@studiopress.com,888 Northview Pass,57.81,2021-12-13 23:21:10
101,,Sarvghadi,S,ssolland2s@mashable.com,11 Spohn Place,95.12,2021-10-29 11:16:39
102,88,Hedda,H,mnewlands2t@google.com,7 Carberry Junction,55.76,2021-02-20 21:36:30
103,79,Pusch,P,hhache2u@goo.gl,07 Ruskin Circle,63.47,2021-06-14 23:24:09
104,81,Mathes,M,egraysmark2v@dailymotion.com,022 Bay Center,35.32,2021-08-12 03:08:37
105,86,Pathak,P,sjepson2w@webs.com,4 Mallory Road,47.07,2021-06-13 01:13:33
106,88,Varga,V,ajeroch2x@blogger.com,49 Oakridge Hill,17.23,2021-11-01 04:55:33
107,92,Pusch,P,mcowans2y@dedecms.com,03670 8th Court,55.07,2021-08-18 12:59:06
108,81,Waysocher,W,imowsley2z@51.la,0400 Heath Alley,13.36,2021-11-15 05:52:37
109,16,Theiler,T,gdegiovanni30@nsw.gov.au,6 Melby Park,33.65,2021-04-30 07:38:07
110,29,Sarvghadi,S,aloveridge31@sina.com.cn,63 Forest Trail,50.48,2021-12-10 13:44:01
111,54,Zhuta,Z,cbampkin32@mashable.com,1 Carioca Hill,88.61,2021-06-26 14:50:48
112,75,Sarvghadi,S,jashenhurst33@auda.org.au,8 Quincy Circle,77.19,2021-02-28 20:06:06
113,28,Mathes,M,kclutheram34@privacy.gov.au,230 Reindahl Park,77.21,2021-09-02 01:03:42
114,44,Theiler,T,gsimonin35@plala.or.jp,17 Center Hill,55.81,2021-10-19 19:56:31
115,11,Sepehri/Rad,S,gvanderson36@gov.uk,9 Grim Way,30.47,2021-07-12 07:14:36
116,70,Ertl-Winand,E,fwinchurch37@blog.com,3 Jenifer Alley,40.98,2021-03-29 10:44:08
117,35,Hirschhofer,H,alowsely38@columbia.edu,2156 Prentice Plaza,64.44,2021-02-21 14:37:03
118,,Waysocher,W,clufkin39@salon.com,07036 Northridge Trail,60.73,2021-12-20 21:59:02
119,25,Soltani,S,mshoulder3a@artisteer.com,90 Trailsway Avenue,71.05,2021-09-30 02:24:23
120,90,Lazarevic,L,smcmeekin3b@squidoo.com,6316 Golf View Alley,26.36,2021-04-28 13:46:55
121,13,Lazarevic,L,rfolkerts3c@csmonitor.com,09 Sutherland Alley,37.99,2021-06-28 02:01:01
122,39,Zhuta,Z,dtocqueville3d@a8.net,79641 Sage Center,90.44,2021-04-23 19:08:11
123,22,Waysocher,W,vbleue3e@1688.com,374 Annamark Pass,34.02,2021-12-27 12:26:47
124,,Galic,G,dsommerville3f@blog.com,894 Bayside Point,44.77,2021-06-04 05:33:14
125,68,Zhuta,Z,lsalisbury3g@friendfeed.com,0584 Moose Place,38.3,2021-11-25 23:01:35
126,62,Sarvghadi,S,rolenichev3h@bloglovin.com,4 Canary Hill,86.05,2021-10-02 16:09:44
127,99,Maurizio,M,slehrmann3i@weather.com,58 Pine View Parkway,70.72,2021-09-06 14:49:47
128,97,Predic,P,scastagnone3j@unc.edu,28022 Northview Crossing,12.4,2021-09-12 19:29:00
129,93,Predic,P,iogden3k@furl.net,00 Sutteridge Trail,82.52,2021-07-08 01:32:52
130,51,Zipser,Z,wrugieri3l@bloglines.com,2705 Pennsylvania Avenue,24.34,2021-03-14 09:39:10
131,4,Zhuta,Z,jphittiplace3m@facebook.com,61513 Holy Cross Center,38.53,2021-07-31 12:50:14
132,64,Zhuta,Z,nbeardshall3n@xrea.com,02068 Dryden Lane,87.3,2021-05-17 18:10:48
133,50,Rahman,R,shug3o@skyrock.com,425 Harbort Circle,62.27,2021-03-09 20:33:15
134,8,Predic,P,sfeaster3p@umich.edu,1 Westerfield Point,37.53,2021-01-03 17:54:40
135,52,Waysocher,W,agovier3q@w3.org,10944 Dryden Road,76.72,2021-09-07 16:01:52
136,46,Rahman,R,kswatman3r@japanpost.jp,8817 Arkansas Trail,45.23,2021-05-08 17:44:35
137,16,Otenhajmer,O,hcocker3s@adobe.com,16823 Colorado Lane,72.65,2021-11-23 20:30:53
138,74,Ertl-Winand,E,thansbury3t@jugem.jp,403 Cottonwood Circle,24.75,2021-09-30 21:29:57
139,24,Theiler,T,wwalthew3u@prlog.org,2821 American Ash Court,71.76,2021-05-12 10:01:49
140,73,Waysocher,W,stallyn3v@vistaprint.com,9694 Huxley Place,27.73,2021-07-18 18:31:41
141,,Donhauser,D,adoel3w@trellian.com,31031 Amoth Place,70.86,2021-02-12 01:39:15
142,97,Zhuta,Z,ishortcliffe3x@cbc.ca,5 American Ash Circle,85.31,2021-12-22 07:57:46
143,91,Pusch,P,mrice3y@wiley.com,3 Stephen Point,24.65,2021-04-05 17:59:41
144,15,Akbari/Liavali,A,kvenes3z@microsoft.com,1552 Hovde Junction,12.12,2021-09-08 07:02:35
145,56,Efimov,E,mbruntje40@usgs.gov,08209 Waubesa Lane,65.42,2021-10-01 00:17:08
146,63,Hirschhofer,H,ftocqueville41@soup.io,7 Ilene Road,65.71,2021-12-09 04:03:43
147,71,Predic,P,cstinchcombe42@ustream.tv,43698 Hauk Street,52.32,2021-05-22 16:15:41
148,54,Theiler,T,bliversidge43@infoseek.co.jp,07 Killdeer Pass,79.0,2021-06-01 12:12:44
149,62,Rahman,R,kgovier44@accuweather.com,4 Maple Wood Pass,79.14,2021-07-31 10:24:25
150,70,Waysocher,W,gpower45@spiegel.de,334 Riverside Park,68.62,2021-08-21 17:36:33
151,53,Soltani,S,tcouldwell46@facebook.com,5 Heath Place,99.18,2021-02-01 11:33:09
152,45,Sarvghadi,S,blathwood47@hc360.com,69 Logan Point,39.91,2021-01-16 19:58:43
153,,Freudenthaler,F,dfarrah48@gravatar.com,1 Atwood Hill,57.9,2021-10-22 23:12:28
154,78,Pusch,P,gmuzzollo49@tiny.cc,8573 Farwell Trail,63.32,2021-02-23 07:27:23
155,94,Zipser,Z,esetterfield4a@earthlink.net,73 Calypso Parkway,82.92,2021-09-11 04:52:18
156,75,Maurizio,M,edouglass4b@printfriendly.com,0777 Delladonna Road,77.62,2021-03-28 06:54:05
157,35,Rahman,R,oburdass4c@sitemeter.com,52 Wayridge Lane,72.94,2021-01-14 11:44:42
158,13,Sarvghadi,S,pengall4d@usatoday.com,16 Autumn Leaf Parkway,70.68,2021-10-02 01:01:24
159,42,Efimov,E,kwabersich4e@ucla.edu,9 Kropf Pass,16.42,2021-12-13 10:55:32
160,60,Varga,V,dsnalum4f@zdnet.com,001 Dahle Lane,69.58,2021-12-09 11:40:57
161,,Hirschhofer,H,rtrundle4g@digg.com,2251 Bluejay Junction,11.82,2021-10-28 12:42:13
162,,Rahman,R,hleppingwell4h@latimes.com,537 Fairfield Crossing,59.21,2021-09-09 05:49:56
163,27,Galic,G,ojosupeit4i@nydailynews.com,15 Beilfuss Center,58.0,2021-09-30 01:40:29
164,41,Maurizio,M,ocork4j@eventbrite.com,25101 Nova Center,56.67,2021-03-20 02:09:15
165,77,Sarvghadi,S,mrown4k@rambler.ru,0759 Rockefeller Point,44.74,2021-09-20 11:20:37
166,22,Donhauser,D,sgarrold4l@nytimes.com,922 Holy Cross Place,62.64,2021-03-25 22:47:15
167,53,Varga,V,pgaytor4m@t.co,93 Sunbrook Place,81.51,2021-05-12 06:56:23
168,6,Mathes,M,tchampness4n@about.com,93371 Walton Pass,73.73,2021-02-02 23:32:23
169,61,Pishchala,P,bfinnimore4o@liveinternet.ru,056 Riverside Circle,24.65,2021-05-12 10:52:05
170,81,Varga,V,thaddinton4p@techcrunch.com,92507 Tomscot Parkway,36.4,2021-10-27 03:40:59
171,90,Maurizio,M,dsnarr4q@example.com,76201 Golden Leaf Park,51.75,2021-11-08 17:50:31
172,50,Efimov,E,dbenzie4r@ovh.net,28961 Graedel Terrace,82.48,2021-08-04 11:15:54
173,11,Rahman,R,epieracci4s@liveinternet.ru,4687 Eastwood Hill,35.82,2021-05-02 07:26:53
174,16,Theiler,T,meschelle4t@istockphoto.com,7 Anthes Way,77.81,2021-06-07 12:39:18
175,57,Sarvghadi,S,rbutting4u@latimes.com,62 Huxley Court,31.38,2021-08-07 17:10:56
176,38,Hirschhofer,H,rlerigo4v@jugem.jp,7111 Menomonie Crossing,13.25,2021-11-23 07:25:48
177,95,Waysocher,W,kmatterface4w@gravatar.com,878 Larry Pass,38.57,2021-11-06 14:24:52
178,71,Sarvghadi,S,nhertwell4x@skype.com,2 Kinsman Avenue,32.8,2021-08-01 02:42:35
179,19,Mathes,M,eaddicote4y@dmoz.org,7328 Warrior Parkway,35.8,2021-01-30 18:58:01
180,1,Pishchala,P,cpeacock4z@yandex.ru,7674 Walton Lane,98.12,2021-01-12 12:52:03
181,49,Otenhajmer,O,mgrim50@vistaprint.com,99487 Debra Terrace,61.57,2021-09-04 18:19:31
182,7,Zipser,Z,bminelli51@dell.com,68 Mariners Cove Junction,91.56,2021-08-01 02:14:07
183,8,Otenhajmer,O,nwhieldon52@163.com,92 Lerdahl Terrace,64.62,2021-01-26 14:07:56
184,67,Pishchala,P,jgoshawke53@php.net,069 Center Drive,90.81,2021-11-14 21:11:02
185,44,Najafiannasir,N,clethieulier54@purevolume.com,4247 Alpine Hill,92.08,2021-06-24 04:55:36
186,6,Pathak,P,mhallwood55@fastcompany.com,9496 Burrows Junction,58.92,2021-01-22 13:35:47
187,49,Pathak,P,mchellam56@dion.ne.jp,373 Cambridge Drive,93.63,2021-02-23 01:28:06
188,69,Rahman,R,nmathwin57@t-online.de,73 Maple Plaza,48.27,2021-05-22 22:07:44
189,39,Zhuta,Z,jfrossell58@samsung.com,70 Hoard Place,99.95,2021-04-16 18:34:03
190,20,Theiler,T,bclemes59@globo.com,8 Spenser Park,99.01,2021-12-29 18:57:00
191,11,Theiler,T,collerhead5a@wikimedia.org,4742 Bunting Street,29.35,2021-08-19 00:35:38
192,24,Pusch,P,lcarlisle5b@jugem.jp,321 Raven Alley,78.31,2021-07-17 13:47:42
193,78,Pathak,P,jkleynen5c@godaddy.com,0 Eliot Way,66.07,2021-06-10 20:33:47
194,45,Predic,P,jsoldi5d@gnu.org,991 Stoughton Park,50.42,2021-07-02 06:07:42
195,35,Sepehri/Rad,S,bclingan5e@google.com.au,4911 Corscot Trail,33.11,2021-07-17 10:34:06
196,72,Waysocher,W,gdonne5f@blog.com,38 Mifflin Street,94.36,2021-09-28 20:41:47
197,,Lazarevic,L,mfritschel5g@skyrock.com,879 Lakewood Gardens Circle,76.55,2021-09-05 14:31:16
198,10,Theiler,T,mferrant5h@surveymonkey.com,98 Linden Street,63.17,2021-03-01 04:36:04
199,69,Waysocher,W,mpersse5i@tinyurl.com,84000 Lake View Trail,63.15,2021-02-26 19:39:37
200,69,Zipser,Z,egelly5j@theglobeandmail.com,4430 Larry Junction,14.31,2021-05-10 06:22:27
201,38,Predic,P,mdeye5k@yelp.com,72691 Mayer Park,18.09,2021-08-26 15:13:54
202,58,Rahman,R,mrolfi5l@statcounter.com,8 Messerschmidt Junction,64.79,2021-06-15 01:26:20
203,47,Waysocher,W,mdobing5m@rediff.com,243 Washington Street,86.4,2021-11-10 04:04:40
204,75,Sepehri/Rad,S,rpetri5n@netlog.com,2416 Scott Circle,50.08,2021-04-10 13:03:59
205,97,Zipser,Z,jtyrer5o@webs.com,84633 Birchwood Circle,50.49,2021-02-08 05:58:53
206,48,Najafiannasir,N,arossetti5p@mit.edu,1 Fair Oaks Junction,85.58,2021-11-13 23:38:35
207,73,Theiler,T,lhattam5q@alexa.com,485 Dawn Alley,13.57,2021-03-28 19:24:33
208,19,Pishchala,P,wprettyjohn5r@diigo.com,4 Armistice Park,39.29,2021-01-09 07:01:40
209,16,Sarvghadi,S,mpiotrowski5s@zdnet.com,13913 Lindbergh Road,91.34,2021-10-07 21:23:51
210,90,Soltani,S,qwestfalen5t@blogtalkradio.com,51 Walton Court,48.26,2021-11-26 12:24:46
211,24,Soltani,S,cpolly5u@oakley.com,7 Towne Alley,60.81,2021-02-26 17:46:54
212,34,Sarvghadi,S,jsandcroft5v@theatlantic.com,832 Schurz Place,81.22,2021-04-27 12:04:10
213,,Sepehri/Rad,S,vrobert5w@weibo.com,66978 Corry Way,30.31,2021-07-18 20:35:06
214,43,Zhuta,Z,csandland5x@wordpress.org,7 Nancy Road,69.93,2021-02-15 00:16:58
215,86,Predic,P,ftayler5y@mozilla.org,2746 Warrior Avenue,86.48,2021-06-18 08:04:24
216,81,Theiler,T,acrabbe5z@gov.uk,4 Lakewood Point,21.18,2021-10-05 00:37:16
217,99,Rahman,R,sdainton60@yelp.com,43601 Del Sol Terrace,52.31,2021-08-16 10:22:48
218,92,Rahman,R,rreedick61@foxnews.com,964 Kedzie Road,19.32,2021-08-07 04:46:03
219,68,Galic,G,mlightwood62@washingtonpost.com,8253 Talmadge Pass,48.86,2021-09-22 17:38:04
220,90,Theiler,T,mportis63@furl.net,4 Lukken Parkway,42.81,2021-11-14 01:01:37
221,48,Soltani,S,mlambrick64@nih.gov,5006 Meadow Valley Avenue,27.74,2021-09-20 07:44:03
222,50,Sarvghadi,S,jverring65@comcast.net,91918 Declaration Pass,21.07,2021-08-26 14:04:43
223,31,Rahman,R,anorres66@state.gov,62538 Ridgeview Avenue,13.24,2021-06-19 11:04:34
224,24,Waysocher,W,wnicholson67@sourceforge.net,4 Grover Circle,43.76,2021-04-02 23:17:49
225,43,Rahman,R,etallowin68@uiuc.edu,2 Maple Alley,70.46,2021-01-31 13:05:13
226,97,Otenhajmer,O,wweekes69@simplemachines.org,769 Transport Crossing,13.05,2021-05-26 01:20:23
227,34,Zipser,Z,cstouther6a@artisteer.com,874 Manley Plaza,38.18,2021-06-02 15:38:01
228,88,Rahman,R,mmaddocks6b@engadget.com,90997 Center Terrace,74.58,2021-01-15 08:29:01
229,,Pathak,P,pvoysey6c@prlog.org,1582 Summer Ridge Plaza,46.81,2021-04-24 11:09:30
230,93,Freudenthaler,F,zdurden6d@wired.com,82 Del Mar Court,25.27,2021-05-14 03:42:18
231,25,Soltani,S,smackrill6e@mediafire.com,805 Merchant Drive,47.9,2021-12-10 17:28:48
232,75,Soltani,S,pbatcheldor6f@google.com.hk,6 Twin Pines Plaza,39.28,2021-12-30 00:36:00
233,71,Hedda,H,blincey6g@mozilla.com,0612 Warner Point,24.48,2021-09-03 18:18:12
234,13,Theiler,T,cmackimmie6h@microsoft.com,6 Brown Plaza,56.39,2021-04-08 14:34:05
235,73,Maurizio,M,gorriss6i@devhub.com,16284 Kingsford Hill,72.92,2021-08-05 23:54:53
236,52,Rahman,R,ekindle6j@shinystat.com,3130 Longview Alley,13.17,2021-11-23 23:09:45
237,80,Pathak,P,rhorsefield6k@dropbox.com,12 1st Center,88.41,2021-07-16 06:48:22
238,100,Sepehri/Rad,S,ggarms6l@elegantthemes.com,3012 Clemons Street,93.07,2021-04-07 05:43:03
239,,Ertl-Winand,E,ckmietsch6m@sfgate.com,2293 Scofield Crossing,86.35,2021-05-20 04:52:31
240,68,Theiler,T,jdealmeida6n@ning.com,77639 Veith Trail,16.78,2021-05-20 00:54:42
241,4,Pusch,P,lflade6o@sun.com,3398 Oxford Way,94.34,2021-09-25 09:00:29
242,56,Waysocher,W,acressingham6p@webmd.com,62 Forest Dale Alley,85.79,2021-04-22 16:01:49
243,23,Sarvghadi,S,alynskey6q@nba.com,9 Jenna Pass,45.81,2021-10-06 12:30:56
244,42,Hedda,H,lwarcup6r@1und1.de,6121 Parkside Trail,45.61,2021-06-04 03:49:11
245,,Pusch,P,bvolker6s@adobe.com,532 Columbus Point,92.84,2021-04-09 05:24:27
246,90,Otenhajmer,O,bmullett6t@youtube.com,17 Express Place,86.34,2021-02-23 12:46:24
247,20,Zipser,Z,aohickey6u@google.nl,06 Jenna Park,99.99,2021-12-07 21:21:25
248,12,Hedda,H,icleeves6v@narod.ru,53 Reinke Junction,64.18,2021-12-19 07:35:50
249,14,Zipser,Z,skiessel6w@cmu.edu,21092 Corben Terrace,92.31,2021-06-18 02:08:21
250,75,Predic,P,mblinckhorne6x@sogou.com,6 Basil Pass,96.53,2021-06-18 01:32:07
251,2,Lazarevic,L,mmoseby6y@yellowpages.com,7431 American Ash Circle,89.09,2021-06-04 17:10:31
252,84,Pathak,P,chorning6z@nature.com,0433 Clemons Point,16.22,2021-02-22 10:08:39
253,68,Pishchala,P,mcarnihan70@ibm.com,855 Summer Ridge Avenue,40.34,2021-06-20 01:54:05
254,6,Zipser,Z,aharsum71@mtv.com,0842 Cardinal Center,25.67,2021-01-06 01:35:58
255,10,Hedda,H,ocullinane72@marriott.com,1 Algoma Alley,89.39,2021-07-24 04:43:39
256,78,Waysocher,W,rgencke73@kickstarter.com,614 Mcguire Way,29.74,2021-05-11 08:17:03
257,88,Pusch,P,gvian74@wordpress.org,0141 Kedzie Street,20.66,2021-10-03 00:35:40
258,,Brugger,B,ffelipe75@dion.ne.jp,62 Macpherson Way,34.96,2021-04-11 09:41:15
259,62,Waysocher,W,cdrane76@indiatimes.com,8 Briar Crest Terrace,53.74,2021-11-14 04:13:47
260,66,Otenhajmer,O,aangear77@wisc.edu,0 Donald Place,59.03,2021-11-19 06:06:17
261,,Theiler,T,jturrell78@ucoz.ru,5238 Mcbride Parkway,31.65,2021-04-30 06:37:05
262,,Zhuta,Z,tbarracks79@opensource.org,519 Swallow Plaza,80.97,2021-08-23 08:09:56
263,1,Zipser,Z,cstroobant7a@istockphoto.com,8875 Transport Crossing,73.83,2021-02-07 00:10:11
264,82,Rahman,R,fyarnold7b@icio.us,27515 Bobwhite Center,26.27,2021-01-08 08:40:39
265,58,Zipser,Z,fabate7c@state.tx.us,0549 Kenwood Trail,19.47,2021-12-06 15:26:26
266,87,Sarvghadi,S,mpatry7d@storify.com,34406 Pankratz Street,72.98,2021-07-03 19:45:07
267,5,Theiler,T,ptruter7e@gmpg.org,6336 Swallow Drive,23.98,2021-11-08 05:34:54
268,39,Zipser,Z,pozintsev7f@ask.com,0487 Schurz Hill,81.3,2021-09-22 21:35:44
269,20,Zhuta,Z,gconichie7g@who.int,2 Crowley Terrace,15.92,2021-04-14 15:07:32
270,32,Zipser,Z,sannice7h@loc.gov,05 Forest Dale Court,59.33,2021-06-22 20:06:50
271,22,Pishchala,P,cdemougeot7i@dagondesign.com,2 Village Green Place,76.83,2021-02-21 14:19:35
272,35,Pusch,P,wbetham7j@jalbum.net,2179 Stuart Way,27.11,2021-08-15 18:14:51
273,17,Mathes,M,llines7k@e-recht24.de,0707 Green Ridge Center,65.84,2021-01-13 23:33:15
274,,Hedda,H,ggordongiles7l@irs.gov,14943 Burrows Alley,53.42,2021-11-14 01:31:34
275,47,Hedda,H,lrosengart7m@europa.eu,9 Upham Way,33.44,2021-05-24 14:30:27
276,25,Akbari/Liavali,A,jvernalls7n@redcross.org,771 Ridgeview Pass,25.58,2021-06-11 14:48:34
277,65,Donhauser,D,ibohlsen7o@soup.io,4 Fair Oaks Hill,58.82,2021-03-29 11:49:06
278,2,Zipser,Z,dbowes7p@discuz.net,613 Grayhawk Junction,62.4,2021-01-01 23:27:28
279,7,Soltani,S,rfitzpayn7q@devhub.com,2 Monument Lane,30.51,2021-06-01 04:42:21
280,88,Sepehri/Rad,S,mtackle7r@tamu.edu,71 Bultman Avenue,54.97,2021-01-01 14:47:42
281,44,Rahman,R,blowdyane7s@wunderground.com,2544 Melrose Terrace,62.13,2021-09-02 13:08:45
282,74,Waysocher,W,sovitts7t@themeforest.net,3187 Northfield Crossing,37.3,2021-10-31 11:29:09
283,75,Sepehri/Rad,S,swimsett7u@va.gov,6 Birchwood Alley,66.36,2021-04-12 16:25:06
284,,Rahman,R,gtomalin7v@economist.com,32644 Farragut Terrace,94.64,2021-04-05 19:39:45
285,68,Zipser,Z,eegan7w@infoseek.co.jp,35846 Commercial Plaza,78.36,2021-07-28 23:20:51
286,61,Soltani,S,cebbett7x@theguardian.com,2 Merry Terrace,46.16,2021-12-23 19:23:58
287,36,Rahman,R,apetkovic7y@ning.com,9 Milwaukee Alley,44.92,2021-06-27 12:59:13
288,35,Theiler,T,grentalll7z@rediff.com,8 Fairfield Alley,89.92,2021-11-14 20:30:29
289,69,Efimov,E,lhlavac80@wsj.com,7060 Spenser Terrace,84.0,2021-05-21 05:32:12
290,25,Theiler,T,wkintzel81@springer.com,05047 Pepper Wood Terrace,65.01,2021-07-29 00:00:50
291,93,Zhuta,Z,slisett82@wsj.com,31557 Burrows Crossing,28.62,2021-10-31 03:44:56
292,30,Najafiannasir,N,sberntsson83@google.de,2 Kropf Trail,97.91,2021-08-04 03:53:38
293,59,Ertl-Winand,E,bguyon84@amazon.de,61 Stephen Circle,76.83,2021-08-11 10:53:59
294,15,Theiler,T,ecrampin85@plala.or.jp,47087 Marcy Road,39.49,2021-09-11 13:05:15
295,56,Predic,P,dbrasner86@about.com,91332 Calypso Court,45.28,2021-06-18 03:45:28
296,53,Pishchala,P,aemmett87@dailymail.co.uk,1817 Emmet Hill,95.37,2021-02-19 00:08:19
297,8,Freudenthaler,F,rhalliday88@a8.net,411 Artisan Point,13.73,2021-05-03 22:25:08
298,30,Lazarevic,L,sackred89@seattletimes.com,56380 Dorton Way,21.62,2021-12-12 22:17:05
299,48,Sarvghadi,S,mbilbrooke8a@epa.gov,451 Crownhardt Terrace,79.33,2021-12-01 14:38:57
300,50,Ertl-Winand,E,gyuranovev8b@hugedomains.com,28862 Cambridge Center,82.01,2021-05-25 16:54:01
301,63,Theiler,T,tocannan8c@engadget.com,4109 West Parkway,12.79,2021-12-01 10:11:25
302,54,Maurizio,M,cyouel8d@qq.com,469 Chinook Court,43.89,2021-10-26 07:44:43
303,11,Zipser,Z,rfidgin8e@yelp.com,7 Emmet Lane,70.83,2021-11-23 01:05:39
304,5,Donhauser,D,gbello8f@berkeley.edu,171 Weeping Birch Hill,60.25,2021-06-23 04:02:08
305,68,Zhuta,Z,btompkinson8g@discovery.com,7906 Waywood Park,97.79,2021-02-12 02:32:51
306,13,Zipser,Z,gkelsall8h@technorati.com,29 Westridge Parkway,63.97,2021-03-27 08:28:30
307,97,Zipser,Z,itoye8i@princeton.edu,6 Coleman Alley,78.9,2021-07-08 09:35:57
308,32,Barcza,B,xhands8j@bloglovin.com,095 Briar Crest Junction,92.79,2021-05-12 05:12:49
309,22,Maurizio,M,slantuffe8k@multiply.com,4032 Debra Court,33.76,2021-02-26 09:50:52
310,89,Waysocher,W,ddax8l@europa.eu,07 David Way,60.59,2021-09-19 16:13:09
311,52,Zhuta,Z,pkinforth8m@sbwire.com,48348 Haas Place,86.73,2021-03-06 05:28:59
312,,Rahman,R,cwaight8n@aol.com,2 Pond Pass,39.88,2021-10-24 17:51:01
313,26,Otenhajmer,O,rhecks8o@seesaa.net,860 Hansons Alley,47.23,2021-06-15 08:58:54
314,20,Rahman,R,egriffith8p@census.gov,70323 Fremont Place,38.54,2021-05-17 09:29:17
315,81,Sarvghadi,S,skos8q@delicious.com,1 Independence Trail,71.26,2021-05-28 20:52:22
316,20,Donhauser,D,csherlaw8r@hhs.gov,6 Hooker Hill,78.46,2021-03-10 02:38:00
317,76,Pathak,P,jorton8s@nps.gov,67 Comanche Trail,99.12,2021-11-10 07:21:24
318,7,Pusch,P,blemmens8t@bizjournals.com,1 Alpine Hill,86.13,2021-11-14 00:04:25
319,3,Hirschhofer,H,psheavills8u@skyrock.com,2 Charing Cross Way,40.64,2021-01-17 09:37:06
320,98,Predic,P,wtommasuzzi8v@twitter.com,4523 Upham Alley,36.06,2021-12-05 07:36:37
321,28,Mathes,M,abeentjes8w@uol.com.br,01656 Algoma Alley,49.69,2021-10-19 18:57:22
322,61,Waysocher,W,tdalgetty8x@altervista.org,8 Superior Place,53.49,2021-03-12 14:39:42
323,80,Sarvghadi,S,jludwikiewicz8y@slate.com,9620 Charing Cross Road,93.9,2021-07-13 17:40:40
324,45,Waysocher,W,skeggins8z@sakura.ne.jp,4975 Parkside Terrace,64.83,2021-03-30 00:05:27
325,10,Waysocher,W,felia90@joomla.org,086 Dorton Trail,31.48,2021-11-13 22:28:07
326,38,Zipser,Z,kattoc91@constantcontact.com,8 Bluejay Circle,72.69,2021-04-19 04:22:03
327,30,Zipser,Z,cshorbrook92@canalblog.com,2997 Grover Junction,28.86,2021-05-17 12:25:23
328,48,Lazarevic,L,dgrigorini93@scientificamerican.com,34 Fremont Lane,94.99,2021-06-03 08:00:31
329,17,Hedda,H,acorday94@paypal.com,52979 Blaine Avenue,22.72,2021-08-10 23:25:25
330,13,Pusch,P,djorczyk95@engadget.com,9803 Mendota Way,24.19,2021-09-22 17:43:41
331,,Sarvghadi,S,ltopes96@microsoft.com,9 Memorial Crossing,13.69,2021-12-28 07:07:38
332,,Zipser,Z,amonte97@ustream.tv,98214 Heffernan Trail,17.2,2021-09-18 20:46:01
333,81,Otenhajmer,O,csenechault98@bizjournals.com,9911 Oakridge Place,14.36,2021-06-01 15:23:55
334,93,Najafiannasir,N,dbeament99@naver.com,1 Bayside Alley,66.47,2021-07-07 12:05:52
335,22,Donhauser,D,jportchmouth9a@mashable.com,4381 Forster Plaza,74.57,2021-06-14 08:23:57
336,25,Varga,V,mdiable9b@nytimes.com,22 Dwight Road,61.16,2021-04-24 22:36:23
337,25,Rahman,R,ddraycott9c@ning.com,43 Northland Avenue,32.23,2021-05-10 06:47:40
338,,Soltani,S,sbrugemann9d@paginegialle.it,234 Fordem Park,23.38,2021-02-23 12:59:00
339,21,Predic,P,tcammis9e@earthlink.net,3 Messerschmidt Street,72.05,2021-04-07 22:16:33
340,7,Sarvghadi,S,fspohr9f@engadget.com,3878 Nelson Circle,17.24,2021-08-02 05:32:32
341,15,Zipser,Z,msemor9g@princeton.edu,4420 Bowman Lane,56.88,2021-07-17 09:05:27
342,42,Rahman,R,jqueste9h@cbslocal.com,9 Summerview Center,57.12,2021-02-15 16:32:27
343,67,Otenhajmer,O,kdorcey9i@alexa.com,3 Westend Plaza,51.35,2021-09-29 15:49:58
344,21,Zipser,Z,lsomes9j@php.net,760 Summerview Alley,79.53,2021-11-25 15:14:58
345,,Theiler,T,gveljes9k@jimdo.com,86584 Messerschmidt Alley,10.74,2021-01-29 14:47:34
346,32,Najafiannasir,N,cuppett9l@meetup.com,2462 Towne Circle,24.62,2021-11-27 09:32:20
347,51,Waysocher,W,gkopfer9m@rakuten.co.jp,04 Mayer Point,68.73,2021-12-11 23:52:46
348,82,Waysocher,W,phaddy9n@cyberchimps.com,9430 Dennis Alley,43.9,2021-11-05 00:29:43
349,73,Sarvghadi,S,wfreshwater9o@wikispaces.com,2531 Lerdahl Alley,78.07,2021-08-23 04:14:08
350,15,Waysocher,W,kpetegrew9p@hubpages.com,434 Hauk Hill,20.57,2021-08-25 04:55:31
351,16,Zhuta,Z,abrowne9q@un.org,73686 Magdeline Terrace,98.79,2021-08-06 06:44:39
352,,Sepehri/Rad,S,kdaspar9r@nba.com,98 Parkside Drive,47.47,2021-12-25 00:20:03
353,,Pishchala,P,lfishpool9s@netvibes.com,99 Cottonwood Trail,32.64,2021-08-16 11:14:41
354,85,Theiler,T,ebiddy9t@google.es,91 Nova Alley,64.65,2021-08-01 05:15:19
355,45,Rahman,R,rfeehery9u@scientificamerican.com,105 Porter Avenue,75.97,2021-10-02 17:46:47
356,76,Freudenthaler,F,aohalligan9v@jugem.jp,74047 Old Gate Street,67.33,2021-10-06 08:19:16
357,46,Theiler,T,aapplegate9w@patch.com,00804 Harbort Park,95.66,2021-12-13 06:04:25
358,,Najafiannasir,N,ttoffoletto9x@i2i.jp,67894 Rigney Park,67.8,2021-05-15 14:40:42
359,93,Sepehri/Rad,S,mhowitt9y@ucsd.edu,2 Gateway Lane,94.62,2021-12-28 08:11:58
360,82,Otenhajmer,O,hlipscombe9z@google.es,4 Elka Alley,86.08,2021-01-09 12:18:58
361,36,Najafiannasir,N,ktenbya0@simplemachines.org,2288 Sutherland Hill,44.21,2021-09-23 20:33:04
362,99,Rahman,R,gcosbeya1@newsvine.com,2 Sheridan Hill,40.08,2021-03-29 06:58:42
363,75,Mathes,M,tdinsmorea2@geocities.jp,5 Hooker Road,67.86,2021-06-13 13:51:52
364,43,Najafiannasir,N,zziemena3@yolasite.com,0 Everett Park,15.22,2021-03-23 20:44:32
365,82,Sepehri/Rad,S,eshanea4@boston.com,91713 David Trail,62.13,2021-03-07 19:52:42
366,6,Rahman,R,ihegdonnea5@devhub.com,305 Little Fleur Crossing,52.45,2021-01-23 02:48:40
367,40,Galic,G,tjudea6@ted.com,9737 Fuller Drive,90.3,2021-05-23 14:45:12
368,15,Predic,P,fwillingama7@examiner.com,0247 Northview Place,85.77,2021-09-16 18:18:07
369,88,Pathak,P,gharmesa8@multiply.com,63503 Darwin Way,91.21,2021-06-29 09:58:00
370,93,Pishchala,P,hglisanea9@vinaora.com,265 Talmadge Court,69.81,2021-04-12 07:03:31
371,21,Hirschhofer,H,agarnaraa@mozilla.com,8915 Debra Way,51.44,2021-08-13 11:55:08
372,24,Waysocher,W,mgregoireab@issuu.com,4046 Jenifer Trail,26.59,2021-03-26 15:28:50
373,49,Rahman,R,fchellingworthac@boston.com,304 Starling Road,50.26,2021-04-23 10:20:18
374,60,Freudenthaler,F,mmckernonad@senate.gov,4622 Prentice Terrace,35.13,2021-12-14 20:39:25
375,38,Rahman,R,ebarrusae@theatlantic.com,7 Jenifer Road,42.57,2021-03-25 04:45:29
376,44,Zhuta,Z,amccardaf@biglobe.ne.jp,765 Lunder Junction,50.45,2021-11-02 12:27:25
377,,Varga,V,havarneag@narod.ru,07 Hoard Place,66.09,2021-08-05 16:18:02
378,31,Maurizio,M,lhavelinah@smh.com.au,36 Rockefeller Circle,72.44,2021-10-24 14:07:32
379,83,Ertl-Winand,E,cissacai@bigcartel.com,73009 Hovde Center,86.86,2021-12-12 16:13:26
380,54,Otenhajmer,O,gjobbaj@example.com,90 Blue Bill Park Point,35.57,2021-09-08 00:05:01
381,,Otenhajmer,O,atomalaak@hugedomains.com,81772 Atwood Alley,59.7,2021-03-14 16:01:49
382,46,Pishchala,P,dcapstaffal@globo.com,90715 Mifflin Drive,30.71,2021-02-18 06:30:21
383,71,Rahman,R,rkiltyam@123-reg.co.uk,84631 Burrows Crossing,35.63,2021-03-05 10:21:53
384,80,Hedda,H,jhanburybrownan@homestead.com,7 West Terrace,63.92,2021-09-21 14:03:34
385,20,Theiler,T,sgyerao@huffingtonpost.com,6 Kedzie Pass,92.27,2021-04-15 22:53:55
386,69,Predic,P,aflageulap@edublogs.org,8169 Emmet Alley,71.43,2021-10-19 10:45:37
387,,Otenhajmer,O,kthackwrayaq@privacy.gov.au,2326 Shopko Park,65.2,2021-08-20 17:53:59
388,26,Pathak,P,rheinreichar@soup.io,482 Longview Park,33.33,2021-05-16 11:24:43
389,40,Maurizio,M,jbengocheaas@toplist.cz,29417 High Crossing Way,80.17,2021-06-21 16:00:33
390,82,Galic,G,ldannohlat@seattletimes.com,5893 Duke Park,83.49,2021-07-31 16:32:28
391,74,Efimov,E,cleopoldau@so-net.ne.jp,59537 Harper Road,97.87,2021-12-04 17:23:59
392,26,Aminian,A,emoresbyav@hubpages.com,58 Hazelcrest Street,84.99,2021-10-04 01:25:26
393,25,Varga,V,arelfeaw@squidoo.com,47316 Messerschmidt Circle,79.45,2021-12-01 03:49:08
394,8,Theiler,T,obrockwayax@google.ca,2826 Linden Circle,19.01,2021-09-22 13:16:01
395,25,Rahman,R,ameieray@howstuffworks.com,63926 Charing Cross Parkway,93.56,2021-12-06 20:37:48
396,37,Theiler,T,jcollickaz@usda.gov,56 Dwight Circle,48.92,2021-11-29 03:54:34
397,18,Hedda,H,bpalleb0@goodreads.com,48610 3rd Street,11.19,2021-03-18 18:05:02
398,34,Theiler,T,vrenvoysb1@prlog.org,54 Red Cloud Circle,99.08,2021-10-22 01:21:05
399,96,Najafiannasir,N,lattocb2@alexa.com,0 Corscot Hill,40.6,2021-04-17 22:42:13
400,18,Pishchala,P,srevanb3@twitter.com,1 Manufacturers Pass,98.12,2021-11-19 23:39:38
401,,Efimov,E,eharkessb4@vk.com,5 Mendota Circle,22.04,2021-04-26 06:36:38
402,44,Waysocher,W,blippb5@cdbaby.com,2 Dennis Lane,45.65,2021-07-20 20:56:29
403,44,Zipser,Z,dtrimmillb6@army.mil,744 Tennyson Park,60.08,2021-01-25 06:09:33
404,,Pusch,P,wortellsb7@washingtonpost.com,84 Hanover Lane,21.1,2021-03-19 23:45:16
405,68,Zipser,Z,ggrishakinb8@ucsd.edu,6452 Heffernan Park,54.97,2021-01-31 03:11:34
406,62,Donhauser,D,tchampagneb9@craigslist.org,47 Nova Alley,20.8,2021-04-09 03:41:00
407,97,Pusch,P,tcrosslandba@altervista.org,1 Russell Court,83.15,2021-12-06 11:07:12
408,46,Pusch,P,ahodjettsbb@mit.edu,7941 Butterfield Lane,34.56,2021-10-25 00:02:38
409,,Hirschhofer,H,ameacherbc@elegantthemes.com,014 Thierer Drive,34.66,2021-09-07 20:10:22
410,33,Hedda,H,kcouvetbd@salon.com,4 Fair Oaks Street,10.04,2021-05-29 18:26:19
411,5,Sarvghadi,S,mgolderbe@sciencedaily.com,792 Mallory Terrace,63.16,2021-07-21 03:28:57
412,45,Ertl-Winand,E,jciraldobf@usnews.com,8 Garrison Circle,83.35,2021-05-31 23:22:45
413,95,Otenhajmer,O,rfrostickbg@chron.com,7 Merry Park,21.69,2021-07-23 10:42:00
414,37,Mathes,M,mdecayettebh@sfgate.com,7165 Merrick Junction,66.6,2021-03-15 00:31:10
415,31,Zhuta,Z,lmorhallbi@state.gov,00 Chinook Place,25.81,2021-07-10 07:07:16
416,14,Theiler,T,tbehrensbj@chicagotribune.com,2 Grim Crossing,55.21,2021-02-22 12:59:34
417,,Rahman,R,etompionbk@xing.com,577 Veith Court,42.89,2021-06-14 20:13:20
418,63,Zhuta,Z,zmintobl@bigcartel.com,852 Dunning Place,34.91,2021-09-24 13:19:20
419,,Zipser,Z,mtromanbm@shinystat.com,18 Victoria Alley,25.08,2021-09-17 23:07:46
420,31,Freudenthaler,F,ahargessbn@google.co.jp,2 Clarendon Court,32.55,2021-05-11 14:47:05
421,59,Efimov,E,rosgordbybo@samsung.com,2 Clove Street,50.62,2021-01-30 12:07:55
422,34,Pusch,P,mcharopenbp@zimbio.com,75 Marcy Lane,43.8,2021-01-05 05:37:20
423,67,Waysocher,W,jstanyonbq@icq.com,316 Lotheville Park,63.1,2021-12-07 07:39:54
424,7,Hirschhofer,H,egillivriebr@google.co.uk,14 Texas Alley,10.65,2021-02-13 10:54:10
425,31,Lazarevic,L,mdouglassbs@google.cn,8589 Autumn Leaf Pass,20.29,2021-10-22 10:58:33
426,88,Zipser,Z,mwillshirebt@rediff.com,3824 Lien Alley,48.91,2021-01-02 07:25:02
427,25,Pishchala,P,dsamterbu@indiegogo.com,5 Cardinal Road,94.36,2021-05-08 05:59:42
428,44,Sepehri/Rad,S,kfenichbv@marriott.com,906 Grasskamp Place,97.6,2021-12-04 13:48:14
429,41,Najafiannasir,N,khuntarbw@newyorker.com,2 Moose Junction,94.21,2021-02-25 22:03:08
430,23,Otenhajmer,O,bjothambx@vistaprint.com,16278 Golf View Place,54.41,2021-10-28 12:51:36
431,48,Varga,V,bkoppby@bbb.org,40882 Forest Run Point,30.48,2021-05-23 22:47:59
432,,Hirschhofer,H,ndaguannobz@google.com.au,4104 Grover Lane,50.9,2021-08-11 12:38:12
433,4,Hedda,H,dhalyc0@unblog.fr,677 Norway Maple Junction,43.65,2021-02-10 16:08:28
434,30,Rahman,R,rbrounfieldc1@qq.com,1869 Ronald Regan Plaza,99.78,2021-05-06 11:06:45
435,50,Zhuta,Z,aduboisc2@e-recht24.de,67852 Crest Line Alley,87.01,2021-01-16 19:38:31
436,37,Maurizio,M,btripneyc3@ask.com,0448 Melvin Alley,95.67,2021-11-26 04:15:17
437,32,Sarvghadi,S,amarlandc4@businessinsider.com,8409 Drewry Center,88.13,2021-02-23 14:46:28
438,65,Maurizio,M,emaseresc5@digg.com,5 5th Plaza,22.69,2021-04-07 17:40:20
439,67,Sarvghadi,S,bsavilc6@github.io,991 Vermont Hill,48.86,2021-09-04 00:18:09
440,11,Zipser,Z,lloughreyc7@wikispaces.com,6 Bluejay Crossing,48.45,2021-06-17 09:31:57
441,96,Rahman,R,iscobiec8@imgur.com,19 Garrison Street,98.05,2021-12-03 11:02:24
442,90,Varga,V,clannenc9@globo.com,6 Pankratz Junction,29.41,2021-08-16 04:45:10
443,8,Zipser,Z,adraaismaca@virginia.edu,8998 Green Ridge Point,21.01,2021-06-29 02:59:23
444,85,Brugger,B,crobakcb@mac.com,11869 Tomscot Junction,95.81,2021-06-16 15:46:19
445,86,Zipser,Z,ebattistacc@wix.com,0 Drewry Park,87.75,2021-07-27 14:44:41
446,,Sepehri/Rad,S,aveltmancd@illinois.edu,389 Scott Trail,16.82,2021-11-05 20:32:02
447,29,Soltani,S,ctansleyce@paypal.com,07 Starling Terrace,37.88,2021-02-11 15:06:25
448,58,Sepehri/Rad,S,rshippamcf@sfgate.com,0430 Debra Court,36.87,2021-02-12 08:31:09
449,73,Sepehri/Rad,S,dkyngecg@cnet.com,5998 Elka Pass,61.33,2021-08-08 18:25:00
450,74,Maurizio,M,kglayzerch@slate.com,1 Homewood Place,88.0,2021-01-25 09:39:28
451,27,Zipser,Z,gliebci@vinaora.com,91249 Barnett Hill,44.43,2021-04-08 16:26:07
452,36,Zhuta,Z,naroncj@merriam-webster.com,962 Stang Drive,44.56,2021-04-10 12:54:07
453,22,Otenhajmer,O,llabordack@engadget.com,23 Blue Bill Park Hill,29.38,2021-10-19 04:41:59
454,14,Galic,G,mhastiecl@comcast.net,71672 Leroy Drive,42.71,2021-03-15 22:05:17
455,55,Soltani,S,shalledaycm@over-blog.com,843 Eastwood Center,85.45,2021-06-21 05:57:25
456,1,Pathak,P,mmccaghancn@apache.org,9597 Dwight Avenue,15.29,2021-06-13 19:58:37
457,14,Rahman,R,cfreeberneco@moonfruit.com,2985 6th Plaza,65.92,2021-08-13 11:48:12
458,90,Pusch,P,leffauntcp@marriott.com,66570 Hanson Pass,95.58,2021-11-04 01:55:34
459,93,Varga,V,bbreakspearcq@usa.gov,26151 Coleman Hill,64.74,2021-05-29 08:08:08
460,50,Zhuta,Z,hwhisbycr@whitehouse.gov,5324 Melby Center,85.56,2021-07-12 01:03:15
461,54,Zhuta,Z,hcasierocs@google.com.au,04 Onsgard Road,68.18,2021-11-29 18:14:17
462,9,Sarvghadi,S,aglentonct@baidu.com,86705 Warrior Trail,86.34,2021-06-30 09:41:20
463,92,Varga,V,hbalderycu@xing.com,42 Norway Maple Circle,66.87,2021-06-27 14:44:15
464,56,Donhauser,D,sridleycv@gov.uk,11 Lakewood Avenue,21.12,2021-12-17 03:24:16
465,98,Rahman,R,mtrudercw@sina.com.cn,9967 Arapahoe Point,33.86,2021-04-16 05:53:11
466,,Theiler,T,jsygrovescx@slideshare.net,0838 Fair Oaks Center,85.74,2021-05-09 23:13:49
467,4,Otenhajmer,O,vpadberycy@tamu.edu,36 La Follette Court,44.6,2021-12-20 02:30:40
468,98,Pathak,P,cwestphalencz@blogger.com,97021 Rutledge Park,43.85,2021-11-29 13:17:38
469,17,Rahman,R,ktapendend0@miibeian.gov.cn,4 Loftsgordon Court,87.22,2021-05-31 21:05:00
470,,Hedda,H,ehousdend1@cdbaby.com,333 Rusk Park,17.16,2021-02-19 05:54:53
471,4,Najafiannasir,N,lbrehaultd2@sina.com.cn,19000 Jenifer Terrace,89.29,2021-12-03 11:45:15
472,57,Pishchala,P,gciciarid3@ning.com,7441 Scoville Parkway,51.77,2021-03-31 05:17:08
473,18,Hedda,H,bmaidend4@berkeley.edu,4007 Kedzie Crossing,17.52,2021-03-11 02:22:05
474,,Lazarevic,L,bderrettd5@economist.com,23 Chive Crossing,37.24,2021-04-16 11:45:43
475,73,Sarvghadi,S,bandrind6@theguardian.com,57 Melody Junction,89.25,2021-09-27 02:48:26
476,44,Waysocher,W,rsandelandd7@wp.com,319 Anhalt Pass,35.8,2021-07-10 20:23:52
477,24,Zhuta,Z,cbeechingd8@creativecommons.org,2943 Dapin Place,41.68,2021-03-04 05:02:55
478,,Soltani,S,wbramed9@thetimes.co.uk,302 Hoard Junction,98.7,2021-11-15 00:00:39
479,,Zipser,Z,wspinkeda@deliciousdays.com,9 Manufacturers Alley,20.28,2021-02-22 10:21:02
480,6,Zipser,Z,tmariottedb@mit.edu,5 7th Point,22.17,2021-09-14 13:12:53
481,66,Zipser,Z,dwhatmoughdc@jigsy.com,08197 Prairie Rose Crossing,25.91,2021-02-20 17:33:27
482,83,Pusch,P,nhamilldd@canalblog.com,1445 Crowley Lane,99.8,2021-01-29 22:04:57
483,84,Zhuta,Z,gdedneyde@princeton.edu,9 Waxwing Way,55.16,2021-05-05 13:43:49
484,94,Zhuta,Z,bslesserdf@geocities.jp,14 Riverside Parkway,42.67,2021-05-30 13:21:13
485,100,Zipser,Z,dcashindg@addthis.com,95945 West Terrace,43.45,2021-09-05 18:44:07
486,43,Rahman,R,aszubertdh@google.es,63 Muir Park,65.89,2021-03-02 11:39:24
487,3,Zhuta,Z,rhoulisondi@cnbc.com,82 Hayes Crossing,58.31,2021-12-29 18:05:59
488,7,Theiler,T,pjorgerdj@oracle.com,248 Donald Court,94.11,2021-02-17 14:52:52
489,,Sarvghadi,S,sdmychdk@de.vu,8 Grasskamp Place,43.42,2021-08-28 15:39:15
490,34,Otenhajmer,O,esprakesdl@microsoft.com,322 Ohio Pass,71.41,2021-05-23 03:17:39
491,35,Freudenthaler,F,rbrehenydm@cnet.com,6161 Waywood Trail,61.49,2021-09-19 05:04:36
492,30,Akbari/Liavali,A,balwendn@guardian.co.uk,11 Shoshone Center,74.1,2021-06-11 13:09:50
493,37,Rahman,R,maberdeindo@squarespace.com,70 Fairview Circle,65.17,2021-07-19 02:17:32
494,,Pathak,P,mfisbydp@amazon.de,5755 Springs Alley,58.24,2021-07-13 12:39:19
495,92,Zhuta,Z,acondliffedq@disqus.com,52 Melby Circle,85.2,2021-05-10 19:43:28
496,65,Pusch,P,gacorsdr@buzzfeed.com,0809 Leroy Court,26.96,2021-03-03 18:31:54
497,90,Pathak,P,kharrigands@eepurl.com,69 Hallows Terrace,77.74,2021-10-15 06:44:43
498,30,Zhuta,Z,abonhandt@freewebs.com,8 Dorton Point,14.86,2021-11-08 07:39:14
499,63,Soltani,S,wsaggsdu@blogger.com,1290 Swallow Trail,14.71,2021-04-15 00:48:22
500,50,Efimov,E,bbardedv@gmpg.org,09598 Bayside Point,30.85,2021-01-21 14:37:41
501,32,Predic,P,msaipydw@twitpic.com,8 Logan Road,98.09,2021-02-16 12:27:19
502,40,Najafiannasir,N,acasadodx@hugedomains.com,41499 Village Place,15.26,2021-11-11 06:46:00
503,,Predic,P,rboobierdy@technorati.com,314 Boyd Terrace,63.75,2021-05-15 13:35:38
504,59,Zhuta,Z,lmcrorydz@alibaba.com,465 Blaine Avenue,19.34,2021-02-02 00:17:57
505,70,Hedda,H,pgrickse0@clickbank.net,6282 Kinsman Pass,63.81,2021-05-17 01:06:01
506,99,Zhuta,Z,fbrahmere1@google.co.jp,47687 Kinsman Park,85.49,2021-04-10 06:16:56
507,28,Pishchala,P,jjaycockse2@omniture.com,588 Derek Hill,74.51,2021-09-12 16:10:53
508,19,Akbari/Liavali,A,blanghore3@tripadvisor.com,07237 Hanover Center,97.7,2021-07-27 02:44:01
509,91,Rahman,R,cfleschere4@theglobeandmail.com,36835 Laurel Street,53.27,2021-09-20 18:13:32
510,70,Sarvghadi,S,gcossanse5@sciencedaily.com,3 Hagan Drive,60.15,2021-12-22 11:55:44
511,100,Sepehri/Rad,S,rlovelocke6@netlog.com,84964 Park Meadow Plaza,23.81,2021-11-06 03:20:32
512,,Zhuta,Z,agentsche7@china.com.cn,6 Carey Center,83.46,2021-04-26 07:31:50
513,68,Sepehri/Rad,S,mreimse8@csmonitor.com,17659 Pond Terrace,54.64,2021-11-23 04:20:28
514,81,Brugger,B,dlevertone9@squidoo.com,8 Ryan Drive,54.93,2021-12-12 17:14:09
515,3,Theiler,T,vcurseyea@behance.net,4229 Kropf Avenue,34.03,2021-01-29 21:57:50
516,83,Efimov,E,islefordeb@hud.gov,71491 Corscot Court,30.26,2021-04-07 21:05:52
517,,Rahman,R,civonsec@tinypic.com,5 Montana Lane,97.27,2021-06-22 23:33:31
518,24,Theiler,T,dboheaed@state.tx.us,3674 Arkansas Circle,79.12,2021-06-02 10:24:35
519,63,Rahman,R,frowswellee@washingtonpost.com,927 Ridgeview Lane,73.9,2021-12-20 10:10:23
520,44,Varga,V,rtuxsellef@vinaora.com,224 Bay Plaza,67.74,2021-10-14 16:20:16
521,42,Sarvghadi,S,wcallfeg@europa.eu,3877 1st Center,99.26,2021-10-07 09:54:44
522,13,Maurizio,M,rdaeneneh@imdb.com,7 Loomis Park,24.53,2021-09-28 12:30:51
523,32,Akbari/Liavali,A,mvorleyei@typepad.com,132 Columbus Trail,28.59,2021-04-11 10:39:43
524,24,Theiler,T,ksichaej@furl.net,90722 Shoshone Parkway,64.4,2021-08-17 17:26:35
525,70,Lazarevic,L,afettisek@jalbum.net,92 Bobwhite Center,25.03,2021-11-02 05:16:23
526,98,Theiler,T,askelingtonel@biblegateway.com,127 Sutteridge Junction,12.36,2021-03-17 22:23:05
527,6,Barcza,B,nweadickem@unblog.fr,53292 Garrison Hill,57.2,2021-02-02 01:15:39
528,38,Rahman,R,jprevetten@over-blog.com,32446 Russell Park,17.55,2021-03-20 06:45:43
529,63,Zhuta,Z,alaxtoneo@seattletimes.com,3375 Eastlawn Place,14.12,2021-09-04 07:50:02
530,65,Ertl-Winand,E,mclinnickep@guardian.co.uk,5 Monterey Drive,55.94,2021-07-04 16:48:47
531,,Theiler,T,egrinnoveq@patch.com,89818 Dryden Road,28.84,2021-08-09 23:57:11
532,47,Najafiannasir,N,tarchanbaulter@weebly.com,0 Eliot Alley,53.37,2021-03-26 13:43:14
533,28,Pusch,P,mhawkridgees@wordpress.com,3953 Superior Point,99.06,2021-05-18 14:33:14
534,11,Varga,V,flavalet@buzzfeed.com,043 Farmco Place,75.58,2021-10-21 07:21:24
535,83,Galic,G,sbloxhameu@netlog.com,63 Anthes Plaza,89.08,2021-09-28 06:42:55
536,32,Varga,V,sdeanev@jimdo.com,8932 Anhalt Street,68.89,2021-12-06 02:00:08
537,31,Pusch,P,skirkbyew@liveinternet.ru,279 Chive Street,77.98,2021-01-01 09:22:29
538,63,Varga,V,etommenex@wsj.com,8310 Old Shore Crossing,32.06,2021-05-05 22:53:48
539,,Otenhajmer,O,creedeey@answers.com,23 Basil Road,81.31,2021-03-16 00:06:05
540,85,Zhuta,Z,rfawsonez@comsenz.com,7 Coolidge Point,90.55,2021-07-07 08:31:01
541,55,Galic,G,rgrimmef0@t.co,8040 Toban Park,65.16,2021-09-15 23:36:55
542,19,Predic,P,jwillisf1@amazon.com,48 Bultman Place,65.29,2021-06-08 00:05:35
543,13,Varga,V,mhaineyf2@army.mil,75082 Elgar Avenue,20.6,2021-05-30 16:02:41
544,2,Zhuta,Z,ksavilf3@cnbc.com,10347 Tennyson Court,78.64,2021-12-18 09:56:48
545,55,Theiler,T,vrigbyef4@mtv.com,88 Hovde Park,61.79,2021-06-05 18:08:09
546,77,Freudenthaler,F,lmonroef5@hostgator.com,79651 Pierstorff Trail,88.97,2021-01-26 19:08:05
547,14,Varga,V,serdisf6@phpbb.com,39 Ridge Oak Avenue,21.94,2021-04-25 01:33:01
548,15,Waysocher,W,doguzf7@businessinsider.com,124 Fairfield Circle,21.83,2021-07-25 06:06:52
549,82,Pathak,P,wpothergillf8@blogger.com,13 Tennyson Way,80.12,2021-11-04 08:03:13
550,15,Aminian,A,kdurnellf9@lulu.com,6 Almo Parkway,13.09,2021-01-17 08:03:12
551,71,Waysocher,W,mchristophersonfa@cbsnews.com,85 Oak Center,27.88,2021-10-21 13:15:47
552,11,Hirschhofer,H,tokerinfb@nydailynews.com,44 Crescent Oaks Terrace,99.29,2021-02-09 02:01:26
553,83,Galic,G,anovkovicfc@comsenz.com,24 Nevada Parkway,75.05,2021-01-19 13:03:28
554,,Lazarevic,L,lbeatsonfd@cisco.com,19 Esch Avenue,13.25,2021-01-31 17:53:56
555,1,Lazarevic,L,gkinnerleyfe@sina.com.cn,0761 Roth Hill,45.2,2021-03-27 06:06:04
556,17,Ertl-Winand,E,mtatumff@mtv.com,09 La Follette Junction,17.06,2021-11-18 07:37:12
557,24,Theiler,T,mcoverlynfg@blogspot.com,8 Red Cloud Park,15.49,2021-12-25 18:15:40
558,12,Najafiannasir,N,ehullahfh@usda.gov,337 Scott Drive,92.29,2021-02-11 15:27:31
559,66,Ertl-Winand,E,taimericfi@un.org,84704 Lerdahl Park,95.95,2021-02-05 11:40:57
560,47,Brugger,B,sledbetterfj@wordpress.com,3527 Eastlawn Plaza,19.81,2021-04-21 00:25:11
561,75,Mathes,M,wdmitrovicfk@163.com,1 Thierer Crossing,22.67,2021-03-19 15:16:59
562,30,Pishchala,P,ksherreardfl@fastcompany.com,363 Almo Way,99.31,2021-03-24 08:54:30
563,,Mathes,M,hstaceyfm@wsj.com,91 Farmco Avenue,73.47,2021-02-05 19:43:48
564,90,Predic,P,arhymerfn@kickstarter.com,69542 American Ash Avenue,24.73,2021-05-02 14:30:31
565,,Pusch,P,klewsamfo@go.com,3991 Vahlen Terrace,74.52,2021-08-29 18:39:03
566,100,Rahman,R,nmatysfp@hp.com,17 Mcguire Way,55.02,2021-10-12 19:23:41
567,18,Theiler,T,lblannfq@pinterest.com,4275 Sundown Drive,97.73,2021-11-26 00:27:29
568,41,Pishchala,P,mkilpatrickfr@amazon.co.jp,19100 Green Ridge Place,21.44,2021-05-18 03:13:06
569,44,Mathes,M,nkiliusfs@comcast.net,84 Hollow Ridge Pass,87.19,2021-08-30 21:57:13
570,24,Ertl-Winand,E,blemmersft@prweb.com,35467 Sunnyside Road,14.34,2021-12-17 20:50:23
571,28,Lazarevic,L,tchilverfu@blinklist.com,7 Graedel Circle,31.21,2021-06-25 01:36:09
572,65,Maurizio,M,wmatuszkiewiczfv@cnet.com,6177 Sauthoff Alley,95.79,2021-08-10 18:19:44
573,,Theiler,T,estealfoxfw@opera.com,90123 Parkside Place,93.7,2021-09-04 22:14:52
574,22,Galic,G,vcompfortfx@google.com.br,75706 Knutson Street,82.36,2021-01-10 18:10:15
575,70,Zipser,Z,abulstrodefy@craigslist.org,0658 Onsgard Center,93.6,2021-03-07 08:18:46
576,74,Pishchala,P,jfridfz@usatoday.com,71 Delladonna Road,59.88,2021-01-19 04:23:57
577,37,Zhuta,Z,scrinidgeg0@weather.com,99 Lunder Lane,14.72,2021-03-16 20:24:31
578,97,Galic,G,ecustedg1@cbc.ca,61430 Tennyson Point,71.99,2021-03-15 02:31:24
579,59,Varga,V,bvideneevg2@storify.com,8201 Ilene Terrace,38.46,2021-02-20 03:45:32
580,44,Pathak,P,gtrundlerg3@bloomberg.com,495 Mandrake Point,39.11,2021-01-17 07:24:05
581,84,Galic,G,nlemarquisg4@ftc.gov,3406 Homewood Point,76.18,2021-09-10 19:59:45
582,17,Sarvghadi,S,wzorng5@yahoo.com,7136 Almo Pass,52.91,2021-03-06 14:59:39
583,88,Zipser,Z,omairg6@meetup.com,21929 Fallview Lane,33.29,2021-07-15 05:15:27
584,42,Pusch,P,aaprilg7@tamu.edu,14034 Sachtjen Lane,59.19,2021-04-07 13:03:11
585,6,Rahman,R,elenhamg8@google.com.au,64063 Columbus Crossing,18.87,2021-05-19 18:53:14
586,,Pusch,P,bruscoeg9@oakley.com,2 Portage Trail,25.17,2021-12-05 14:34:11
587,39,Zhuta,Z,wgrzegorzewiczga@so-net.ne.jp,903 Calypso Center,98.35,2021-06-18 09:47:56
588,52,Donhauser,D,hlourensgb@ft.com,862 Transport Drive,56.45,2021-10-25 19:44:40
589,47,Pishchala,P,blamblegc@nyu.edu,1 Larry Circle,15.68,2021-11-01 01:17:11
590,14,Rahman,R,sstaitegd@wp.com,1533 Loeprich Terrace,49.87,2021-09-29 21:40:06
591,97,Hedda,H,fferrieroige@arstechnica.com,778 Arrowood Plaza,85.41,2021-07-04 11:57:46
592,64,Sepehri/Rad,S,jbellordgf@google.nl,09 Pearson Pass,36.7,2021-11-18 06:42:07
593,20,Sarvghadi,S,mtarbingg@ocn.ne.jp,93385 Nobel Park,34.85,2021-12-11 01:34:58
594,39,Zhuta,Z,savrahamiangh@goodreads.com,30083 Sycamore Way,14.16,2021-06-03 18:46:16
595,48,Soltani,S,ldjokicgi@a8.net,4057 Lakewood Gardens Pass,81.86,2021-04-12 16:33:53
596,90,Zhuta,Z,jleavesgj@berkeley.edu,01523 Eggendart Lane,98.8,2021-02-12 21:19:37
597,45,Sarvghadi,S,bboatwrightgk@gizmodo.com,1490 Truax Street,62.71,2021-05-22 21:12:29
598,70,Predic,P,lboulegl@bluehost.com,5459 Merrick Place,56.78,2021-02-16 12:56:21
599,74,Waysocher,W,dipslygm@army.mil,98829 Lake View Terrace,33.45,2021-02-25 07:22:06
600,85,Najafiannasir,N,mduckergn@examiner.com,13 Rusk Hill,96.58,2021-09-28 08:08:00
601,84,Varga,V,stheakergo@paypal.com,21 Sachs Park,65.77,2021-10-23 16:03:46
602,19,Pathak,P,cchavezgp@123-reg.co.uk,80 La Follette Junction,58.83,2021-12-30 04:03:36
603,26,Sepehri/Rad,S,fcharlsongq@accuweather.com,6745 Elka Street,57.35,2021-01-01 15:49:59
604,58,Zipser,Z,nrobinettegr@godaddy.com,28581 Eagle Crest Trail,12.53,2021-08-13 12:40:09
605,18,Waysocher,W,tcuxsongs@discovery.com,15 Grover Terrace,23.49,2021-01-13 12:57:21
606,49,Soltani,S,cmallinggt@diigo.com,299 Rusk Hill,12.35,2021-06-16 04:18:47
607,29,Soltani,S,byegoshingu@reddit.com,5 Commercial Plaza,88.03,2021-11-02 04:38:38
608,50,Sepehri/Rad,S,dgoutgv@issuu.com,0894 Main Place,98.07,2021-10-03 11:26:45
609,8,Sarvghadi,S,tdecrucegw@geocities.jp,07 Fair Oaks Parkway,14.08,2021-07-05 23:19:39
610,5,Aminian,A,lviangx@ocn.ne.jp,4 Swallow Junction,29.9,2021-08-18 15:07:49
611,51,Lazarevic,L,tpyegy@comsenz.com,8 Shasta Alley,69.39,2021-02-25 23:54:35
612,89,Rahman,R,alittlergz@ebay.com,27853 1st Way,56.11,2021-04-02 22:27:49
613,48,Theiler,T,nwitsonh0@goo.gl,07110 Londonderry Court,13.55,2021-01-09 20:33:04
614,96,Hirschhofer,H,eswedelandh1@tinyurl.com,4705 Drewry Place,22.72,2021-10-05 07:00:27
615,28,Mathes,M,sbrittenh2@hatena.ne.jp,8 Little Fleur Court,27.65,2021-03-19 07:42:00
616,89,Zipser,Z,jmartinsonh3@timesonline.co.uk,4978 Little Fleur Plaza,15.09,2021-10-31 06:21:54
617,58,Rahman,R,mgreedyerh4@amazonaws.com,35 Rieder Point,86.35,2021-09-09 15:33:53
618,89,Rahman,R,cpavyh5@ning.com,28995 Charing Cross Center,28.58,2021-06-24 11:17:54
619,37,Ertl-Winand,E,olarchierh6@freewebs.com,95892 Crownhardt Court,33.98,2021-04-05 02:43:15
620,7,Pathak,P,fleveretteh7@scientificamerican.com,630 Huxley Park,72.4,2021-06-01 18:21:33
621,17,Pusch,P,cthornewillh8@princeton.edu,2 Vernon Lane,91.0,2021-01-03 18:52:00
622,91,Theiler,T,eburfieldh9@yellowpages.com,97113 Rowland Court,42.14,2021-08-27 10:27:25
623,30,Zhuta,Z,hbuckleeha@qq.com,72 Tennessee Street,33.47,2021-11-29 06:09:32
624,,Predic,P,auppetthb@yellowbook.com,9768 Chive Road,44.65,2021-10-12 19:21:14
625,62,Efimov,E,bmacakhc@nationalgeographic.com,89 Charing Cross Terrace,40.13,2021-08-30 10:13:09
626,48,Theiler,T,ndailehd@stumbleupon.com,0 Commercial Center,86.98,2021-05-04 05:55:33
627,8,Rahman,R,gwoolacotthe@narod.ru,294 Waubesa Hill,35.16,2021-11-19 18:31:01
628,71,Rahman,R,dbrabbinshf@springer.com,75 Pearson Parkway,46.22,2021-05-07 04:16:21
629,99,Sepehri/Rad,S,handreixhg@cbslocal.com,8845 Nevada Center,82.07,2021-01-03 04:05:37
630,61,Rahman,R,msolanohh@ow.ly,5991 Packers Lane,47.01,2021-04-20 20:08:37
631,5,Zipser,Z,ldevenporthi@sogou.com,415 Vernon Hill,83.67,2021-11-04 19:58:21
632,1,Freudenthaler,F,tfaichniehj@123-reg.co.uk,5 Dahle Circle,15.7,2021-08-26 14:08:01
633,28,Theiler,T,gkinnearhk@istockphoto.com,7 Brickson Park Way,11.75,2021-09-26 05:54:55
634,25,Theiler,T,lwaggehl@goo.gl,3 Lakeland Street,58.62,2021-09-22 08:27:48
635,1,Sarvghadi,S,gmcinilityhm@photobucket.com,46578 Village Point,23.63,2021-06-14 13:54:31
636,6,Zipser,Z,ssperringhn@earthlink.net,88 Stang Terrace,92.48,2021-11-09 12:12:17
637,54,Otenhajmer,O,cmanicomho@tmall.com,9453 Dovetail Center,28.7,2021-01-25 17:36:51
638,42,Najafiannasir,N,bmarmionhp@myspace.com,82 Melby Lane,64.51,2021-09-19 01:25:08
639,57,Maurizio,M,snanuccioihq@yellowpages.com,0 Larry Avenue,57.59,2021-11-18 15:36:36
640,7,Lazarevic,L,jbeldhamhr@spiegel.de,9 Oneill Plaza,83.26,2021-07-24 23:00:25
641,19,Hirschhofer,H,sfiorentinohs@seattletimes.com,0 Tennyson Court,31.22,2021-03-21 18:47:03
642,,Soltani,S,acovellht@fotki.com,1095 Declaration Alley,51.81,2021-05-03 11:16:38
643,80,Freudenthaler,F,gleveretthu@merriam-webster.com,47 Ramsey Pass,34.08,2021-03-21 11:00:58
644,13,Waysocher,W,bspadonihv@posterous.com,97408 3rd Hill,75.08,2021-10-07 06:59:53
645,70,Sarvghadi,S,cbishellhw@behance.net,67 Coleman Junction,60.47,2021-05-09 08:45:41
646,79,Predic,P,fgoucherhx@prnewswire.com,80 Tennyson Pass,37.71,2021-03-15 02:16:44
647,30,Freudenthaler,F,mtregunnahy@unblog.fr,035 Saint Paul Place,59.66,2021-01-16 21:41:30
648,44,Pusch,P,hsondonhz@wired.com,2490 Lien Point,77.78,2021-01-24 04:38:27
649,23,Zipser,Z,rbamberi0@free.fr,7085 Daystar Junction,78.98,2021-01-17 02:22:09
650,15,Rahman,R,dchilleyi1@amazon.co.uk,1 Granby Plaza,10.49,2021-05-04 15:49:58
651,40,Hedda,H,eolexai2@dropbox.com,36756 Anthes Court,80.89,2021-05-17 06:45:14
652,88,Hedda,H,smarciskewskii3@gnu.org,13461 Blue Bill Park Center,20.95,2021-08-25 02:07:38
653,3,Maurizio,M,cwedlocki4@slashdot.org,6 Shoshone Lane,11.28,2021-04-24 16:29:50
654,81,Barcza,B,smomeryi5@jiathis.com,44 Hayes Street,52.15,2021-02-13 06:04:23
655,47,Sarvghadi,S,dwythei6@reverbnation.com,07265 Sunfield Parkway,65.68,2021-01-07 22:58:13
656,41,Sarvghadi,S,atarni7@microsoft.com,576 Mallory Park,65.66,2021-09-09 03:20:23
657,29,Varga,V,cnormavillei8@amazon.de,90607 Ryan Trail,92.48,2021-03-13 15:55:29
658,30,Rahman,R,brahlofi9@uiuc.edu,4864 Sage Trail,51.13,2021-02-18 03:51:21
659,25,Sarvghadi,S,ableiia@ebay.co.uk,344 Bayside Street,90.53,2021-06-25 17:05:11
660,67,Hirschhofer,H,educkinfieldib@51.la,15774 Shasta Junction,73.56,2021-02-07 12:24:06
661,25,Pusch,P,ecoldrickic@tmall.com,97 Messerschmidt Alley,33.46,2021-11-12 11:26:33
662,99,Rahman,R,kronciid@e-recht24.de,987 Bartelt Point,41.13,2021-06-05 03:19:12
663,24,Soltani,S,screykeie@cafepress.com,8 Monterey Plaza,63.51,2021-01-18 00:58:52
664,43,Barcza,B,bmayzesif@geocities.com,6364 Eastwood Terrace,74.82,2021-08-31 00:02:59
665,1,Sarvghadi,S,gackwoodig@pen.io,46 Clove Junction,30.68,2021-08-29 22:34:49
666,23,Rahman,R,mantonopoulosih@wp.com,81109 Sachs Lane,30.84,2021-02-11 18:31:14
667,85,Waysocher,W,ngrzegoreckiii@phpbb.com,3 Michigan Park,26.23,2021-04-12 22:04:12
668,45,Theiler,T,ebentzenij@typepad.com,56 New Castle Place,40.6,2021-07-25 00:40:29
669,70,Hedda,H,dwherritik@geocities.com,43764 5th Court,18.39,2021-02-14 02:47:48
670,,Rahman,R,mkinnardil@samsung.com,91 School Parkway,69.0,2021-03-13 20:59:58
671,88,Mathes,M,kplankeim@theatlantic.com,94 Hoepker Street,70.26,2021-08-23 05:34:36
672,70,Zipser,Z,dodoneganin@vk.com,9569 Marquette Junction,39.87,2021-04-09 15:32:11
673,17,Najafiannasir,N,troperio@google.co.jp,2388 High Crossing Plaza,27.61,2021-02-01 05:36:29
674,67,Hedda,H,tgebbeip@kickstarter.com,87 Wayridge Way,93.46,2021-09-06 10:54:07
675,,Rahman,R,ameriottiq@imageshack.us,5 Esker Court,54.48,2021-01-25 00:55:08
676,55,Soltani,S,ykliemannir@usa.gov,7 Knutson Pass,31.62,2021-05-25 06:09:29
677,29,Pishchala,P,tgrassinis@dailymotion.com,1 Rutledge Alley,72.02,2021-09-05 03:01:40
678,83,Pishchala,P,tlarganit@printfriendly.com,05 Kenwood Terrace,60.46,2021-11-06 10:28:42
679,95,Najafiannasir,N,mhellardiu@google.de,52 Ilene Pass,62.57,2021-02-06 22:05:30
680,95,Pusch,P,hlasseniv@hexun.com,06 Rusk Hill,80.12,2021-08-15 06:00:33
681,8,Soltani,S,tcrosswaiteiw@pinterest.com,5379 Ludington Way,98.97,2021-09-06 12:37:22
682,89,Zhuta,Z,dhannayix@techcrunch.com,01706 Bayside Parkway,28.76,2021-10-31 05:54:36
683,56,Waysocher,W,breochiy@joomla.org,41 South Way,84.87,2021-07-18 19:38:21
684,70,Theiler,T,ylatouriz@hud.gov,5 Independence Avenue,42.94,2021-05-23 10:11:06
685,81,Pathak,P,dcheatlej0@google.com,09851 Luster Trail,23.98,2021-09-13 14:17:00
686,91,Sarvghadi,S,dbenninckj1@nih.gov,85565 Carberry Park,47.15,2021-04-29 18:23:52
687,20,Aminian,A,dtimothyj2@sciencedirect.com,4 High Crossing Circle,29.52,2021-05-30 18:20:30
688,74,Zhuta,Z,aveldmanj3@studiopress.com,15 Superior Place,35.92,2021-07-11 15:34:24
689,31,Waysocher,W,lmaddrellj4@hp.com,32 Vera Drive,75.74,2021-11-23 05:39:03
690,61,Pathak,P,akoptaj5@wp.com,35 Marquette Street,18.5,2021-12-08 18:29:43
691,10,Rahman,R,msagej6@blog.com,0 Knutson Hill,62.76,2021-12-22 04:50:50
692,30,Zipser,Z,swiggettj7@artisteer.com,6 Oakridge Road,68.38,2021-04-14 18:58:14
693,43,Varga,V,jleggottj8@mozilla.com,976 Logan Terrace,29.63,2021-12-16 07:50:50
694,98,Sepehri/Rad,S,bgerblj9@webeden.co.uk,83100 Brickson Park Pass,63.58,2021-12-27 11:42:36
695,,Ertl-Winand,E,dshevellja@sogou.com,0648 Scofield Parkway,25.19,2021-12-16 09:32:00
696,,Pusch,P,ccranmerejb@hatena.ne.jp,9060 Lien Drive,11.9,2021-02-09 11:02:05
697,,Sepehri/Rad,S,bmacbainjc@ezinearticles.com,51 Melvin Place,68.92,2021-11-17 01:48:22
698,34,Varga,V,eraffinjd@goodreads.com,83985 Grim Circle,36.55,2021-07-04 13:57:52
699,88,Najafiannasir,N,jcastletineje@themeforest.net,79413 Brown Center,86.57,2021-09-01 10:52:30
700,20,Zhuta,Z,dmennelljf@businesswire.com,9607 Killdeer Avenue,31.45,2021-06-12 02:41:06
701,,Rahman,R,rringjg@yandex.ru,31 Cody Avenue,86.01,2021-11-11 10:52:12
702,48,Theiler,T,sipsgravejh@acquirethisname.com,09352 Comanche Center,14.72,2021-06-19 21:50:06
703,30,Rahman,R,kstovinji@rediff.com,72 Lotheville Alley,83.35,2021-02-22 13:21:20
704,56,Mathes,M,gdewersonjj@cdbaby.com,6390 Elmside Alley,48.2,2021-05-09 14:36:39
705,100,Soltani,S,mpostlethwaitejk@shareasale.com,369 Ridgeview Place,16.16,2021-11-13 11:59:19
706,54,Varga,V,cfotittjl@zdnet.com,446 Straubel Alley,68.82,2021-02-26 22:52:59
707,44,Zhuta,Z,kbenthamjm@ask.com,395 Lakewood Street,10.35,2021-02-13 00:55:51
708,3,Rahman,R,ntatherjn@prnewswire.com,5 Oak Point,44.66,2021-01-05 12:04:23
709,6,Waysocher,W,vburlejo@vinaora.com,2 Nevada Junction,54.56,2021-08-04 15:23:16
710,91,Waysocher,W,nawdejp@mozilla.com,4 Del Mar Parkway,94.57,2021-01-05 13:25:50
711,24,Pathak,P,osquibbesjq@irs.gov,4 Killdeer Hill,21.7,2021-10-08 20:32:28
712,50,Varga,V,adautryjr@adobe.com,7713 Tennessee Alley,48.41,2021-12-19 21:05:47
713,42,Brugger,B,mperrellijs@fc2.com,620 Fremont Alley,47.05,2021-11-05 12:30:52
714,11,Theiler,T,kalcaldejt@yahoo.com,206 Buell Circle,18.64,2021-08-27 18:50:57
715,,Mathes,M,tgalvanju@usgs.gov,49835 Packers Avenue,48.1,2021-12-27 00:08:28
716,81,Galic,G,esterrickerjv@geocities.jp,3968 Mendota Street,97.06,2021-02-02 08:29:33
717,38,Maurizio,M,lbartolomajw@google.pl,2 Kensington Avenue,14.43,2021-01-26 00:42:40
718,29,Soltani,S,askingleyjx@51.la,157 Lyons Place,41.44,2021-11-29 19:59:49
719,71,Lazarevic,L,ljamisonjy@ca.gov,67 High Crossing Court,43.91,2021-10-19 20:00:25
720,,Efimov,E,cmitkinjz@upenn.edu,279 Dwight Junction,89.19,2021-02-11 10:52:22
721,51,Freudenthaler,F,edunmuirk0@amazon.com,4900 Eastwood Plaza,23.63,2021-12-03 03:22:19
722,6,Zhuta,Z,swaycotk1@slate.com,231 Center Circle,12.0,2021-10-21 16:16:01
723,85,Varga,V,ebalchink2@naver.com,67 Orin Place,39.92,2021-04-04 06:53:59
724,30,Maurizio,M,mtantk3@scribd.com,4 Menomonie Drive,94.68,2021-01-28 01:32:54
725,35,Soltani,S,lluxonk4@surveymonkey.com,12 Lillian Avenue,82.57,2021-02-05 15:48:19
726,43,Rahman,R,aforrestork5@cargocollective.com,220 Hovde Plaza,64.79,2021-11-17 10:19:19
727,49,Zhuta,Z,athunderchiefk6@ning.com,45157 Becker Alley,81.17,2021-12-27 17:42:09
728,23,Zipser,Z,kgiraudotk7@nature.com,62752 Tennyson Center,77.19,2021-09-12 09:05:50
729,16,Pishchala,P,sstallebrassk8@desdev.cn,8 Jenifer Parkway,54.12,2021-04-12 06:32:27
730,24,Rahman,R,smaxwellk9@feedburner.com,0 Warner Street,36.59,2021-02-17 17:13:46
731,,Zipser,Z,adadgeka@deviantart.com,3735 Carey Street,91.72,2021-02-13 10:16:00
732,18,Zipser,Z,cmatcheskb@theglobeandmail.com,5453 Granby Avenue,64.68,2021-03-22 07:07:20
733,26,Galic,G,egrimkc@hao123.com,5 Reindahl Avenue,81.86,2021-06-06 20:22:53
734,75,Freudenthaler,F,gcozbykd@prlog.org,70357 Schlimgen Point,79.24,2021-09-15 11:00:16
735,4,Najafiannasir,N,amarriageke@marketwatch.com,661 Susan Plaza,26.57,2021-09-11 16:37:46
736,15,Pathak,P,mvictorkf@lycos.com,17498 Ramsey Road,22.34,2021-09-09 03:33:06
737,64,Pishchala,P,syegoshinkg@e-recht24.de,340 Havey Avenue,30.5,2021-10-12 06:46:26
738,100,Rahman,R,lgianullikh@scientificamerican.com,94017 Center Pass,93.27,2021-10-10 06:59:15
739,14,Zipser,Z,hmunganeki@umn.edu,96261 Lindbergh Point,32.18,2021-04-12 19:47:57
740,15,Theiler,T,rfermerkj@wired.com,687 Hayes Place,25.42,2021-07-27 05:16:53
741,74,Varga,V,mbrittonerkk@independent.co.uk,9295 Waywood Pass,46.69,2021-03-02 16:51:53
742,,Predic,P,sinksterkl@gnu.org,7 Autumn Leaf Alley,24.29,2021-04-07 11:17:20
743,23,Sepehri/Rad,S,mrothamkm@slideshare.net,3 David Point,36.59,2021-02-14 16:51:08
744,38,Varga,V,dcoyteskn@symantec.com,25279 Pond Parkway,74.11,2021-10-29 01:41:57
745,72,Hirschhofer,H,mgreenhowko@sina.com.cn,05361 Ilene Drive,42.2,2021-09-20 08:55:40
746,82,Freudenthaler,F,tclandillonkp@sohu.com,2 Charing Cross Pass,16.19,2021-06-04 09:01:21
747,34,Waysocher,W,drookq@tiny.cc,23 Orin Circle,23.95,2021-03-28 07:08:26
748,58,Predic,P,jpeytokr@about.me,6630 Kedzie Circle,19.7,2021-02-02 02:36:52
749,,Soltani,S,lcrangks@youtu.be,60 Mockingbird Terrace,72.48,2021-08-23 22:26:22
750,34,Waysocher,W,blevettkt@cbsnews.com,13030 Transport Place,71.06,2021-07-16 11:55:19
751,36,Sarvghadi,S,yhuttleyku@jiathis.com,3 Golf Course Center,43.46,2021-08-12 03:47:12
752,,Waysocher,W,kgostykekv@webs.com,052 Bowman Alley,22.56,2021-08-19 18:27:09
753,,Zhuta,Z,bmcgarriekw@sohu.com,594 Green Ridge Alley,16.68,2021-02-16 17:19:01
754,,Zipser,Z,elabatiekx@telegraph.co.uk,349 Loomis Road,80.44,2021-05-27 23:28:41
755,20,Sarvghadi,S,lstationky@scribd.com,2 Anzinger Hill,83.26,2021-04-13 03:15:23
756,6,Pusch,P,rchaterkz@networksolutions.com,05208 Atwood Court,20.72,2021-04-30 11:17:36
757,49,Waysocher,W,sdeniskevichl0@cdc.gov,043 Del Mar Avenue,69.81,2021-01-29 11:46:39
758,38,Zhuta,Z,jhattiganl1@51.la,9926 Chinook Park,36.56,2021-06-13 17:55:45
759,80,Predic,P,ocordobesl2@oaic.gov.au,8509 Cordelia Court,41.99,2021-06-17 17:04:02
760,20,Rahman,R,ipaintenl3@timesonline.co.uk,338 Westport Circle,67.94,2021-04-16 08:37:54
761,85,Maurizio,M,mincel4@technorati.com,78552 Kings Circle,42.03,2021-06-30 20:49:27
762,1,Zhuta,Z,gduckelsl5@blinklist.com,71 Weeping Birch Hill,10.81,2021-08-16 12:16:45
763,,Otenhajmer,O,bgrenfelll6@prnewswire.com,5951 Esch Point,48.52,2021-02-18 01:20:42
764,93,Lazarevic,L,jmckeggiel7@telegraph.co.uk,284 Wayridge Parkway,14.02,2021-05-21 17:35:54
765,33,Varga,V,lheysl8@tamu.edu,49093 Moose Parkway,29.5,2021-12-20 12:33:40
766,34,Pathak,P,emccrackeml9@reddit.com,441 Holy Cross Street,17.59,2021-03-03 07:20:33
767,34,Sarvghadi,S,mfinlowla@netlog.com,2044 Carpenter Terrace,65.34,2021-08-06 03:42:04
768,86,Waysocher,W,bpumphreylb@techcrunch.com,65 Sage Point,53.72,2021-03-16 07:35:25
769,13,Zhuta,Z,mfuggleslc@usda.gov,7193 North Avenue,10.67,2021-08-03 04:38:48
770,25,Ertl-Winand,E,jhovendenld@addtoany.com,6273 Westridge Alley,79.95,2021-01-22 04:11:23
771,38,Lazarevic,L,wgrahamslawle@opensource.org,43026 Sage Road,40.8,2021-04-22 11:19:17
772,12,Pathak,P,hdonkersleylf@studiopress.com,990 Comanche Point,76.37,2021-10-29 04:26:44
773,15,Pishchala,P,kkelbylg@multiply.com,91165 Park Meadow Center,83.9,2021-04-10 07:08:41
774,75,Zhuta,Z,bharrinsonlh@gov.uk,8315 Mayer Junction,99.75,2021-03-02 09:42:23
775,22,Soltani,S,ncollobyli@china.com.cn,83 Paget Drive,75.14,2021-04-04 21:10:52
776,70,Ertl-Winand,E,rcattermoullj@spotify.com,22485 Golf Course Parkway,29.98,2021-09-05 20:03:31
777,,Theiler,T,hparrottlk@slashdot.org,98 Dexter Place,70.13,2021-04-04 12:13:42
778,36,Pusch,P,rbladenll@mail.ru,13 Karstens Terrace,53.61,2021-07-16 11:25:53
779,77,Zipser,Z,rlimmerlm@ifeng.com,770 Gerald Plaza,51.88,2021-02-14 15:48:56
780,25,Zipser,Z,scrannaln@trellian.com,97 Kinsman Plaza,20.96,2021-04-26 14:24:19
781,58,Varga,V,kknapplo@nature.com,06422 Mandrake Alley,90.51,2021-06-15 18:54:03
782,78,Soltani,S,dingamellslp@cocolog-nifty.com,82 Veith Trail,77.46,2021-07-14 16:31:26
783,68,Lazarevic,L,lwimeslq@xrea.com,55 Blue Bill Park Circle,63.46,2021-04-10 00:36:01
784,37,Rahman,R,mpaydonlr@google.ca,81 Dapin Circle,34.52,2021-09-28 13:09:17
785,,Waysocher,W,rjeffcockls@mtv.com,0264 Trailsway Alley,95.61,2021-11-05 08:02:18
786,21,Varga,V,vgoldeslt@nih.gov,0 Cardinal Terrace,33.33,2021-04-16 17:47:06
787,,Sarvghadi,S,adampierlu@examiner.com,778 Judy Court,16.91,2021-05-02 02:30:17
788,23,Sarvghadi,S,sscotchbrooklv@ovh.net,05 Goodland Road,89.52,2021-04-15 01:22:57
789,18,Maurizio,M,zhagleylw@hp.com,6862 Randy Street,29.99,2021-04-16 15:29:22
790,25,Varga,V,cpitrassolx@zimbio.com,725 Larry Point,16.33,2021-11-08 21:14:07
791,64,Freudenthaler,F,poldroydly@cloudflare.com,0 Center Trail,19.78,2021-12-07 04:29:20
792,45,Soltani,S,aricciardilz@netscape.com,62525 Annamark Hill,91.18,2021-02-08 03:36:10
793,83,Zhuta,Z,kvigarsm0@1688.com,8 Bultman Terrace,60.54,2021-08-23 16:46:26
794,88,Pathak,P,hoddboym1@wired.com,955 Logan Trail,45.15,2021-12-02 19:30:48
795,18,Pathak,P,jfeaveryearm2@elpais.com,7 Bashford Hill,24.46,2021-08-03 07:18:34
796,39,Varga,V,vmelodym3@goo.ne.jp,0 Alpine Street,85.24,2021-12-18 15:38:57
797,83,Varga,V,sthiolierm4@lycos.com,33399 Westridge Crossing,15.67,2021-07-21 21:32:34
798,88,Pusch,P,ldipietrom5@gnu.org,8672 Thompson Center,54.45,2021-07-15 15:30:25
799,3,Freudenthaler,F,achelamm6@fema.gov,87007 Welch Road,40.41,2021-12-10 14:54:07
800,36,Otenhajmer,O,ckleszinskim7@boston.com,967 Randy Parkway,37.76,2021-05-24 15:05:06
801,27,Zhuta,Z,dollivem8@amazon.co.jp,69346 Burning Wood Point,94.83,2021-12-12 03:26:07
802,67,Pishchala,P,rdevonaldm9@dagondesign.com,591 Magdeline Alley,28.01,2021-03-11 10:19:49
803,51,Waysocher,W,sbecclesma@xing.com,9 Melby Crossing,16.17,2021-03-09 08:34:16
804,13,Pathak,P,jmanzmb@sciencedirect.com,792 Golf View Court,14.38,2021-05-07 12:46:58
805,74,Rahman,R,dtoynemc@xing.com,3666 Lotheville Junction,60.61,2021-12-27 14:44:21
806,86,Zipser,Z,dklemtmd@plala.or.jp,68092 Cottonwood Plaza,11.82,2021-11-08 20:17:51
807,84,Otenhajmer,O,operazzome@archive.org,6525 David Trail,17.73,2021-04-30 19:24:29
808,,Sepehri/Rad,S,mfinneranmf@live.com,677 Hintze Trail,62.04,2021-11-08 17:03:23
809,20,Otenhajmer,O,ldunbarmg@artisteer.com,1669 Westend Alley,56.17,2021-01-12 20:51:30
810,76,Zipser,Z,zreuvenmh@go.com,865 Mallory Alley,67.12,2021-11-11 10:18:15
811,95,Soltani,S,ralesomi@hatena.ne.jp,519 Claremont Hill,15.22,2021-07-04 05:26:24
812,95,Zipser,Z,spoppingmj@ask.com,1 Old Gate Drive,38.36,2021-04-10 06:25:31
813,89,Sarvghadi,S,scrankmk@canalblog.com,89 Ryan Center,29.94,2021-02-04 19:05:32
814,54,Waysocher,W,ocrutchleyml@boston.com,29826 Holy Cross Terrace,58.75,2021-04-08 07:08:48
815,31,Rahman,R,badacotmm@edublogs.org,9252 Scoville Center,85.95,2021-01-17 15:20:12
816,34,Mathes,M,pabramsmn@amazon.de,7594 Rutledge Parkway,65.36,2021-02-24 07:43:45
817,84,Lazarevic,L,mnoormo@delicious.com,41016 Londonderry Pass,57.67,2021-09-22 06:39:52
818,50,Zipser,Z,dterbeekmp@wikispaces.com,4 Talisman Park,89.54,2021-04-25 19:40:32
819,92,Pathak,P,bskonemq@ft.com,0 Moland Court,81.1,2021-07-24 20:50:34
820,8,Sepehri/Rad,S,udenerleymr@omniture.com,82026 Delaware Terrace,14.27,2021-12-17 03:00:27
821,61,Maurizio,M,esommerlingms@addthis.com,2903 Vernon Avenue,31.81,2021-05-31 01:54:20
822,94,Pishchala,P,cpaxfordemt@hostgator.com,80 Susan Alley,39.48,2021-02-23 11:02:16
823,44,Soltani,S,flynemu@addthis.com,303 Straubel Plaza,12.82,2021-04-13 17:51:53
824,50,Otenhajmer,O,mackwoodmv@house.gov,98 Kensington Street,32.97,2021-07-11 01:58:43
825,23,Mathes,M,lwiltshearmw@comsenz.com,8 Hazelcrest Lane,29.16,2021-09-05 05:19:49
826,22,Aminian,A,cstitwellmx@jimdo.com,26 Mandrake Hill,49.33,2021-12-05 08:29:41
827,62,Otenhajmer,O,kfelipmy@toplist.cz,98 Scott Drive,10.83,2021-04-28 02:30:16
828,16,Rahman,R,anyemz@cafepress.com,921 Merchant Court,64.37,2021-05-09 21:40:59
829,,Zhuta,Z,ndeverillen0@blinklist.com,01753 Rusk Circle,84.04,2021-01-05 22:47:10
830,,Predic,P,mnunneryn1@nsw.gov.au,2440 Grayhawk Plaza,34.48,2021-03-22 04:03:19
831,88,Freudenthaler,F,adebruinn2@simplemachines.org,0 Arrowood Avenue,26.77,2021-06-30 20:00:11
832,94,Sepehri/Rad,S,jseyn3@rakuten.co.jp,4 Bunting Circle,31.61,2021-07-13 12:42:27
833,74,Mathes,M,dgarfathn4@vistaprint.com,79441 Fieldstone Plaza,63.47,2021-10-28 05:32:00
834,58,Pishchala,P,cfullagarn5@wunderground.com,0733 Northland Avenue,27.03,2021-03-30 02:59:59
835,93,Efimov,E,breallyn6@usa.gov,585 Harbort Court,75.63,2021-06-08 06:39:33
836,18,Lazarevic,L,wpateyn7@stumbleupon.com,32 Mariners Cove Pass,46.73,2021-08-17 14:22:10
837,43,Varga,V,dtoupen8@google.ca,2152 Johnson Terrace,92.19,2021-12-13 10:51:13
838,71,Lazarevic,L,sthomingan9@de.vu,646 8th Way,66.66,2021-12-04 20:28:47
839,98,Pishchala,P,fissacoffna@cmu.edu,1649 Corben Court,59.52,2021-09-21 18:55:18
840,24,Hirschhofer,H,tortsnb@mapquest.com,23 Browning Lane,45.17,2021-09-05 23:06:03
841,,Galic,G,gdovidiannc@foxnews.com,3194 South Plaza,68.13,2021-06-29 00:53:52
842,34,Zipser,Z,minkernd@go.com,539 Mesta Crossing,96.77,2021-10-19 23:37:32
843,59,Rahman,R,acapstakene@t.co,662 Garrison Drive,76.34,2021-06-01 13:55:42
844,33,Theiler,T,ythorneloenf@dailymail.co.uk,74237 Jenifer Avenue,55.84,2021-11-12 23:17:50
845,33,Varga,V,epigeramng@nps.gov,976 Northfield Drive,85.67,2021-05-01 07:12:19
846,44,Soltani,S,mdelionnh@msn.com,0 Cordelia Hill,80.37,2021-03-31 14:42:07
847,44,Theiler,T,dkleinbaumni@chronoengine.com,137 International Hill,12.51,2021-01-11 15:45:29
848,,Predic,P,lheddynj@chron.com,427 Sutteridge Junction,16.18,2021-06-26 23:28:41
849,59,Zipser,Z,mkensitnk@elpais.com,747 Briar Crest Plaza,57.81,2021-08-30 18:16:38
850,100,Predic,P,lmclennannl@harvard.edu,1872 Independence Center,52.41,2021-06-15 23:18:58
851,,Zipser,Z,cuccelinm@economist.com,1110 Dahle Parkway,79.51,2021-04-02 22:43:15
852,74,Rahman,R,rdevaarnn@examiner.com,1767 Express Place,39.05,2021-10-13 14:19:11
853,56,Zipser,Z,wbentinckno@bloglovin.com,10617 Oneill Avenue,53.67,2021-03-12 22:47:07
854,48,Hedda,H,gechellenp@ocn.ne.jp,90114 Starling Crossing,86.63,2021-09-05 12:33:42
855,11,Najafiannasir,N,nburghillnq@amazon.com,2 Melvin Way,45.38,2021-05-31 08:28:37
856,78,Mathes,M,jmarkenr@istockphoto.com,378 Twin Pines Crossing,16.17,2021-12-22 02:55:20
857,64,Lazarevic,L,aswainens@berkeley.edu,8 Stone Corner Way,90.12,2021-03-14 14:11:32
858,67,Zipser,Z,pwealdnt@facebook.com,254 Heffernan Hill,88.92,2021-11-13 22:19:12
859,80,Zhuta,Z,apandeynu@illinois.edu,64800 Leroy Court,99.97,2021-03-27 00:19:51
860,61,Otenhajmer,O,ckohnertnv@mtv.com,3 Darwin Point,84.1,2021-07-28 08:48:25
861,62,Soltani,S,chundellnw@ehow.com,481 Gulseth Court,33.06,2021-06-07 01:15:39
862,39,Pathak,P,vennornx@bandcamp.com,57 Hudson Drive,36.46,2021-07-26 00:56:41
863,28,Ertl-Winand,E,jkincaidny@de.vu,3 Stoughton Road,24.39,2021-07-30 23:51:38
864,14,Pusch,P,etuerenanz@tuttocitta.it,8 Chive Lane,63.45,2021-07-09 05:19:52
865,89,Waysocher,W,egianninio0@trellian.com,4 Arapahoe Drive,73.47,2021-03-31 12:21:49
866,47,Zipser,Z,hotooleo1@guardian.co.uk,535 7th Trail,49.71,2021-01-19 10:19:28
867,73,Predic,P,athumanno2@google.fr,12261 Grasskamp Alley,26.52,2021-11-26 17:03:18
868,,Zhuta,Z,vglowackio3@shop-pro.jp,28435 Tennyson Junction,87.01,2021-11-06 06:47:18
869,27,Waysocher,W,csearleo4@sitemeter.com,16 Milwaukee Lane,52.33,2021-07-06 03:30:36
870,66,Zhuta,Z,rspawello5@oakley.com,2 Raven Hill,92.54,2021-08-23 08:16:15
871,7,Maurizio,M,jantramo6@tamu.edu,491 Brickson Park Street,42.97,2021-09-13 06:32:52
872,96,Soltani,S,jroubeixo7@ebay.com,481 Rockefeller Center,48.46,2021-04-11 19:31:52
873,9,Rahman,R,wsullero8@ycombinator.com,63751 Darwin Avenue,37.95,2021-11-19 16:50:00
874,77,Hedda,H,wwhymano9@opensource.org,1 Loomis Trail,88.46,2021-05-24 08:17:20
875,20,Maurizio,M,ccowernoa@microsoft.com,44580 Gulseth Street,19.18,2021-02-03 04:40:17
876,19,Soltani,S,pdadgeob@odnoklassniki.ru,02 Scoville Way,88.54,2021-04-30 15:20:56
877,98,Pusch,P,gstrelitzoc@sun.com,44 Pawling Crossing,36.78,2021-11-30 13:52:45
878,23,Sepehri/Rad,S,rbaldettiod@kickstarter.com,9269 Hallows Junction,34.45,2021-08-01 19:01:38
879,81,Mathes,M,pmacourekoe@delicious.com,6 Comanche Trail,58.56,2021-02-20 06:30:07
880,,Maurizio,M,jtaggettof@surveymonkey.com,95 Forest Center,88.31,2021-10-11 15:46:53
881,74,Mathes,M,spallisterog@livejournal.com,88 Paget Point,45.86,2021-11-06 11:42:00
882,39,Sepehri/Rad,S,mszymanskioh@lycos.com,73 Tomscot Way,80.71,2021-06-01 13:56:24
883,12,Otenhajmer,O,jleirmonthoi@ox.ac.uk,8829 8th Place,20.65,2021-02-12 11:32:14
884,,Hirschhofer,H,uhuotoj@aboutads.info,2 Crescent Oaks Terrace,72.97,2021-02-02 21:07:09
885,,Zipser,Z,rkoenraadok@ovh.net,9473 Lakewood Pass,61.63,2021-01-20 04:54:23
886,66,Sepehri/Rad,S,dsindallol@who.int,35 Vermont Crossing,62.34,2021-10-19 06:52:40
887,5,Waysocher,W,sladenom@ebay.com,917 Lighthouse Bay Lane,27.64,2021-10-21 03:56:10
888,70,Najafiannasir,N,swiseon@google.com.br,5 Killdeer Drive,79.45,2021-01-03 11:10:44
889,85,Sepehri/Rad,S,cambrozoo@upenn.edu,64 Center Street,19.46,2021-03-23 04:54:02
890,82,Zipser,Z,hkelkop@amazon.co.uk,1 Vermont Road,83.89,2021-12-08 15:57:46
891,41,Pathak,P,rrochoq@europa.eu,17918 Buell Court,85.17,2021-04-14 13:21:41
892,28,Zipser,Z,dpinckardor@biblegateway.com,3290 Fremont Lane,72.95,2021-03-20 04:04:24
893,,Pathak,P,twaytos@icio.us,29 Myrtle Pass,50.3,2021-10-30 15:26:24
894,73,Otenhajmer,O,tgammageot@fema.gov,1 South Center,40.77,2021-08-25 01:37:09
895,,Varga,V,bharlerou@ifeng.com,807 Sachtjen Road,22.37,2021-04-29 23:29:12
896,,Sepehri/Rad,S,inewallov@abc.net.au,62613 Ryan Parkway,98.06,2021-04-07 14:53:28
897,34,Freudenthaler,F,vimesenow@oracle.com,8 Hoard Center,13.57,2021-06-16 20:21:39
898,52,Zhuta,Z,pgingoldox@miitbeian.gov.cn,85682 Veith Drive,92.44,2021-01-24 18:09:20
899,6,Freudenthaler,F,csheeresoy@google.co.jp,42 Toban Hill,23.15,2021-06-02 10:32:26
900,15,Otenhajmer,O,chansmanoz@xinhuanet.com,15541 Golf View Avenue,74.45,2021-12-07 17:14:18
901,57,Lazarevic,L,cuphamp0@yellowbook.com,790 Stoughton Park,16.05,2021-07-14 15:41:53
902,21,Sarvghadi,S,padamsonp1@nbcnews.com,7 Manitowish Terrace,44.28,2021-01-24 17:46:32
903,28,Pusch,P,hrenolsp2@printfriendly.com,2 Holy Cross Alley,65.67,2021-05-14 04:13:43
904,60,Varga,V,mferraip3@icio.us,1 Crownhardt Plaza,85.36,2021-04-30 07:59:26
905,31,Soltani,S,mcavillep4@oracle.com,54 Stang Pass,63.1,2021-03-13 05:38:39
906,78,Sarvghadi,S,lbexonp5@taobao.com,913 Mcguire Terrace,86.07,2021-01-17 18:54:34
907,21,Maurizio,M,kphittiplacep6@cdbaby.com,0 7th Crossing,92.65,2021-09-06 08:57:50
908,2,Pathak,P,darisp7@mlb.com,643 Helena Point,28.73,2021-09-23 11:44:04
909,39,Hirschhofer,H,ljandlp8@parallels.com,148 Charing Cross Plaza,15.92,2021-05-03 03:28:30
910,65,Sepehri/Rad,S,bbrindp9@cbc.ca,08 Brentwood Lane,93.95,2021-10-21 02:32:15
911,63,Zhuta,Z,tmehaffeypa@symantec.com,7299 Huxley Avenue,79.91,2021-11-15 20:49:20
912,65,Hirschhofer,H,ilawtonpb@blogs.com,0350 Hollow Ridge Point,47.67,2021-11-21 16:27:38
913,58,Theiler,T,eneathwaypc@furl.net,2 Chinook Junction,80.18,2021-01-12 22:20:41
914,25,Varga,V,rstainlandpd@mtv.com,84 Hintze Pass,81.86,2021-08-14 00:49:38
915,99,Theiler,T,nattenbarrowpe@odnoklassniki.ru,9045 Village Green Hill,35.78,2021-10-26 11:26:31
916,63,Pishchala,P,apendergastpf@bizjournals.com,28795 Service Parkway,95.56,2021-07-30 06:24:23
917,81,Aminian,A,iicetonpg@craigslist.org,3 Luster Hill,48.34,2021-06-25 10:50:46
918,29,Zipser,Z,bbraggeph@squarespace.com,2115 Westport Point,92.68,2021-03-03 11:36:21
919,56,Zhuta,Z,sposerpi@ucla.edu,596 5th Center,37.88,2021-11-24 17:35:09
920,18,Hirschhofer,H,sshoebrookpj@360.cn,467 Daystar Park,43.96,2021-11-26 01:09:32
921,59,Zipser,Z,jclohessypk@shop-pro.jp,4642 Gerald Drive,71.16,2021-06-01 04:44:58
922,16,Pishchala,P,sportchpl@mapy.cz,9 Nevada Avenue,95.24,2021-08-31 10:48:24
923,43,Pishchala,P,rfrerepm@weibo.com,74 Moose Drive,63.2,2021-05-06 15:36:06
924,80,Mathes,M,rhellwigpn@naver.com,54 Mesta Hill,30.75,2021-04-05 10:54:42
925,25,Pishchala,P,dblaespo@oaic.gov.au,647 Mcbride Circle,32.02,2021-04-26 19:50:26
926,73,Zhuta,Z,srysdalepp@google.co.uk,5620 Prentice Way,59.34,2021-12-10 10:59:58
927,,Pusch,P,jracinepq@wsj.com,4209 Red Cloud Crossing,76.46,2021-01-10 14:26:40
928,42,Sepehri/Rad,S,dpoldenpr@twitter.com,8 Parkside Junction,95.19,2021-11-28 01:01:24
929,13,Predic,P,dmcneelyps@theguardian.com,6 Westport Alley,54.51,2021-04-20 12:15:03
930,4,Varga,V,gmcglaughnpt@macromedia.com,76521 North Point,68.13,2021-05-06 13:11:41
931,22,Sepehri/Rad,S,egillingspu@archive.org,560 Darwin Park,79.32,2021-11-14 22:19:44
932,3,Najafiannasir,N,btideswellpv@unc.edu,362 Caliangt Hill,72.65,2021-11-19 20:12:17
933,44,Hirschhofer,H,mhowardgaterpw@unicef.org,4 Laurel Hill,81.99,2021-03-30 00:44:49
934,57,Predic,P,gphillispx@fema.gov,6 Dwight Alley,21.07,2021-06-21 05:58:29
935,20,Soltani,S,oniblopy@hubpages.com,06 Vidon Hill,32.24,2021-10-24 08:52:32
936,22,Theiler,T,mcellapz@cmu.edu,0708 La Follette Park,53.06,2021-11-20 17:03:01
937,93,Sarvghadi,S,chamblenq0@pagesperso-orange.fr,581 Old Gate Crossing,13.27,2021-07-03 03:39:00
938,68,Waysocher,W,mlombardoq1@dion.ne.jp,1 Merrick Point,26.45,2021-04-20 01:13:26
939,5,Predic,P,cogormanq2@scribd.com,204 Center Court,70.13,2021-01-14 05:00:45
940,75,Varga,V,mkenanq3@com.com,5119 Holmberg Lane,84.64,2021-09-03 01:59:56
941,34,Brugger,B,hbrooksbieq4@hibu.com,06155 Oriole Parkway,13.34,2021-08-28 23:14:09
942,67,Rahman,R,claugheranq5@canalblog.com,004 Bobwhite Alley,23.95,2021-08-28 00:53:03
943,40,Mathes,M,jhenzerq6@jimdo.com,350 Bunting Circle,25.0,2021-01-01 09:27:11
944,73,Predic,P,rgodboltq7@fastcompany.com,88451 Morningstar Hill,41.27,2021-07-29 15:35:41
945,82,Hedda,H,gwaltonq8@people.com.cn,68 Porter Place,71.69,2021-09-22 14:00:26
946,95,Sarvghadi,S,scornnerq9@clickbank.net,20 Forster Trail,63.77,2021-04-04 09:01:56
947,62,Otenhajmer,O,rpottsqa@tripadvisor.com,45024 Carpenter Terrace,98.03,2021-03-27 08:01:06
948,3,Pusch,P,kmatveikoqb@archive.org,6295 Vermont Park,84.58,2021-11-08 17:17:08
949,37,Zhuta,Z,agardenqc@adobe.com,579 Bayside Terrace,39.82,2021-03-27 14:32:07
950,46,Sepehri/Rad,S,kriddettqd@msu.edu,89 Drewry Circle,38.04,2021-12-18 05:22:28
951,25,Varga,V,alemmeqe@ucsd.edu,49423 Kim Terrace,15.22,2021-11-13 00:07:55
952,42,Pusch,P,jaustickqf@squidoo.com,358 Charing Cross Center,33.36,2021-12-26 21:57:58
953,,Zhuta,Z,gbrosekeqg@instagram.com,118 Kropf Place,15.85,2021-11-24 13:36:13
954,2,Zhuta,Z,lreynaqh@addthis.com,92018 Prairie Rose Lane,48.89,2021-09-20 12:03:02
955,11,Hirschhofer,H,jeykelhofqi@businesswire.com,36881 Basil Place,69.02,2021-07-31 04:11:30
956,32,Otenhajmer,O,tdadleyqj@google.ca,9206 Claremont Court,75.26,2021-06-11 05:07:58
957,48,Donhauser,D,aeschqk@exblog.jp,6029 Milwaukee Pass,17.19,2021-06-21 09:53:13
958,21,Pusch,P,lsteuhlmeyerql@vimeo.com,2 Hovde Pass,23.11,2021-03-10 12:41:51
959,27,Rahman,R,apailqm@hostgator.com,64517 Continental Junction,31.14,2021-01-06 13:16:29
960,27,Rahman,R,vdelanyqn@dion.ne.jp,4 Valley Edge Avenue,55.25,2021-07-13 03:57:11
961,55,Sepehri/Rad,S,lruskqo@jiathis.com,751 Pennsylvania Place,87.96,2021-03-29 04:37:36
962,68,Rahman,R,hhayerqp@blogtalkradio.com,683 Memorial Way,92.51,2021-04-18 01:33:20
963,39,Maurizio,M,mmogridgeqq@hatena.ne.jp,05 Victoria Terrace,48.66,2021-08-12 11:25:59
964,81,Pishchala,P,hcoasterqr@studiopress.com,727 Claremont Terrace,40.2,2021-12-18 04:43:12
965,36,Varga,V,nchattawayqs@arizona.edu,3 Dwight Avenue,68.56,2021-01-24 20:17:56
966,53,Sepehri/Rad,S,fmccaskillqt@xinhuanet.com,761 Declaration Road,98.4,2021-12-13 23:16:26
967,76,Hirschhofer,H,vpearmainqu@ning.com,25887 Novick Parkway,58.7,2021-04-15 15:44:04
968,50,Waysocher,W,uhastlerqv@disqus.com,71 Meadow Valley Park,30.2,2021-04-17 17:24:23
969,44,Theiler,T,gmilbornqw@accuweather.com,9 Sunbrook Plaza,75.39,2021-12-25 00:29:06
970,5,Pathak,P,dboritqx@barnesandnoble.com,78 Monterey Parkway,99.45,2021-06-21 03:30:04
971,36,Zipser,Z,lfairneyqy@xinhuanet.com,77948 Memorial Alley,37.46,2021-03-20 10:49:06
972,35,Predic,P,mgrinyerqz@printfriendly.com,97 Cherokee Parkway,17.59,2021-02-12 22:29:31
973,38,Freudenthaler,F,kchristalr0@weibo.com,5 Shoshone Crossing,70.59,2021-02-25 23:00:31
974,64,Zhuta,Z,amcdonellr1@themeforest.net,78513 Fieldstone Place,68.26,2021-08-07 10:23:21
975,33,Waysocher,W,ewildgooser2@unicef.org,8 Bluestem Circle,72.58,2021-09-09 15:49:06
976,9,Waysocher,W,avielr3@canalblog.com,71713 Sunfield Junction,34.51,2021-03-04 05:02:37
977,88,Pusch,P,thartmannr4@twitter.com,9 High Crossing Drive,46.76,2021-07-18 18:28:11
978,4,Zhuta,Z,lascroftr5@wikipedia.org,67 Schlimgen Street,94.43,2021-12-12 15:35:13
979,74,Sarvghadi,S,egooderer6@ucsd.edu,6 Melvin Junction,93.81,2021-05-03 23:49:07
980,25,Sepehri/Rad,S,dlairdcraigr7@utexas.edu,58 Oak Parkway,76.64,2021-01-04 11:14:23
981,65,Zipser,Z,rbingleyr8@ycombinator.com,11 Summit Way,56.89,2021-06-08 06:18:22
982,22,Zhuta,Z,wcottyr9@domainmarket.com,5694 Troy Avenue,37.71,2021-11-17 06:01:16
983,82,Rahman,R,kbeadelra@skyrock.com,3 Barby Point,11.2,2021-11-27 05:20:00
984,93,Waysocher,W,rjenkersonrb@jugem.jp,0114 Mandrake Place,66.97,2021-05-08 11:34:02
985,,Galic,G,kvlasenkovrc@nih.gov,077 Fordem Parkway,41.54,2021-03-21 07:13:14
986,26,Varga,V,gmargiottard@utexas.edu,88 Schmedeman Way,86.01,2021-12-07 06:39:21
987,50,Waysocher,W,fhelere@so-net.ne.jp,36 Mockingbird Drive,24.97,2021-07-27 18:34:10
988,,Barcza,B,jharmsrf@github.com,40 Lotheville Avenue,91.27,2021-10-27 18:50:06
989,79,Pathak,P,jkomorowskirg@surveymonkey.com,2 Loftsgordon Street,64.88,2021-01-30 11:27:21
990,98,Lazarevic,L,ecordayrh@nymag.com,653 Anderson Park,33.83,2021-07-01 10:52:43
991,,Rahman,R,vcorrori@house.gov,230 Division Hill,68.88,2021-01-17 23:52:45
992,43,Zhuta,Z,cpouckrj@utexas.edu,46132 Oak Valley Crossing,53.04,2021-08-05 17:01:27
993,,Hirschhofer,H,ctorrrk@skyrock.com,31645 Redwing Street,81.04,2021-05-27 17:12:13
994,49,Waysocher,W,vjanurl@networkadvertising.org,562 Tomscot Terrace,57.14,2021-04-19 01:56:13
995,61,Zipser,Z,ddurbinrm@npr.org,512 Eagle Crest Lane,34.65,2021-11-24 20:38:55
996,70,Sarvghadi,S,nallainrn@businesswire.com,0 Corscot Point,36.38,2021-09-13 11:46:47
997,,Zipser,Z,gdavidzonro@hhs.gov,9335 Waubesa Court,51.05,2021-11-01 07:32:06
998,8,Waysocher,W,mmalyanrp@unc.edu,448 Hoepker Trail,70.82,2021-02-26 06:15:56
999,37,Zhuta,Z,dsarginsonrq@canalblog.com,8 Warbler Junction,75.51,2021-09-16 19:53:36
1000,69,Varga,V,tfilinkovrr@cpanel.net,3 Morrow Parkway,82.91,2021-04-04 16:00:22
