billId,petrolStation,custname,letter1,email,address,billAmount,billDatetime
1,2,Zhuta,Z,hsalla0@fotki.com,47461 Bluestem Crossing,18.92,2018-10-18 17:26:38
2,92,Lazarevic,L,msprules1@51.la,01233 Norway Maple Parkway,65.89,2018-12-06 17:44:09
3,20,Mathes,M,lmooring2@vistaprint.com,938 Express Place,83.95,2018-10-07 11:27:15
4,63,Mathes,M,amacteggart3@trellian.com,28 Cordelia Crossing,84.05,2018-05-01 10:19:34
5,3,Soltani,S,akenewel4@so-net.ne.jp,132 Corscot Avenue,14.11,2018-10-13 20:49:50
6,50,Soltani,S,evannah5@nih.gov,56 Sutherland Junction,37.01,2018-07-28 01:00:56
7,98,Predic,P,nrickeard6@blogtalkradio.com,394 Ridgeway Center,69.0,2018-09-27 11:29:18
8,,Lazarevic,L,enoorwood7@twitter.com,8391 Del Sol Avenue,99.13,2018-05-18 07:53:14
9,,Varga,V,vmcilmorie8@youtu.be,6 Golf Course Center,69.93,2018-02-11 08:11:38
10,10,Pishchala,P,afeedome9@wp.com,005 Marquette Center,67.02,2018-12-28 09:11:42
11,56,Zipser,Z,ehardemana@newyorker.com,39354 Banding Avenue,29.11,2018-01-06 01:07:00
12,,Pishchala,P,mparlourb@nhs.uk,20296 Hazelcrest Crossing,47.9,2018-02-04 02:43:25
13,68,Soltani,S,lbuttsc@facebook.com,08964 Grasskamp Lane,56.27,2018-03-29 03:49:23
14,64,Predic,P,sbraybrookd@abc.net.au,784 Mandrake Crossing,92.16,2018-07-11 04:52:34
15,88,Theiler,T,bbeckhurste@furl.net,2 Tennyson Pass,82.47,2018-01-08 01:02:44
16,67,Donhauser,D,jpaddlef@sourceforge.net,415 Browning Court,11.07,2018-07-31 06:20:47
17,65,Aminian,A,apetrasg@g.co,8992 Bashford Road,92.39,2018-03-15 18:41:47
18,73,Ertl-Winand,E,gidwalevansh@chronoengine.com,6017 Pond Way,35.22,2018-01-01 11:52:59
19,,Rahman,R,pblackdeni@goo.gl,5 Mitchell Road,62.78,2018-04-17 10:26:49
20,46,Sarvghadi,S,pdreinanj@yale.edu,1 Lerdahl Crossing,17.63,2018-01-15 00:02:54
21,13,Ertl-Winand,E,acudbertsonk@infoseek.co.jp,23 Melvin Way,69.96,2018-03-25 20:01:09
22,36,Predic,P,nborgnel@ameblo.jp,61 Alpine Park,55.91,2018-08-20 01:31:38
23,,Pathak,P,mfeasbym@huffingtonpost.com,46 Melody Junction,24.08,2018-11-01 06:20:39
24,37,Varga,V,dcamosson@is.gd,71210 Monica Plaza,39.41,2018-01-30 06:57:35
25,84,Sepehri/Rad,S,rdobesono@cbc.ca,586 Welch Avenue,81.96,2018-11-22 09:35:52
26,93,Zipser,Z,dtapsfieldp@blog.com,433 Derek Junction,19.82,2018-03-31 19:46:06
27,41,Varga,V,itwentymanq@google.de,330 Shopko Circle,65.3,2018-02-28 02:02:39
28,96,Varga,V,psweetmorer@163.com,793 Wayridge Pass,86.57,2018-11-22 10:28:12
29,18,Najafiannasir,N,tcornils@bloomberg.com,107 Nobel Avenue,90.89,2018-07-05 01:02:18
30,25,Zhuta,Z,bsuttabyt@reverbnation.com,6 Haas Point,66.55,2018-04-20 05:40:27
31,,Sepehri/Rad,S,jpinnu@shareasale.com,325 Dwight Park,83.33,2018-08-23 00:00:30
32,9,Lazarevic,L,mstannasv@mozilla.com,4992 Sugar Junction,35.53,2018-10-07 19:29:10
33,51,Pishchala,P,krodolphew@bravesites.com,6406 Melrose Hill,10.5,2018-06-02 16:28:41
34,,Sepehri/Rad,S,graggattx@nps.gov,6 Fieldstone Point,81.28,2018-01-07 21:34:23
35,80,Theiler,T,sdasenty@wunderground.com,0 Cherokee Street,90.49,2018-02-05 21:10:46
36,96,Varga,V,rnassyz@facebook.com,1 Mosinee Drive,74.84,2018-02-01 10:51:56
37,70,Sarvghadi,S,mperrottet10@com.com,26611 Springs Lane,75.08,2018-11-17 15:16:19
38,82,Rahman,R,kygoe11@360.cn,48 Merry Crossing,85.2,2018-12-09 01:06:49
39,100,Donhauser,D,jivachyov12@rambler.ru,5156 Farmco Avenue,98.93,2018-06-12 22:17:25
40,88,Zipser,Z,mlux13@usnews.com,43865 American Ash Avenue,18.26,2018-01-20 07:22:53
41,15,Soltani,S,ljoerning14@blogspot.com,3 Forster Plaza,32.78,2018-07-01 07:26:03
42,93,Sepehri/Rad,S,wdeegin15@ox.ac.uk,96 Hagan Terrace,67.86,2018-12-10 15:57:20
43,18,Soltani,S,tbortolussi16@canalblog.com,7 Florence Road,68.62,2018-12-29 18:49:36
44,1,Sarvghadi,S,csharkey17@unicef.org,0 Straubel Drive,58.79,2018-01-14 13:44:59
45,53,Soltani,S,eapplewhite18@census.gov,4 Westport Avenue,72.62,2018-03-07 13:00:49
46,84,Zhuta,Z,rbilbrey19@123-reg.co.uk,231 Bluejay Center,42.3,2018-12-08 14:51:45
47,39,Theiler,T,amcgrail1a@jigsy.com,32909 Vermont Alley,66.39,2018-10-09 17:58:29
48,73,Zhuta,Z,tcoe1b@cpanel.net,2429 Blue Bill Park Way,48.35,2018-12-25 04:08:01
49,8,Hirschhofer,H,tcowdery1c@naver.com,08 Heath Hill,86.47,2018-07-12 20:16:12
50,45,Soltani,S,scluely1d@dailymotion.com,2164 Green Ridge Trail,55.22,2018-07-04 09:07:55
51,3,Sarvghadi,S,lkemston1e@ftc.gov,64896 Becker Drive,33.68,2018-03-05 22:38:22
52,,Theiler,T,kfries1f@sphinn.com,64 Jay Center,59.33,2018-02-22 17:16:16
53,70,Najafiannasir,N,rlendrem1g@washington.edu,441 Sauthoff Park,99.66,2018-07-16 22:27:41
54,16,Rahman,R,skobke1h@deliciousdays.com,85843 Cambridge Park,27.4,2018-06-16 06:17:31
55,98,Pishchala,P,dsuffield1i@accuweather.com,41249 Harbort Hill,63.47,2018-09-18 13:34:43
56,15,Rahman,R,asadat1j@dailymotion.com,08132 Raven Parkway,69.95,2018-09-05 20:39:33
57,57,Rahman,R,ppinxton1k@1688.com,365 Derek Way,52.13,2018-04-08 07:53:20
58,36,Waysocher,W,dgianotti1l@com.com,9329 Forest Dale Place,28.89,2018-03-03 01:02:46
59,50,Zhuta,Z,atyer1m@vistaprint.com,1446 John Wall Drive,89.88,2018-01-09 13:47:21
60,,Sarvghadi,S,edancy1n@bandcamp.com,74548 Fieldstone Circle,58.46,2018-07-28 11:49:02
61,78,Soltani,S,jbelson1o@altervista.org,4 Westend Center,10.35,2018-04-30 11:26:26
62,89,Soltani,S,edutteridge1p@vimeo.com,85965 Oriole Circle,83.43,2018-02-22 07:25:37
63,51,Varga,V,bfairfoot1q@over-blog.com,78762 Valley Edge Hill,99.94,2018-05-09 03:32:27
64,39,Galic,G,rpavinese1r@bluehost.com,2 Fordem Park,69.57,2018-08-16 08:39:22
65,36,Zhuta,Z,thuffadine1s@linkedin.com,24640 Dottie Junction,78.93,2018-03-08 12:15:14
66,59,Waysocher,W,skilliam1t@mtv.com,62285 Forest Dale Plaza,46.53,2018-11-28 21:19:23
67,23,Sepehri/Rad,S,rklee1u@chron.com,262 Pennsylvania Hill,75.94,2018-02-04 07:03:16
68,35,Zhuta,Z,mmccomb1v@live.com,57 Forest Dale Court,49.13,2018-06-30 15:43:24
69,11,Pishchala,P,ogunda1w@geocities.jp,28034 Brentwood Way,90.8,2018-11-23 15:44:18
70,,Najafiannasir,N,dtrunks1x@gizmodo.com,3 Stoughton Point,66.45,2018-02-24 06:22:48
71,16,Pusch,P,jclifton1y@wufoo.com,97747 Rockefeller Plaza,62.6,2018-10-20 12:04:58
72,4,Varga,V,nleggis1z@fotki.com,287 Hoard Point,68.1,2018-06-07 10:41:35
73,,Zhuta,Z,ggreenleaf20@admin.ch,03 Dapin Way,93.52,2018-08-27 08:02:38
74,23,Waysocher,W,rgaffey21@seattletimes.com,8931 Bultman Park,90.73,2018-05-26 12:24:13
75,63,Rahman,R,nmaccoughen22@chicagotribune.com,804 Blackbird Avenue,86.62,2018-02-10 05:03:20
76,17,Soltani,S,bchaimson23@whitehouse.gov,6765 Ridge Oak Road,26.32,2018-09-01 09:55:03
77,70,Galic,G,pwalczynski24@google.com.hk,04309 Main Trail,77.82,2018-08-15 02:31:56
78,32,Rahman,R,awoodhead25@networksolutions.com,6 Mcbride Trail,34.67,2018-08-24 04:47:21
79,76,Waysocher,W,nnoton26@seattletimes.com,7911 Monica Point,90.83,2018-01-06 19:33:26
80,49,Zipser,Z,cedgerley27@cmu.edu,10628 Superior Plaza,61.14,2018-06-11 00:10:30
81,1,Sepehri/Rad,S,xvalentine28@google.fr,4 Continental Court,22.25,2018-08-14 16:46:51
82,26,Soltani,S,fheinig29@webeden.co.uk,8 Victoria Circle,83.64,2018-08-27 07:32:39
83,84,Hirschhofer,H,dsyrad2a@hp.com,09881 Upham Center,44.42,2018-02-11 06:49:12
84,,Hirschhofer,H,ccescot2b@google.ca,836 Graedel Avenue,22.63,2018-07-20 10:35:23
85,,Hirschhofer,H,kgionettitti2c@opera.com,61769 Loomis Place,72.72,2018-10-22 08:53:11
86,36,Zipser,Z,bleggate2d@is.gd,254 Glacier Hill Lane,62.72,2018-09-11 23:27:19
87,,Predic,P,wboik2e@networksolutions.com,2613 School Crossing,91.14,2018-10-26 08:44:57
88,52,Varga,V,zpenreth2f@usatoday.com,29934 Mariners Cove Alley,20.38,2018-11-13 10:37:55
89,51,Mathes,M,estegers2g@un.org,5 Claremont Way,71.08,2018-09-03 09:28:30
90,78,Rahman,R,gcasley2h@blogger.com,526 International Hill,56.38,2018-11-21 02:08:13
91,80,Rahman,R,tpostle2i@stumbleupon.com,5 Loeprich Place,28.72,2018-01-30 05:03:17
92,32,Waysocher,W,vlinley2j@naver.com,4 Algoma Center,35.09,2018-06-25 02:28:46
93,40,Sarvghadi,S,lcollingham2k@trellian.com,170 Hansons Crossing,85.58,2018-06-16 17:56:39
94,25,Pusch,P,sdemattei2l@1688.com,32905 Nova Junction,46.82,2018-04-02 16:28:00
95,96,Pathak,P,awalden2m@walmart.com,32 Surrey Alley,58.01,2018-07-21 13:45:49
96,80,Predic,P,gcollingridge2n@webnode.com,6320 Briar Crest Point,19.51,2018-10-13 17:33:27
97,49,Rahman,R,slancett2o@virginia.edu,793 Carey Way,16.78,2018-01-31 12:44:30
98,13,Soltani,S,qtilburn2p@devhub.com,06844 Schiller Street,26.39,2018-04-19 02:12:55
99,8,Galic,G,hohanley2q@theglobeandmail.com,29001 Warner Terrace,14.84,2018-07-20 13:58:52
100,82,Pathak,P,jcostard2r@tmall.com,70 Debs Avenue,58.13,2018-05-29 19:37:46
101,9,Theiler,T,ttremoulet2s@washington.edu,75 Warner Place,79.89,2018-01-28 04:00:40
102,,Rahman,R,wbrigge2t@ocn.ne.jp,2 Mifflin Alley,13.74,2018-02-19 04:01:15
103,62,Hedda,H,zmaltby2u@ft.com,4 Forster Hill,65.64,2018-02-10 19:59:10
104,2,Freudenthaler,F,adeniset2v@myspace.com,06 Graedel Court,77.95,2018-11-13 20:43:13
105,68,Otenhajmer,O,nworman2w@sfgate.com,060 Muir Trail,80.3,2018-05-19 22:13:00
106,71,Sarvghadi,S,mmaude2x@surveymonkey.com,92855 Hanson Road,90.49,2018-10-02 06:01:21
107,,Predic,P,joshirine2y@csmonitor.com,0 Magdeline Point,12.84,2018-11-25 07:59:21
108,85,Ertl-Winand,E,mconybear2z@qq.com,08467 Fallview Lane,84.1,2018-03-02 18:06:37
109,46,Najafiannasir,N,avelti30@illinois.edu,7224 Delladonna Hill,97.61,2018-04-12 23:04:09
110,24,Rahman,R,rgjerde31@huffingtonpost.com,9362 Derek Hill,56.15,2018-01-21 08:10:49
111,,Hedda,H,vhyndman32@artisteer.com,94506 Gina Park,94.97,2018-08-24 20:20:08
112,48,Najafiannasir,N,mcrohan33@accuweather.com,1 Springview Place,15.26,2018-01-07 17:16:21
113,,Pishchala,P,adayley34@surveymonkey.com,62751 Montana Drive,71.0,2018-08-14 13:52:36
114,56,Otenhajmer,O,ifarry35@hhs.gov,0 Magdeline Pass,19.95,2018-03-31 04:30:25
115,33,Rahman,R,eivanisov36@mediafire.com,962 Hauk Parkway,77.0,2018-12-13 11:38:25
116,67,Otenhajmer,O,mbruun37@oracle.com,02274 Eastlawn Plaza,50.83,2018-01-02 01:41:21
117,,Zhuta,Z,jlargan38@whitehouse.gov,204 Gateway Hill,19.62,2018-06-05 06:03:02
118,21,Najafiannasir,N,metty39@opera.com,715 Scofield Crossing,72.8,2018-09-16 23:39:27
119,55,Predic,P,mgelletly3a@msu.edu,995 Fieldstone Crossing,72.5,2018-10-10 03:22:32
120,21,Pusch,P,pelwood3b@nymag.com,8451 Artisan Lane,76.98,2018-11-16 02:01:37
121,65,Zipser,Z,khartlebury3c@vimeo.com,9099 Lien Crossing,47.11,2018-12-04 23:01:25
122,46,Waysocher,W,cbrackenbury3d@jimdo.com,4 Burning Wood Alley,44.99,2018-01-22 16:55:47
123,91,Rahman,R,mhutchason3e@hubpages.com,13227 Cordelia Avenue,68.13,2018-09-12 22:19:17
124,14,Waysocher,W,tscattergood3f@free.fr,1942 Alpine Crossing,24.95,2018-10-02 16:52:28
125,5,Waysocher,W,cgiffen3g@twitpic.com,7067 Walton Circle,60.75,2018-05-17 03:08:36
126,31,Zipser,Z,llambregts3h@shareasale.com,562 Bunker Hill Point,55.36,2018-07-11 14:38:49
127,36,Soltani,S,cborzoni3i@addtoany.com,1594 Autumn Leaf Drive,25.59,2018-06-18 17:36:59
128,26,Pishchala,P,tmathelon3j@arstechnica.com,013 Grasskamp Hill,56.25,2018-08-26 00:45:04
129,49,Zhuta,Z,ujenkyn3k@va.gov,65 Drewry Avenue,74.49,2018-06-16 07:47:03
130,94,Varga,V,fgabala3l@skyrock.com,34391 Hansons Park,94.74,2018-02-17 04:46:20
131,,Pusch,P,pketley3m@ebay.com,406 New Castle Circle,71.6,2018-08-21 09:10:41
132,86,Mathes,M,ndefrancesco3n@loc.gov,09604 Elgar Circle,11.63,2018-05-23 10:46:03
133,1,Theiler,T,niacovini3o@mozilla.org,5307 Everett Pass,32.46,2018-08-09 09:02:40
134,60,Freudenthaler,F,nloachhead3p@unicef.org,808 Helena Plaza,31.42,2018-11-29 22:56:24
135,65,Hirschhofer,H,dhaps3q@sina.com.cn,6572 Northview Hill,20.24,2018-04-25 18:34:13
136,7,Otenhajmer,O,ltante3r@spotify.com,32 Declaration Alley,94.1,2018-11-16 02:35:29
137,3,Lazarevic,L,frosencrantz3s@dailymail.co.uk,5 Express Alley,93.13,2018-05-14 19:26:31
138,4,Rahman,R,lsegrott3t@fotki.com,61969 Macpherson Lane,97.24,2018-08-03 03:09:52
139,81,Theiler,T,dliggens3u@istockphoto.com,7405 Porter Park,32.23,2018-08-27 07:54:22
140,93,Rahman,R,fphilps3v@blinklist.com,93115 Donald Drive,46.06,2018-06-08 17:55:36
141,100,Mathes,M,cgiffard3w@patch.com,598 Mifflin Road,37.92,2018-11-25 19:10:14
142,94,Zipser,Z,tlober3x@aol.com,9 Merrick Terrace,72.95,2018-05-08 10:21:13
143,19,Varga,V,javann3y@nih.gov,65 Loeprich Court,47.58,2018-11-24 07:44:13
144,51,Theiler,T,abartolomeo3z@prlog.org,0 Old Shore Junction,33.74,2018-12-06 18:48:55
145,23,Mathes,M,descot40@de.vu,06180 Beilfuss Park,27.31,2018-09-03 18:33:47
146,21,Rahman,R,gnajera41@goodreads.com,471 Union Lane,33.87,2018-12-15 06:15:30
147,54,Galic,G,mcottom42@jiathis.com,37361 Farragut Alley,11.12,2018-07-22 06:06:55
148,1,Mathes,M,bdelaharpe43@thetimes.co.uk,5988 Briar Crest Plaza,34.14,2018-09-19 19:19:59
149,31,Rahman,R,gmonck44@bbc.co.uk,2 Namekagon Place,20.97,2018-01-29 05:24:51
150,67,Waysocher,W,hlindmark45@nsw.gov.au,5 Anthes Park,17.89,2018-11-23 14:31:06
151,93,Sarvghadi,S,ldavion46@netvibes.com,49942 Badeau Plaza,38.29,2018-03-20 16:56:05
152,53,Varga,V,bhancke47@sfgate.com,7442 Green Ridge Point,63.03,2018-06-23 10:36:10
153,29,Otenhajmer,O,lhauch48@foxnews.com,4 Manufacturers Drive,87.49,2018-06-18 12:44:34
154,50,Theiler,T,pperford49@deviantart.com,42554 Forest Dale Pass,83.84,2018-01-01 11:08:46
155,55,Zipser,Z,alate4a@infoseek.co.jp,364 7th Court,52.08,2018-06-24 04:33:37
156,72,Sarvghadi,S,rbiaggioni4b@studiopress.com,743 Barby Drive,12.57,2018-09-24 14:13:54
157,29,Maurizio,M,bjakubczyk4c@networkadvertising.org,74719 Graedel Drive,29.38,2018-04-27 23:58:19
158,44,Maurizio,M,jmalcolm4d@naver.com,618 Jackson Center,14.4,2018-06-10 08:47:58
159,57,Zhuta,Z,hsivills4e@nasa.gov,296 Melrose Plaza,28.41,2018-02-14 17:37:32
160,32,Brugger,B,snestor4f@bandcamp.com,6084 Becker Park,65.3,2018-02-12 03:17:39
161,75,Zhuta,Z,llambie4g@skype.com,3761 Birchwood Plaza,72.66,2018-12-26 15:42:19
162,42,Maurizio,M,nleland4h@omniture.com,7918 Service Road,93.72,2018-07-17 08:57:40
163,2,Pathak,P,ddockerty4i@businesswire.com,2309 John Wall Drive,15.82,2018-12-03 06:03:40
164,64,Varga,V,kabsolon4j@ustream.tv,6621 Donald Terrace,24.29,2018-12-07 14:10:40
165,,Pishchala,P,clapwood4k@washington.edu,1069 Warrior Trail,80.88,2018-05-31 19:00:24
166,38,Sepehri/Rad,S,atyzack4l@jimdo.com,3293 Monterey Terrace,50.12,2018-07-22 06:54:30
167,20,Lazarevic,L,edufour4m@redcross.org,77140 Crescent Oaks Place,41.05,2018-03-12 20:03:27
168,94,Rahman,R,erulton4n@moonfruit.com,024 Saint Paul Point,26.54,2018-12-02 15:54:52
169,80,Zhuta,Z,klyal4o@ox.ac.uk,263 Farmco Lane,67.98,2018-05-26 13:10:57
170,80,Mathes,M,dcarver4p@nydailynews.com,84 Garrison Park,88.26,2018-06-18 11:47:31
171,6,Rahman,R,mdutson4q@gizmodo.com,34808 Cody Street,82.15,2018-06-18 17:05:56
172,89,Akbari/Liavali,A,ldelacote4r@nymag.com,9637 Sage Avenue,67.76,2018-04-07 13:44:21
173,26,Waysocher,W,hbrehault4s@mediafire.com,177 Gerald Way,29.55,2018-02-15 00:56:16
174,47,Soltani,S,huff4t@networkadvertising.org,5 Tomscot Road,59.47,2018-09-28 00:51:46
175,10,Sepehri/Rad,S,awoolpert4u@prnewswire.com,047 Petterle Park,61.79,2018-11-07 07:17:49
176,28,Zipser,Z,smcaster4v@pbs.org,52 Westerfield Hill,20.41,2018-05-25 03:00:12
177,8,Pusch,P,msedger4w@t.co,74 Valley Edge Place,22.92,2018-03-24 01:11:32
178,22,Zhuta,Z,bwatmough4x@bloglovin.com,545 Dennis Place,40.59,2018-11-21 02:04:06
179,61,Pishchala,P,jcalltone4y@boston.com,369 Cordelia Alley,74.01,2018-08-16 15:23:26
180,40,Najafiannasir,N,jgriffey4z@foxnews.com,708 Derek Lane,35.7,2018-05-13 05:40:18
181,31,Varga,V,ewarne50@discovery.com,9100 Susan Center,55.4,2018-01-25 11:29:52
182,76,Hedda,H,tmerring51@oakley.com,548 Lillian Alley,86.43,2018-07-29 20:28:00
183,24,Zipser,Z,ahuggen52@ucla.edu,6576 Golf View Drive,90.36,2018-10-25 18:16:57
184,94,Donhauser,D,jdorkin53@alibaba.com,676 Spohn Lane,74.93,2018-06-30 06:17:05
185,,Varga,V,amichie54@is.gd,201 Pepper Wood Place,31.97,2018-11-27 21:47:47
186,80,Waysocher,W,vfeatonby55@reddit.com,8206 Hoepker Center,32.66,2018-09-03 08:59:58
187,55,Galic,G,woxby56@spiegel.de,58608 Harbort Avenue,73.99,2018-01-20 23:34:47
188,11,Rahman,R,sprangle57@engadget.com,31 Stang Point,65.75,2018-02-01 14:05:10
189,39,Waysocher,W,cmoorman58@house.gov,99500 Dryden Plaza,27.0,2018-10-02 01:25:50
190,61,Waysocher,W,thannaby59@amazon.com,1833 Arizona Parkway,99.98,2018-08-19 19:10:36
191,17,Lazarevic,L,ccabral5a@a8.net,8 Hallows Trail,37.11,2018-05-06 09:44:57
192,42,Rahman,R,rlening5b@delicious.com,3 Kenwood Way,66.06,2018-04-16 22:21:13
193,13,Zhuta,Z,dmerry5c@weebly.com,6686 Dahle Center,35.88,2018-06-06 08:35:15
194,9,Soltani,S,cwitchell5d@cisco.com,2 Prentice Terrace,35.03,2018-06-09 04:32:54
195,25,Lazarevic,L,gkrout5e@wordpress.com,71 Village Green Center,36.07,2018-11-22 11:46:47
196,59,Sepehri/Rad,S,hblaxlande5f@yandex.ru,53054 Hagan Street,57.42,2018-10-21 08:44:25
197,12,Pathak,P,kfishburn5g@forbes.com,91 Pearson Road,53.66,2018-03-21 21:32:54
198,19,Sarvghadi,S,eshimoni5h@cornell.edu,388 Anniversary Lane,53.79,2018-11-17 11:42:31
199,100,Maurizio,M,acrossland5i@bluehost.com,5773 Homewood Trail,72.34,2018-02-11 22:40:38
200,66,Barcza,B,etoffel5j@fc2.com,15446 Schmedeman Center,42.87,2018-12-25 09:38:52
201,98,Zhuta,Z,lmatthai5k@rakuten.co.jp,47545 Armistice Point,88.33,2018-12-26 03:59:07
202,23,Waysocher,W,wramiro5l@tripadvisor.com,63 Muir Junction,57.8,2018-05-21 01:44:32
203,46,Varga,V,kmckevin5m@google.ca,4144 Michigan Pass,27.91,2018-07-12 01:43:05
204,70,Predic,P,skohnen5n@webeden.co.uk,17982 Blaine Street,14.12,2018-12-15 21:39:38
205,73,Maurizio,M,edunan5o@ibm.com,189 Southridge Pass,99.22,2018-10-13 08:16:02
206,1,Pathak,P,zbatram5p@baidu.com,82571 Oak Valley Pass,84.14,2018-11-07 10:26:52
207,53,Pishchala,P,pambrogiotti5q@mapquest.com,796 Mariners Cove Center,47.45,2018-02-12 17:15:06
208,,Rahman,R,thelgass5r@google.cn,90664 Service Parkway,22.21,2018-04-14 02:47:47
209,8,Galic,G,bstennine5s@bizjournals.com,541 Sundown Junction,53.75,2018-08-13 14:27:17
210,11,Sepehri/Rad,S,dfinlator5t@technorati.com,54175 Mallard Crossing,12.73,2018-01-16 22:07:38
211,79,Theiler,T,aclinnick5u@addtoany.com,9081 Nobel Center,20.16,2018-02-24 05:51:08
212,70,Zhuta,Z,asellwood5v@nbcnews.com,48 Main Alley,97.23,2018-07-14 03:15:06
213,75,Theiler,T,itoby5w@usgs.gov,1333 Mosinee Circle,87.86,2018-12-27 23:33:04
214,75,Waysocher,W,sgrainger5x@nhs.uk,64 Cardinal Way,67.07,2018-01-09 22:32:24
215,,Sepehri/Rad,S,swinsbury5y@seattletimes.com,611 Elmside Plaza,40.67,2018-01-06 22:08:05
216,64,Maurizio,M,glevin5z@bbc.co.uk,5 Summit Plaza,56.84,2018-08-29 08:55:40
217,48,Freudenthaler,F,bduggary60@domainmarket.com,39 Emmet Court,66.92,2018-06-16 08:56:19
218,,Otenhajmer,O,dmenzies61@cnet.com,14085 Paget Terrace,61.92,2018-03-06 01:56:39
219,57,Theiler,T,swormleighton62@cam.ac.uk,33 Erie Circle,57.46,2018-01-21 00:52:06
220,97,Otenhajmer,O,kbillin63@weather.com,92437 Linden Road,53.13,2018-04-18 01:10:41
221,47,Pathak,P,tmacaskie64@google.co.jp,8 Gulseth Pass,52.77,2018-07-15 06:50:52
222,14,Theiler,T,mdarrow65@wufoo.com,270 Mallard Pass,70.8,2018-12-14 07:50:25
223,28,Zipser,Z,llief66@oaic.gov.au,2025 Sachs Parkway,34.5,2018-11-20 13:49:25
224,54,Pishchala,P,fbullcock67@wufoo.com,65 John Wall Crossing,39.6,2018-11-29 13:27:40
225,,Waysocher,W,schamberlain68@constantcontact.com,77663 Dexter Point,46.87,2018-12-09 04:59:40
226,58,Zipser,Z,aezzle69@ox.ac.uk,3552 Jenna Lane,70.77,2018-11-11 23:47:31
227,78,Waysocher,W,wbark6a@pagesperso-orange.fr,6487 Corben Road,16.28,2018-10-04 21:19:58
228,100,Lazarevic,L,jmityashev6b@va.gov,1 Burning Wood Junction,91.2,2018-11-04 05:38:06
229,49,Rahman,R,arimell6c@barnesandnoble.com,1311 Clarendon Parkway,86.28,2018-01-20 10:47:36
230,65,Freudenthaler,F,edelaci6d@bandcamp.com,9 Mcbride Center,61.9,2018-08-17 18:21:20
231,,Mathes,M,cthrush6e@seattletimes.com,8412 4th Trail,89.74,2018-12-11 12:34:22
232,59,Mathes,M,jponnsett6f@sciencedirect.com,94 Tennessee Point,90.08,2018-05-07 01:36:40
233,7,Rahman,R,bfolca6g@clickbank.net,3884 Rutledge Plaza,25.52,2018-02-06 07:14:50
234,54,Zhuta,Z,nstanislaw6h@tuttocitta.it,27193 John Wall Center,60.93,2018-04-23 00:10:27
235,73,Rahman,R,jstaines6i@hibu.com,43 Corry Parkway,94.09,2018-02-17 06:09:28
236,7,Theiler,T,jgilbane6j@ihg.com,57558 Bartillon Plaza,43.54,2018-02-09 08:56:37
237,45,Varga,V,bschrir6k@aol.com,85876 Quincy Avenue,50.31,2018-07-09 17:45:50
238,,Hedda,H,mgregor6l@1und1.de,38 Doe Crossing Street,74.94,2018-03-27 05:41:52
239,62,Theiler,T,alackinton6m@hc360.com,29 Elka Drive,72.22,2018-12-24 03:54:22
240,83,Pishchala,P,tarnell6n@ocn.ne.jp,6 Melvin Terrace,98.27,2018-10-17 10:52:43
241,49,Soltani,S,hmealiffe6o@clickbank.net,800 Bultman Avenue,79.65,2018-03-08 21:11:08
242,64,Sarvghadi,S,rbetke6p@etsy.com,2 8th Crossing,10.18,2018-02-06 11:24:46
243,75,Soltani,S,phaker6q@addtoany.com,9 Scofield Plaza,30.27,2018-06-09 16:23:45
244,29,Predic,P,bcheccuzzi6r@bloomberg.com,46888 International Point,46.62,2018-10-22 17:39:41
245,45,Varga,V,mhaimes6s@hao123.com,790 Pierstorff Court,37.56,2018-04-13 21:56:04
246,59,Zhuta,Z,cwaplinton6t@barnesandnoble.com,97578 Continental Point,43.13,2018-03-07 07:03:22
247,59,Theiler,T,hdon6u@sbwire.com,3 Eggendart Road,35.31,2018-02-21 23:32:32
248,24,Varga,V,papplegate6v@wisc.edu,0380 Algoma Terrace,33.73,2018-08-22 12:36:02
249,39,Lazarevic,L,xibbett6w@wikipedia.org,5437 Morrow Park,33.91,2018-09-06 04:45:20
250,6,Waysocher,W,qmogg6x@tinyurl.com,9773 Northview Court,25.59,2018-10-15 00:26:39
251,69,Maurizio,M,sbrosi6y@auda.org.au,66541 Nova Point,15.38,2018-06-25 09:37:51
252,98,Pathak,P,lmcsporon6z@sciencedaily.com,0895 Ilene Drive,23.38,2018-02-20 19:07:24
253,4,Varga,V,mmuggach70@amazon.co.jp,192 Fairfield Circle,84.29,2018-12-07 15:57:58
254,41,Soltani,S,dkochl71@soundcloud.com,20 Westridge Lane,81.2,2018-05-15 15:11:37
255,52,Theiler,T,bbuney72@jugem.jp,153 Chinook Pass,83.2,2018-11-22 09:11:45
256,67,Galic,G,aburstow73@prlog.org,55586 Hoffman Parkway,87.89,2018-03-23 20:46:02
257,39,Predic,P,rtreacher74@bravesites.com,14 Golf View Road,63.82,2018-11-17 05:25:57
258,89,Pishchala,P,cwestbury75@upenn.edu,14 Stoughton Lane,38.08,2018-07-06 06:17:10
259,96,Mathes,M,bnestle76@flickr.com,755 Coleman Avenue,86.65,2018-03-02 11:31:46
260,1,Waysocher,W,cguess77@usda.gov,4060 5th Point,37.87,2018-12-22 19:26:50
261,,Theiler,T,clune78@oracle.com,190 Muir Circle,70.81,2018-01-07 23:55:20
262,77,Pusch,P,isappell79@gravatar.com,70 Luster Place,19.35,2018-02-19 04:42:48
263,34,Zipser,Z,ndelacroux7a@istockphoto.com,7265 Redwing Center,51.77,2018-04-19 19:24:50
264,76,Sarvghadi,S,llamburn7b@digg.com,62 Truax Road,92.24,2018-02-02 11:17:47
265,88,Rahman,R,mdielhenn7c@mapquest.com,876 Pleasure Way,54.98,2018-07-23 17:10:23
266,49,Lazarevic,L,vmerchant7d@ehow.com,58 Mesta Court,36.56,2018-04-29 16:03:45
267,27,Soltani,S,trusbridge7e@hugedomains.com,9493 Vahlen Pass,36.03,2018-03-20 21:42:16
268,44,Pathak,P,smcnuff7f@sohu.com,9 Monterey Way,76.79,2018-02-03 06:26:38
269,,Aminian,A,lscardafield7g@stumbleupon.com,831 Chive Terrace,64.28,2018-07-15 18:57:26
270,23,Rahman,R,dmcelhargy7h@theguardian.com,330 Northfield Drive,70.61,2018-06-04 14:32:21
271,93,Otenhajmer,O,pchristin7i@biblegateway.com,25 Forster Trail,27.17,2018-07-05 02:53:04
272,43,Najafiannasir,N,mosman7j@fc2.com,8256 Browning Circle,82.25,2018-01-14 07:55:29
273,21,Varga,V,tnormanvill7k@msu.edu,7 Dakota Plaza,58.2,2018-10-10 13:21:31
274,30,Sepehri/Rad,S,pwiles7l@foxnews.com,1 5th Parkway,60.08,2018-03-09 20:09:34
275,,Zipser,Z,sbeenham7m@google.com.br,22007 Huxley Terrace,74.62,2018-06-07 19:06:20
276,50,Pathak,P,keagleston7n@google.com.au,727 Nevada Terrace,62.44,2018-03-09 21:48:15
277,37,Pathak,P,qbulloch7o@rakuten.co.jp,95 Homewood Way,99.61,2018-01-12 11:56:21
278,46,Sarvghadi,S,ghamblington7p@mozilla.org,6 New Castle Point,50.3,2018-04-05 01:02:01
279,89,Mathes,M,mmcharry7q@parallels.com,5861 Hauk Center,96.65,2018-05-24 09:22:04
280,85,Theiler,T,tnairn7r@twitter.com,32 Gale Junction,73.05,2018-10-06 07:44:02
281,57,Waysocher,W,gfoden7s@columbia.edu,6 Debs Road,49.44,2018-04-26 10:25:01
282,31,Theiler,T,lhalden7t@ed.gov,2 5th Trail,18.79,2018-02-11 16:00:40
283,68,Mathes,M,febbins7u@free.fr,90 Oak Valley Alley,71.77,2018-09-11 16:26:39
284,,Mathes,M,asambrook7v@wisc.edu,98286 Heath Terrace,83.44,2018-02-10 02:35:10
285,90,Rahman,R,tnani7w@angelfire.com,4243 Prentice Drive,21.46,2018-08-14 02:07:44
286,66,Zipser,Z,mmertin7x@globo.com,1566 Grover Plaza,56.35,2018-11-16 01:57:53
287,19,Sepehri/Rad,S,ploadsman7y@home.pl,1 Lotheville Avenue,47.23,2018-01-30 18:15:55
288,13,Rahman,R,ayakobovicz7z@istockphoto.com,01778 Monterey Court,43.67,2018-01-22 22:27:51
289,3,Zipser,Z,hdibbs80@tmall.com,3651 Haas Place,52.12,2018-08-13 13:42:36
290,21,Pusch,P,sheatherington81@canalblog.com,31855 Corben Avenue,10.64,2018-05-07 08:43:53
291,26,Zhuta,Z,dgarthside82@topsy.com,75700 Roxbury Court,39.4,2018-05-19 03:21:34
292,43,Waysocher,W,gmuffen83@guardian.co.uk,03 Southridge Hill,43.16,2018-12-10 17:39:16
293,29,Otenhajmer,O,cfleisch84@skype.com,3 Westport Road,42.37,2018-03-24 22:16:02
294,34,Pathak,P,cyair85@github.io,822 Paget Pass,85.93,2018-04-15 10:06:47
295,12,Maurizio,M,acornejo86@dedecms.com,40755 Sheridan Point,13.59,2018-08-13 19:27:20
296,68,Otenhajmer,O,jgermon87@jigsy.com,5 Nobel Pass,46.75,2018-05-02 09:44:17
297,54,Rahman,R,bthoday88@booking.com,79296 Parkside Crossing,53.25,2018-05-31 12:35:12
298,,Rahman,R,gcrosi89@bloglines.com,5518 Bayside Junction,41.69,2018-02-23 17:30:09
299,43,Varga,V,rdelia8a@comcast.net,45029 Knutson Junction,37.66,2018-01-10 10:43:19
300,62,Theiler,T,fbakesef8b@biglobe.ne.jp,30163 Portage Court,87.89,2018-10-04 12:38:04
301,35,Theiler,T,kshambrook8c@home.pl,82 Lerdahl Plaza,26.2,2018-02-13 01:25:56
302,,Predic,P,pscotting8d@cdc.gov,6 Gateway Road,43.13,2018-03-21 04:01:07
303,91,Otenhajmer,O,eciccoloi8e@jimdo.com,5 Tony Hill,26.59,2018-08-09 17:41:35
304,79,Otenhajmer,O,cwragg8f@example.com,94 West Parkway,53.02,2018-04-12 15:17:46
305,34,Varga,V,gasher8g@godaddy.com,9661 Arkansas Road,73.8,2018-10-21 03:16:08
306,,Maurizio,M,cmeriel8h@furl.net,204 Novick Plaza,13.51,2018-11-18 06:24:19
307,,Varga,V,achina8i@tumblr.com,45 Briar Crest Avenue,63.31,2018-09-04 08:52:26
308,27,Mathes,M,cgreenhaugh8j@yolasite.com,567 7th Street,25.82,2018-06-03 21:19:05
309,38,Zhuta,Z,psuttle8k@furl.net,27085 Golf Street,27.33,2018-07-28 23:27:32
310,93,Lazarevic,L,gpoetz8l@nba.com,52194 Oak Valley Terrace,10.41,2018-06-15 11:01:27
311,81,Sarvghadi,S,tphizakarley8m@marriott.com,899 Wayridge Center,82.55,2018-05-20 10:58:47
312,29,Ertl-Winand,E,asandiford8n@barnesandnoble.com,64627 Muir Junction,25.87,2018-03-25 09:20:22
313,34,Soltani,S,smushrow8o@reddit.com,23657 Badeau Pass,94.89,2018-02-27 13:27:43
314,58,Predic,P,dferrarello8p@usgs.gov,246 Parkside Way,37.25,2018-02-22 15:27:45
315,,Mathes,M,lwillingham8q@mail.ru,09 Fuller Avenue,16.7,2018-01-01 06:07:18
316,78,Rahman,R,tkembery8r@va.gov,60 Blackbird Place,24.55,2018-08-21 14:25:27
317,9,Zhuta,Z,bderrico8s@elpais.com,588 Pearson Circle,80.94,2018-05-30 13:02:23
318,,Mathes,M,aesser8t@addthis.com,0574 Dorton Circle,11.33,2018-01-23 23:07:26
319,79,Pathak,P,tkennally8u@mtv.com,50 8th Point,66.36,2018-04-19 09:24:16
320,74,Maurizio,M,etruggian8v@wp.com,404 Prairieview Court,26.24,2018-08-06 22:50:39
321,80,Sarvghadi,S,hstrutz8w@paginegialle.it,2 Bobwhite Court,72.58,2018-08-01 15:57:01
322,60,Pathak,P,eearwicker8x@harvard.edu,3 Talisman Crossing,31.17,2018-12-16 13:34:36
323,71,Waysocher,W,lchasen8y@ihg.com,3095 Pawling Trail,78.74,2018-01-22 13:49:03
324,6,Freudenthaler,F,apetegre8z@yellowbook.com,6 Bultman Drive,66.3,2018-09-15 23:24:35
325,38,Zhuta,Z,rselly90@ucla.edu,8 Harper Street,48.17,2018-09-06 12:04:42
326,71,Pusch,P,rashbridge91@ezinearticles.com,1523 Paget Avenue,53.01,2018-07-24 00:08:44
327,39,Varga,V,dmacpherson92@instagram.com,8094 Tennyson Place,49.44,2018-03-14 00:46:44
328,15,Zipser,Z,bleguey93@fema.gov,78 Cascade Place,79.65,2018-08-17 15:25:15
329,62,Varga,V,dellingsworth94@tuttocitta.it,8 Loftsgordon Park,93.14,2018-04-20 22:55:33
330,44,Sarvghadi,S,mscholefield95@ed.gov,6427 Lerdahl Parkway,33.21,2018-09-20 01:44:24
331,59,Varga,V,hdibble96@ft.com,862 Stang Park,35.19,2018-04-01 19:09:28
332,87,Varga,V,lbartholat97@imdb.com,95 Westend Junction,49.51,2018-11-06 03:00:33
333,70,Sarvghadi,S,mminchinton98@samsung.com,7777 Coolidge Point,93.08,2018-09-03 08:36:03
334,4,Varga,V,tluca99@booking.com,5294 Clemons Way,25.89,2018-06-24 07:07:44
335,65,Theiler,T,jlumsdall9a@trellian.com,201 Southridge Lane,91.02,2018-08-22 15:45:19
336,22,Pathak,P,kelies9b@qq.com,9 Donald Trail,30.62,2018-10-30 19:37:43
337,,Rahman,R,ndavitashvili9c@army.mil,9 Bonner Plaza,30.0,2018-06-25 17:57:16
338,4,Waysocher,W,malliston9d@loc.gov,2201 Johnson Crossing,28.24,2018-11-01 04:08:24
339,32,Efimov,E,fprangnell9e@mozilla.com,66 Westend Lane,39.01,2018-06-10 00:22:11
340,,Zhuta,Z,rjakoviljevic9f@timesonline.co.uk,52531 Stuart Court,99.18,2018-11-07 19:25:55
341,29,Hirschhofer,H,rskittrall9g@google.nl,361 Harper Point,55.59,2018-10-13 12:22:09
342,37,Hedda,H,gedlestone9h@amazon.co.jp,533 Parkside Court,60.93,2018-05-04 15:07:11
343,4,Hedda,H,lgoreisr9i@opera.com,8910 Burning Wood Pass,95.35,2018-07-07 20:06:16
344,44,Varga,V,jetheridge9j@hao123.com,6920 Cody Alley,24.41,2018-05-22 23:12:41
345,62,Zhuta,Z,dhebblethwaite9k@360.cn,93185 Pawling Crossing,53.82,2018-12-18 22:44:56
346,44,Theiler,T,rcoughlan9l@wikipedia.org,63059 Steensland Circle,93.65,2018-01-07 09:35:23
347,59,Pishchala,P,ehattigan9m@smugmug.com,1686 Morningstar Place,80.88,2018-05-03 11:27:39
348,63,Maurizio,M,abelshaw9n@histats.com,57 Graceland Court,65.75,2018-02-01 01:59:24
349,,Waysocher,W,nkentwell9o@a8.net,38 Browning Center,96.68,2018-12-24 16:24:44
350,99,Pathak,P,qgligorijevic9p@360.cn,471 Everett Lane,84.94,2018-10-11 00:16:41
351,78,Rahman,R,aarran9q@globo.com,8 Nancy Center,35.83,2018-05-22 14:03:45
352,45,Rahman,R,jrolfo9r@goo.ne.jp,63 Forest Dale Road,17.33,2018-11-03 10:41:33
353,72,Soltani,S,vmuslim9s@stumbleupon.com,2636 Paget Alley,54.57,2018-09-16 05:13:14
354,51,Barcza,B,santrack9t@dailymotion.com,4969 Red Cloud Terrace,15.75,2018-05-16 03:57:56
355,24,Maurizio,M,rkubas9u@1und1.de,1091 Swallow Court,31.73,2018-11-04 10:53:37
356,26,Pishchala,P,cfleury9v@epa.gov,1 Farragut Trail,43.71,2018-07-30 23:53:28
357,41,Varga,V,evennart9w@jimdo.com,2 Raven Road,12.63,2018-07-26 10:31:23
358,61,Rahman,R,mgrcic9x@icio.us,30 Havey Way,23.42,2018-01-20 17:41:02
359,15,Maurizio,M,hbleackley9y@merriam-webster.com,56786 Weeping Birch Street,97.13,2018-03-21 15:39:44
360,54,Donhauser,D,enoble9z@arizona.edu,74726 Park Meadow Alley,20.1,2018-06-14 01:19:50
361,,Pathak,P,soconnora0@biblegateway.com,809 Summerview Junction,57.41,2018-01-15 03:36:28
362,57,Sarvghadi,S,iosheilsa1@vimeo.com,7 Stang Court,44.78,2018-08-28 16:57:07
363,9,Rahman,R,crheaumea2@sciencedirect.com,98558 Hazelcrest Pass,66.17,2018-03-22 22:52:33
364,6,Maurizio,M,erothwella3@over-blog.com,85 Brickson Park Avenue,72.23,2018-10-21 18:12:53
365,51,Rahman,R,hkellena4@whitehouse.gov,994 Hanson Alley,91.98,2018-10-16 04:06:46
366,6,Theiler,T,vbyresa5@geocities.com,167 Shelley Plaza,39.4,2018-04-02 20:58:29
367,3,Zipser,Z,kkiddlea6@stanford.edu,8266 Union Park,64.16,2018-09-26 18:58:57
368,71,Theiler,T,rallwella7@sciencedaily.com,32 Havey Circle,23.33,2018-03-21 02:45:48
369,81,Soltani,S,abarnaclougha8@latimes.com,07 Jana Street,27.53,2018-04-03 07:50:49
370,73,Pishchala,P,njaneczeka9@tinyurl.com,9 Pepper Wood Road,68.18,2018-05-07 15:27:08
371,22,Rahman,R,mlinhamaa@sphinn.com,19645 Esch Crossing,70.67,2018-02-08 03:02:43
372,71,Pathak,P,cbrandtsab@ebay.co.uk,4 Rutledge Pass,18.65,2018-01-04 01:58:00
373,60,Rahman,R,jwornhamac@flavors.me,351 Sugar Circle,39.7,2018-11-24 12:19:30
374,36,Maurizio,M,rmorysonad@blog.com,24043 Mcbride Park,80.77,2018-07-13 10:24:57
375,,Sepehri/Rad,S,acurneenae@time.com,2 Chive Junction,55.74,2018-04-20 23:47:08
376,17,Najafiannasir,N,mmatchamaf@simplemachines.org,7532 Old Gate Avenue,91.16,2018-02-24 07:19:33
377,84,Rahman,R,deagleag@typepad.com,165 Mendota Court,32.45,2018-01-21 08:58:25
378,,Zhuta,Z,nragdaleah@pagesperso-orange.fr,79 Waywood Lane,67.49,2018-10-25 08:08:31
379,82,Maurizio,M,kgoodramai@cocolog-nifty.com,77509 Buell Street,21.5,2018-06-29 11:46:21
380,,Lazarevic,L,emcmeekingaj@alibaba.com,652 Di Loreto Circle,68.21,2018-08-19 19:32:49
381,83,Sepehri/Rad,S,vkuhnwaldak@wired.com,7 High Crossing Court,87.13,2018-08-17 10:16:07
382,,Hirschhofer,H,ysternal@harvard.edu,0 Tony Alley,48.77,2018-12-03 13:31:14
383,82,Efimov,E,ndarcyam@loc.gov,0 Crowley Place,46.46,2018-06-22 00:09:12
384,66,Theiler,T,emaghullan@eventbrite.com,498 Spohn Terrace,41.89,2018-09-26 18:28:22
385,4,Mathes,M,toppyao@squidoo.com,6 Kim Hill,66.78,2018-12-02 08:25:23
386,41,Theiler,T,tzahorap@mashable.com,6182 Carioca Crossing,87.56,2018-02-13 10:09:55
387,19,Mathes,M,jscoatesaq@nhs.uk,70128 Westend Lane,97.17,2018-10-29 10:52:10
388,13,Waysocher,W,kpetrolloar@symantec.com,1377 Schmedeman Street,29.1,2018-01-19 03:55:34
389,79,Otenhajmer,O,rmeugensas@engadget.com,80190 Fairview Hill,66.88,2018-07-09 12:04:18
390,63,Zhuta,Z,amennearat@unc.edu,6 Dwight Point,89.94,2018-03-02 14:30:08
391,33,Sepehri/Rad,S,mfransinelliau@intel.com,6 Sachs Street,88.66,2018-01-29 01:42:37
392,14,Waysocher,W,eelegoodav@vkontakte.ru,1328 Stang Plaza,80.06,2018-07-04 11:40:18
393,70,Hirschhofer,H,igrethamaw@a8.net,1 Armistice Point,67.68,2018-11-10 11:55:41
394,10,Waysocher,W,pleggax@imgur.com,42 Reinke Center,32.73,2018-01-04 08:43:32
395,89,Zhuta,Z,zgravenoray@theatlantic.com,948 Morrow Point,67.01,2018-11-03 21:37:55
396,73,Waysocher,W,cacombaz@bluehost.com,0 Hagan Drive,95.09,2018-10-26 07:00:37
397,75,Maurizio,M,gnormanb0@harvard.edu,25190 Nova Court,44.71,2018-07-17 16:14:53
398,14,Sarvghadi,S,lyettonb1@gov.uk,066 Paget Junction,81.67,2018-06-02 12:49:01
399,84,Pishchala,P,xdesantosb2@nifty.com,254 Marcy Crossing,34.97,2018-03-12 16:40:38
400,12,Hedda,H,atrippittb3@weather.com,77483 Hoffman Crossing,78.04,2018-04-19 12:48:18
401,19,Waysocher,W,kvasilenkob4@purevolume.com,2841 Alpine Center,97.62,2018-12-12 06:04:10
402,36,Zhuta,Z,lmattinglyb5@washington.edu,02 Main Way,43.75,2018-06-08 07:12:16
403,33,Zipser,Z,rtimmensb6@goo.gl,171 Golden Leaf Trail,12.39,2018-02-24 04:41:45
404,73,Varga,V,kmacveyb7@google.co.jp,2538 Crowley Avenue,65.82,2018-10-30 09:19:59
405,80,Soltani,S,gcovenyb8@newsvine.com,67 Hoepker Point,40.25,2018-11-19 10:25:08
406,4,Sepehri/Rad,S,fchalfontb9@europa.eu,6 Fair Oaks Pass,19.54,2018-10-18 21:13:49
407,24,Soltani,S,ccollingridgeba@marriott.com,69681 Sycamore Point,87.43,2018-05-30 18:42:49
408,36,Otenhajmer,O,rkyntonbb@whitehouse.gov,6557 Dayton Plaza,66.04,2018-11-25 00:24:44
409,23,Rahman,R,nmclicebc@umn.edu,7 Porter Park,98.07,2018-12-08 23:13:47
410,94,Waysocher,W,lciccottiobd@huffingtonpost.com,87019 Ilene Point,49.45,2018-06-24 19:21:35
411,60,Zhuta,Z,fhebbornbe@ehow.com,79 Stang Junction,29.03,2018-09-23 18:56:31
412,93,Varga,V,kalansbf@redcross.org,0 Erie Point,14.79,2018-05-19 11:08:28
413,35,Zipser,Z,ofrankissbg@gizmodo.com,8 Sage Trail,22.68,2018-05-24 08:35:59
414,11,Najafiannasir,N,cgrenterbh@delicious.com,6658 Fremont Park,89.62,2018-09-08 14:22:07
415,70,Hedda,H,zstockaubi@columbia.edu,7824 Tennyson Hill,43.12,2018-06-19 01:37:39
416,34,Predic,P,xalcornbj@google.es,8615 Goodland Road,95.65,2018-09-15 08:33:29
417,62,Rahman,R,aastlebk@uiuc.edu,6 Prentice Hill,94.88,2018-06-21 06:53:18
418,87,Zipser,Z,emacbainbl@cargocollective.com,0 Rockefeller Terrace,87.14,2018-06-27 15:45:44
419,3,Rahman,R,twanleybm@godaddy.com,7471 Grayhawk Circle,60.11,2018-01-09 05:35:20
420,23,Zipser,Z,ccomussobn@google.nl,0 Sullivan Parkway,23.34,2018-06-21 16:47:14
421,22,Predic,P,gculverhousebo@flickr.com,65942 Reindahl Terrace,72.45,2018-07-27 21:48:55
422,41,Zhuta,Z,obrunelbp@illinois.edu,85227 Donald Junction,84.09,2018-08-01 22:34:45
423,88,Varga,V,alindblombq@mediafire.com,95 Meadow Vale Pass,53.22,2018-04-14 13:50:39
424,57,Waysocher,W,ldriuzzibr@yolasite.com,8 Di Loreto Point,66.4,2018-05-25 13:05:25
425,86,Pathak,P,lhubbuckbs@ovh.net,410 Crest Line Street,41.92,2018-05-12 13:21:53
426,70,Lazarevic,L,nkalkoferbt@biblegateway.com,77 Old Gate Hill,78.01,2018-12-13 09:44:44
427,,Donhauser,D,rtotarobu@flickr.com,75 Anhalt Point,82.23,2018-06-06 01:59:24
428,82,Zipser,Z,kpigginbv@goodreads.com,6 Rieder Center,88.05,2018-03-16 08:11:02
429,5,Brugger,B,shellwichbw@tinypic.com,573 Boyd Hill,57.41,2018-02-03 20:30:01
430,80,Freudenthaler,F,dstarlingbx@economist.com,8 Westport Terrace,92.96,2018-08-10 16:20:04
431,16,Pishchala,P,epasseby@nationalgeographic.com,2 Vernon Place,94.82,2018-07-07 19:34:25
432,82,Rahman,R,eschouthedebz@bigcartel.com,2 Elmside Parkway,81.61,2018-01-10 20:14:06
433,87,Rahman,R,jsimanc0@telegraph.co.uk,49 Brentwood Way,94.96,2018-03-20 22:05:19
434,47,Pishchala,P,aabbatinic1@huffingtonpost.com,87892 Lien Junction,84.45,2018-07-11 11:05:04
435,62,Sepehri/Rad,S,abricknellc2@netscape.com,3788 Prairie Rose Hill,92.72,2018-09-14 21:55:59
436,22,Mathes,M,erunseyc3@taobao.com,4425 Tony Court,90.76,2018-01-01 01:38:00
437,56,Waysocher,W,cmacelhargec4@wiley.com,3477 Logan Court,77.45,2018-05-07 12:31:37
438,94,Zhuta,Z,ezmitrovichc5@twitter.com,46 Amoth Center,34.57,2018-12-06 15:22:07
439,63,Sarvghadi,S,chowellsc6@mlb.com,10 Cottonwood Circle,51.97,2018-12-29 22:11:52
440,59,Soltani,S,dshealc7@npr.org,13037 School Street,92.04,2018-10-17 13:45:29
441,87,Najafiannasir,N,thillsc8@google.it,95 Mockingbird Center,50.88,2018-10-23 19:51:31
442,87,Pathak,P,zlowtonc9@barnesandnoble.com,9544 Butterfield Way,27.99,2018-06-18 00:44:03
443,31,Waysocher,W,bmannionca@addthis.com,95 Eagle Crest Pass,41.96,2018-12-14 09:59:23
444,,Zhuta,Z,rfonzonecb@phoca.cz,6 Dixon Junction,39.0,2018-03-28 08:25:52
445,48,Najafiannasir,N,pstrathdeecc@tinypic.com,167 Pankratz Point,10.26,2018-02-13 03:21:04
446,32,Zhuta,Z,aircecd@devhub.com,76499 Charing Cross Way,15.72,2018-10-02 11:44:24
447,,Pishchala,P,rselwynce@sphinn.com,0 Miller Avenue,65.7,2018-09-18 08:33:46
448,,Predic,P,kharmcf@storify.com,2 Bultman Road,38.07,2018-07-10 07:44:58
449,,Otenhajmer,O,rfisbycg@goodreads.com,78689 Mcbride Court,45.85,2018-07-26 15:25:53
450,8,Predic,P,mbramwichch@prnewswire.com,33 Hermina Crossing,33.56,2018-05-19 16:09:15
451,62,Mathes,M,osintonci@amazon.co.jp,01831 Lawn Junction,68.23,2018-07-03 21:39:47
452,64,Brugger,B,emichelotticj@arizona.edu,6 Waubesa Drive,90.6,2018-02-12 01:19:03
453,68,Varga,V,soldknowck@unesco.org,4 Transport Road,90.45,2018-04-23 11:58:19
454,19,Zhuta,Z,ttorbeckcl@mapquest.com,36 Kim Pass,15.66,2018-02-28 11:48:41
455,76,Predic,P,sparkyncm@nbcnews.com,6 Village Trail,47.41,2018-02-11 16:00:31
456,92,Ertl-Winand,E,stoffolocn@naver.com,33076 Rigney Avenue,58.05,2018-04-25 08:11:25
457,71,Freudenthaler,F,vmatyushonokco@squidoo.com,7 Norway Maple Hill,47.29,2018-04-20 07:06:04
458,55,Rahman,R,lleancp@dot.gov,532 Farmco Alley,61.87,2018-02-26 07:15:02
459,52,Maurizio,M,bmurfillcq@de.vu,08 Erie Hill,47.13,2018-07-09 09:59:13
460,19,Najafiannasir,N,schealescr@ted.com,928 Menomonie Parkway,26.69,2018-04-28 20:34:32
461,15,Rahman,R,spickvancecs@tumblr.com,2303 Oakridge Circle,16.19,2018-05-08 06:18:16
462,40,Varga,V,gbassamct@mediafire.com,2124 Blaine Place,27.61,2018-12-22 11:55:48
463,31,Sepehri/Rad,S,bvischicu@blogs.com,0378 Clemons Parkway,16.25,2018-09-23 16:03:02
464,84,Theiler,T,gtwitchettcv@hhs.gov,5 2nd Way,32.63,2018-06-04 05:53:26
465,88,Waysocher,W,taddenbrookecw@who.int,4 Reindahl Terrace,92.81,2018-02-27 13:34:20
466,93,Maurizio,M,bstygallcx@bloglovin.com,22 Sheridan Crossing,49.73,2018-01-15 05:39:42
467,60,Predic,P,nmcartancy@delicious.com,551 Harbort Street,38.09,2018-03-21 22:59:45
468,61,Varga,V,bmacmorlandcz@narod.ru,290 Union Lane,10.84,2018-12-11 09:45:02
469,6,Sepehri/Rad,S,tbothamsd0@ustream.tv,30325 Eastlawn Center,55.43,2018-05-17 22:28:52
470,15,Rahman,R,rblodgettd1@wikispaces.com,67267 Schurz Alley,10.16,2018-07-20 14:53:17
471,22,Mathes,M,sbensend2@issuu.com,306 Armistice Avenue,48.27,2018-07-15 21:32:53
472,33,Brugger,B,shusbandd3@goo.ne.jp,6 Schmedeman Crossing,37.98,2018-11-26 03:43:35
473,98,Zipser,Z,tfeldmesserd4@sitemeter.com,387 Magdeline Plaza,78.11,2018-05-01 12:12:04
474,31,Hedda,H,elillicod5@tiny.cc,3886 Eagle Crest Pass,39.69,2018-09-18 06:08:05
475,,Lazarevic,L,rmusprattd6@ameblo.jp,7960 Twin Pines Lane,22.48,2018-04-28 02:28:29
476,71,Lazarevic,L,rgreenierd7@dot.gov,9883 Marquette Way,39.04,2018-07-11 23:27:25
477,29,Maurizio,M,jbarnwilled8@plala.or.jp,14 Bayside Terrace,99.51,2018-05-07 13:17:02
478,36,Rahman,R,xhowtopreserved9@geocities.com,4 Kenwood Road,90.36,2018-09-25 11:41:07
479,81,Soltani,S,dmarquissda@tripod.com,718 Homewood Street,64.47,2018-12-06 09:05:48
480,38,Rahman,R,aspiviedb@ifeng.com,03209 Surrey Road,45.01,2018-02-01 21:24:27
481,51,Predic,P,labrahamsohndc@canalblog.com,7 Larry Alley,34.5,2018-04-11 01:08:04
482,12,Najafiannasir,N,mmoraledadd@netvibes.com,4904 Nevada Way,21.78,2018-02-01 18:19:04
483,39,Zhuta,Z,bmcreathde@theguardian.com,69814 Linden Pass,83.36,2018-03-21 18:45:09
484,90,Sarvghadi,S,rtitherdf@google.ru,1 Declaration Circle,59.69,2018-01-01 07:15:34
485,46,Sarvghadi,S,khindenbergerdg@tamu.edu,298 Algoma Way,17.99,2018-09-30 05:57:22
486,41,Mathes,M,echansondh@si.edu,5429 Alpine Alley,45.08,2018-05-28 07:05:04
487,76,Pusch,P,akaesdi@spiegel.de,8133 Clyde Gallagher Road,29.55,2018-08-23 13:06:37
488,37,Sepehri/Rad,S,jstammerdj@apple.com,4093 Hintze Circle,66.23,2018-04-26 17:06:54
489,92,Theiler,T,lbrehenydk@wufoo.com,5 Surrey Lane,48.82,2018-06-20 23:40:35
490,,Pusch,P,aaspledl@forbes.com,15 Fairfield Way,17.78,2018-09-20 13:43:10
491,53,Otenhajmer,O,hdevereudm@woothemes.com,73044 Mosinee Junction,52.81,2018-09-05 21:33:16
492,49,Hirschhofer,H,ilarderotdn@comcast.net,0 Pennsylvania Street,77.76,2018-01-03 14:26:43
493,73,Varga,V,smcgeedo@canalblog.com,0 Maywood Park,93.58,2018-06-06 22:49:51
494,86,Pathak,P,pjirusekdp@elegantthemes.com,82971 Talmadge Plaza,43.68,2018-06-29 04:27:43
495,63,Theiler,T,clawriedq@noaa.gov,0982 High Crossing Crossing,30.8,2018-06-07 20:53:46
496,25,Zipser,Z,cbonairedr@hhs.gov,37864 Knutson Plaza,20.69,2018-10-15 04:45:02
497,51,Waysocher,W,aarnholtzds@goodreads.com,41976 Hauk Point,86.11,2018-12-14 05:40:36
498,41,Galic,G,adewidt@china.com.cn,271 Nobel Park,36.34,2018-06-24 18:56:15
499,54,Rahman,R,ctiplerdu@etsy.com,11 Schiller Alley,79.92,2018-02-10 18:49:59
500,,Pathak,P,pquirkedv@phpbb.com,23661 Anderson Court,82.21,2018-07-20 18:49:54
501,45,Varga,V,laddinalldw@studiopress.com,0 Browning Street,26.12,2018-11-12 15:38:46
502,84,Predic,P,bpallisterdx@hp.com,44 Gateway Park,65.83,2018-05-07 15:35:17
503,,Predic,P,rkibeldy@psu.edu,7981 Ridgeview Alley,96.38,2018-10-03 01:25:20
504,,Zhuta,Z,cyablsleydz@wsj.com,369 Vidon Hill,70.65,2018-01-06 04:56:38
505,88,Theiler,T,brochellee0@blogs.com,589 Sachs Hill,35.97,2018-05-13 04:19:10
506,44,Zhuta,Z,mlatuse1@lulu.com,92 Trailsway Junction,80.34,2018-02-04 13:06:33
507,4,Sarvghadi,S,jmeighane2@blogs.com,3 Forest Center,68.15,2018-05-08 22:28:43
508,63,Freudenthaler,F,dmingardoe3@latimes.com,84 Jenifer Street,63.42,2018-08-05 12:09:46
509,6,Waysocher,W,lpinare4@a8.net,309 Ludington Trail,82.88,2018-03-30 07:45:05
510,77,Zipser,Z,klafoye5@oaic.gov.au,0 Buhler Parkway,42.37,2018-02-13 12:36:10
511,,Soltani,S,ekendere6@tripadvisor.com,73554 Service Alley,56.19,2018-07-22 18:34:04
512,89,Rahman,R,rhalleye7@google.com.au,513 Troy Street,17.92,2018-10-09 03:40:21
513,35,Pathak,P,dhigounete8@nymag.com,753 Redwing Court,93.6,2018-06-18 06:31:25
514,,Pathak,P,agiottoe9@craigslist.org,21 Boyd Hill,29.75,2018-03-22 04:53:46
515,97,Waysocher,W,rbriseea@xrea.com,0 7th Drive,60.53,2018-04-10 16:16:44
516,71,Zhuta,Z,mkohnerteb@oakley.com,497 Golf Course Plaza,98.82,2018-10-10 20:59:50
517,77,Barcza,B,tburtonec@tinypic.com,46 Debra Place,95.52,2018-01-31 15:10:57
518,49,Pathak,P,ndebernardised@oracle.com,03 Dawn Court,78.81,2018-11-09 18:59:23
519,22,Hedda,H,jiaduccelliee@webeden.co.uk,6774 Sutherland Way,44.15,2018-12-09 23:53:32
520,24,Waysocher,W,ebooteef@symantec.com,558 Corben Lane,32.1,2018-05-29 12:47:43
521,,Sarvghadi,S,wdonneelyeg@scientificamerican.com,49415 Stoughton Avenue,12.1,2018-11-20 19:55:06
522,40,Pusch,P,lamyeseh@g.co,441 Del Mar Way,68.14,2018-01-22 06:39:37
523,99,Lazarevic,L,ghamshawei@lycos.com,0761 Muir Pass,55.77,2018-08-14 01:23:17
524,27,Maurizio,M,rjowittej@bluehost.com,526 Corry Alley,78.9,2018-10-01 10:58:38
525,26,Zhuta,Z,cbeeversek@eepurl.com,70316 Farwell Drive,64.23,2018-10-30 08:42:35
526,64,Waysocher,W,tassanteel@cmu.edu,75 Mosinee Avenue,14.54,2018-06-23 05:40:35
527,40,Pishchala,P,sclynterem@ox.ac.uk,96 Butternut Avenue,82.16,2018-01-05 17:30:54
528,11,Pishchala,P,tlassellsen@google.pl,75 Anthes Hill,35.65,2018-06-13 19:10:57
529,,Sepehri/Rad,S,adrohuneo@ox.ac.uk,88861 Fulton Way,15.77,2018-11-02 14:27:51
530,2,Waysocher,W,gbackesep@phoca.cz,891 Toban Street,44.01,2018-06-19 08:35:48
531,26,Pishchala,P,jpirellieq@spotify.com,6 Anderson Court,98.41,2018-09-10 19:27:51
532,96,Maurizio,M,alindenblatter@themeforest.net,802 Sage Place,19.79,2018-03-13 16:10:29
533,70,Theiler,T,lantonionies@archive.org,702 Lake View Lane,92.01,2018-03-03 04:45:20
534,88,Akbari/Liavali,A,npeertet@guardian.co.uk,24 Kings Plaza,20.91,2018-05-23 18:12:54
535,83,Waysocher,W,kgalbraetheu@cargocollective.com,8 Carberry Junction,56.93,2018-12-18 17:25:26
536,17,Sepehri/Rad,S,bderricoev@eventbrite.com,16531 Daystar Center,99.82,2018-11-30 06:03:43
537,46,Lazarevic,L,jritmeyerew@soup.io,3 Glacier Hill Crossing,53.02,2018-12-17 16:07:46
538,90,Waysocher,W,kmcasgillex@bloglovin.com,5 Fordem Plaza,37.45,2018-03-26 07:40:03
539,81,Zhuta,Z,nbliveney@sun.com,18 Debra Parkway,48.25,2018-11-17 18:53:03
540,85,Zipser,Z,lburtonwoodez@dyndns.org,5176 Shelley Street,99.3,2018-02-21 08:17:42
541,97,Sepehri/Rad,S,ebaystingf0@hao123.com,1478 Springs Point,25.44,2018-01-14 19:43:25
542,12,Zipser,Z,klewseyf1@ifeng.com,7 Pierstorff Crossing,27.13,2018-05-12 10:56:26
543,91,Soltani,S,jblasingf2@webmd.com,4 Dapin Center,45.61,2018-11-28 11:07:08
544,13,Rahman,R,chazeupf3@shop-pro.jp,8 Pennsylvania Avenue,96.13,2018-06-09 06:41:03
545,70,Pishchala,P,ycostelowf4@usatoday.com,7 Kim Pass,10.18,2018-07-09 20:17:10
546,57,Otenhajmer,O,mganterf5@tumblr.com,4 Everett Trail,19.81,2018-08-30 22:57:18
547,93,Varga,V,veronief6@zdnet.com,7 Golf View Terrace,36.67,2018-06-30 22:54:52
548,59,Soltani,S,ypinningtonf7@shinystat.com,22 Reinke Center,15.23,2018-08-15 21:08:09
549,12,Waysocher,W,mambrosinif8@state.gov,0204 Meadow Valley Point,32.95,2018-05-07 01:30:47
550,92,Zhuta,Z,abrasherf9@homestead.com,636 Springs Parkway,51.16,2018-12-11 05:37:53
551,55,Lazarevic,L,bhurichefa@utexas.edu,100 Gateway Hill,72.12,2018-08-26 21:49:23
552,95,Theiler,T,ebassonfb@jugem.jp,7 Vahlen Crossing,99.9,2018-06-10 07:10:14
553,72,Hedda,H,kantrobusfc@joomla.org,59827 Blackbird Trail,18.71,2018-07-16 04:35:22
554,59,Galic,G,dgoldupfd@apache.org,9109 Esker Junction,22.93,2018-09-19 11:12:10
555,,Soltani,S,rchingefe@netlog.com,5926 Moose Plaza,91.0,2018-09-22 23:30:02
556,82,Hirschhofer,H,cdemangeff@google.nl,05 Havey Alley,11.96,2018-06-30 20:50:18
557,,Waysocher,W,gsunterfg@aol.com,6 Dottie Road,40.74,2018-10-11 19:12:35
558,76,Najafiannasir,N,tfolinifh@miitbeian.gov.cn,00 Anderson Drive,45.35,2018-09-16 06:59:18
559,31,Pathak,P,jtuffellfi@vk.com,6 Sloan Pass,82.09,2018-05-11 23:10:57
560,2,Zipser,Z,hbrandonefj@wired.com,08 Badeau Avenue,53.98,2018-11-09 10:53:17
561,32,Theiler,T,mfarndonfk@biblegateway.com,37 Bunting Drive,95.2,2018-04-24 14:53:50
562,21,Pathak,P,akirvellfl@accuweather.com,23 Northland Alley,76.78,2018-02-11 09:35:38
563,16,Pusch,P,cpieteschfm@elegantthemes.com,78942 Hudson Junction,41.02,2018-12-12 23:38:15
564,2,Zipser,Z,wholdinfn@constantcontact.com,906 Rockefeller Lane,78.43,2018-09-30 14:38:30
565,8,Varga,V,mstringerfo@google.it,82 Dixon Circle,36.52,2018-10-21 11:37:30
566,38,Freudenthaler,F,hfairtloughfp@walmart.com,9313 Huxley Way,46.11,2018-06-15 01:21:58
567,49,Varga,V,adodgefq@storify.com,331 Vidon Alley,93.86,2018-02-26 23:26:04
568,53,Predic,P,kendrighifr@yandex.ru,25 Warner Alley,10.25,2018-07-02 03:28:04
569,,Soltani,S,jcreusfs@i2i.jp,64426 Dakota Circle,82.64,2018-10-22 04:11:48
570,26,Otenhajmer,O,nbengallft@facebook.com,17657 Eagan Court,89.89,2018-05-30 09:24:34
571,90,Lazarevic,L,sstarkfu@salon.com,53683 Lighthouse Bay Point,22.42,2018-08-13 13:38:07
572,47,Pishchala,P,csherrellfv@printfriendly.com,1433 Kim Center,77.13,2018-08-21 02:17:56
573,68,Pusch,P,awhithamfw@flavors.me,872 Forest Dale Park,94.12,2018-09-25 19:24:43
574,69,Pathak,P,troycraftfx@wikipedia.org,14 Swallow Way,50.69,2018-02-02 02:51:44
575,41,Waysocher,W,egoltfy@scribd.com,8 Monterey Street,79.31,2018-01-05 06:09:56
576,51,Zhuta,Z,ffarlowefz@symantec.com,9 Mcguire Court,70.81,2018-01-11 10:02:49
577,47,Ertl-Winand,E,bgruteg0@ycombinator.com,3027 Hazelcrest Center,93.45,2018-09-13 12:38:31
578,99,Sarvghadi,S,mloadeg1@taobao.com,36798 Porter Avenue,44.33,2018-01-30 20:33:45
579,,Theiler,T,thingeg2@businesswire.com,21 Lunder Center,22.66,2018-07-26 22:58:55
580,55,Aminian,A,wbartensg3@jimdo.com,23458 2nd Point,93.09,2018-06-26 03:41:06
581,47,Efimov,E,ttennyg4@addtoany.com,110 Talmadge Parkway,96.59,2018-05-14 07:08:13
582,,Freudenthaler,F,jknowldeng5@imdb.com,1548 Prairieview Hill,84.52,2018-05-11 00:16:00
583,55,Sepehri/Rad,S,nbennisg6@mysql.com,8546 Mallory Terrace,64.33,2018-06-20 22:43:48
584,79,Sarvghadi,S,bsummerleyg7@economist.com,49 Eastlawn Alley,20.65,2018-12-04 23:39:15
585,45,Zipser,Z,dgaitskillg8@examiner.com,4932 Merry Pass,15.85,2018-12-01 06:57:30
586,,Otenhajmer,O,lsimonssong9@ucoz.ru,1 Pine View Pass,76.42,2018-02-06 16:32:43
587,,Maurizio,M,hlaleveega@nsw.gov.au,6 Gina Hill,29.02,2018-01-25 10:37:58
588,93,Waysocher,W,npadillogb@toplist.cz,841 Veith Street,73.04,2018-07-07 08:03:32
589,73,Soltani,S,cgaskoingc@wikispaces.com,18302 Bowman Place,78.79,2018-12-29 15:22:39
590,100,Hedda,H,vklimentyevgd@fc2.com,469 Ramsey Road,65.04,2018-03-03 04:25:50
591,97,Theiler,T,grawcliffege@shop-pro.jp,8460 Myrtle Street,33.92,2018-05-19 14:38:57
592,35,Pathak,P,beptongf@weather.com,957 Nova Parkway,76.99,2018-02-10 13:21:01
593,11,Ertl-Winand,E,umcgowrangg@businessweek.com,3 Eagle Crest Parkway,84.45,2018-01-17 20:03:11
594,20,Zhuta,Z,dpetersengh@ed.gov,29585 Browning Parkway,39.03,2018-08-25 03:30:49
595,33,Sarvghadi,S,ihardestygi@networkadvertising.org,3 Claremont Circle,82.83,2018-04-10 09:50:55
596,75,Sepehri/Rad,S,jklessgj@pinterest.com,19 Delaware Avenue,73.92,2018-02-15 08:56:39
597,60,Waysocher,W,mbrunstangk@independent.co.uk,09 Ridge Oak Junction,19.32,2018-10-06 02:18:48
598,21,Sarvghadi,S,apigromegl@loc.gov,9 Eggendart Terrace,92.76,2018-02-03 18:42:31
599,58,Maurizio,M,dcleughgm@woothemes.com,35454 Meadow Ridge Circle,20.49,2018-09-13 12:29:57
600,,Najafiannasir,N,jagargn@plala.or.jp,3 Donald Court,78.43,2018-11-09 13:23:53
601,21,Sepehri/Rad,S,fziehmgo@walmart.com,1035 Coolidge Road,45.52,2018-06-12 12:35:17
602,,Predic,P,cknollergp@ftc.gov,0251 Blue Bill Park Street,48.38,2018-11-11 15:49:48
603,26,Soltani,S,peverygq@stumbleupon.com,75602 New Castle Plaza,43.61,2018-11-10 23:54:49
604,6,Sepehri/Rad,S,lbrayfieldgr@phpbb.com,7 Hagan Point,53.45,2018-10-09 17:51:10
605,68,Soltani,S,htrasslergs@chron.com,9 Springview Trail,25.49,2018-05-20 13:20:13
606,17,Soltani,S,gcanepegt@weibo.com,05773 Northland Lane,21.79,2018-03-24 16:29:16
607,16,Theiler,T,tdebenedittigu@newyorker.com,72274 Montana Way,46.43,2018-03-03 01:14:18
608,13,Theiler,T,sscrivingv@usda.gov,1 Arkansas Circle,30.81,2018-01-11 04:31:52
609,87,Otenhajmer,O,fpenswickgw@dyndns.org,4060 7th Way,78.32,2018-06-16 04:24:35
610,24,Maurizio,M,hhetterichgx@jiathis.com,96098 Artisan Court,75.77,2018-06-28 04:46:56
611,64,Ertl-Winand,E,mstuddardgy@w3.org,4223 Southridge Court,59.42,2018-08-27 03:52:44
612,,Waysocher,W,amcgilbongz@cbc.ca,146 Kingsford Point,98.84,2018-04-13 04:50:32
613,58,Predic,P,hpownallh0@rakuten.co.jp,15 Debra Park,95.45,2018-10-30 17:06:01
614,42,Soltani,S,htunnoh1@arizona.edu,4063 Gateway Junction,20.09,2018-07-11 09:14:43
615,8,Pishchala,P,lmoncrieffeh2@java.com,220 Mcbride Place,52.74,2018-05-03 12:11:52
616,98,Theiler,T,hsquirrelh3@elpais.com,78931 Blaine Drive,56.46,2018-09-22 19:13:12
617,1,Theiler,T,ghearseh4@soundcloud.com,79 Di Loreto Place,39.81,2018-01-03 11:22:37
618,19,Rahman,R,wcrowesth5@bizjournals.com,2 Pierstorff Terrace,18.47,2018-11-30 20:59:10
619,84,Pusch,P,amatchesh6@hexun.com,37 Golden Leaf Court,53.1,2018-11-06 10:46:54
620,72,Theiler,T,tcraneyh7@tripod.com,8 Prentice Court,73.28,2018-02-21 07:23:08
621,64,Mathes,M,esantryh8@angelfire.com,59 Brentwood Circle,78.98,2018-06-11 07:23:25
622,40,Rahman,R,rleitherh9@prweb.com,8996 Meadow Valley Court,88.25,2018-10-23 13:20:37
623,,Brugger,B,mberraneha@com.com,18551 Heath Parkway,17.43,2018-09-20 13:20:19
624,,Mathes,M,aornilshb@apache.org,3304 Marcy Trail,42.03,2018-01-27 09:32:05
625,31,Mathes,M,tglasmanhc@wunderground.com,226 Commercial Plaza,12.93,2018-02-07 15:22:11
626,9,Theiler,T,iaddesshd@europa.eu,795 Jackson Place,90.88,2018-03-07 23:16:12
627,,Otenhajmer,O,hboninhe@prnewswire.com,9216 Steensland Park,11.44,2018-04-01 02:02:27
628,,Waysocher,W,cdevotehf@mediafire.com,279 Elgar Junction,49.42,2018-05-08 05:56:58
629,23,Mathes,M,mwhiteselhg@123-reg.co.uk,327 Hoard Center,51.91,2018-05-21 00:57:58
630,29,Rahman,R,cmoyseyhh@fc2.com,9 Mallory Crossing,73.88,2018-02-15 02:12:43
631,84,Zhuta,Z,klinkleterhi@devhub.com,77484 Eastwood Lane,80.36,2018-12-24 00:54:01
632,,Rahman,R,ojoselevitzhj@cnn.com,34234 Comanche Avenue,85.63,2018-04-24 19:17:02
633,64,Maurizio,M,fhambletthk@51.la,0 Forest Dale Road,34.15,2018-12-03 16:16:40
634,66,Maurizio,M,cbuddlehl@nbcnews.com,47569 Hoepker Trail,68.35,2018-10-25 13:40:43
635,37,Waysocher,W,dloughanhm@buzzfeed.com,805 Towne Drive,92.44,2018-01-08 15:25:36
636,62,Rahman,R,ecayserhn@vinaora.com,512 Lillian Park,71.17,2018-07-14 13:44:34
637,83,Zhuta,Z,msimioneho@pagesperso-orange.fr,93980 Fallview Plaza,31.68,2018-11-15 09:50:47
638,64,Zhuta,Z,pbjorkanhp@4shared.com,8509 Pennsylvania Circle,39.42,2018-10-19 12:11:12
639,5,Theiler,T,efantonehq@theguardian.com,52 Pierstorff Road,39.66,2018-05-09 02:36:25
640,,Varga,V,ybullenehr@goo.gl,27530 Duke Hill,63.2,2018-07-14 03:58:53
641,55,Zhuta,Z,tcollumbinehs@i2i.jp,1 Lighthouse Bay Alley,12.41,2018-08-04 06:52:09
642,,Otenhajmer,O,ayoxenht@scientificamerican.com,9272 Algoma Way,14.27,2018-07-04 19:38:59
643,26,Theiler,T,ebroomerhu@soup.io,05 Riverside Lane,33.51,2018-02-22 16:07:05
644,86,Mathes,M,vchiommientihv@fotki.com,29381 Calypso Hill,88.64,2018-12-22 21:30:42
645,62,Ertl-Winand,E,rsydallhw@bravesites.com,20 Milwaukee Junction,88.49,2018-08-04 11:25:33
646,65,Waysocher,W,bcaganhx@noaa.gov,2 Stoughton Drive,69.22,2018-05-16 13:44:58
647,6,Pusch,P,psibbonshy@tumblr.com,2 Nelson Alley,71.59,2018-01-20 07:55:34
648,93,Soltani,S,jsandlinhz@weebly.com,1 Sutteridge Crossing,53.99,2018-07-31 18:57:38
649,,Sepehri/Rad,S,gflotti0@ed.gov,3344 Corben Crossing,98.35,2018-07-15 16:43:24
650,99,Sepehri/Rad,S,dganni1@latimes.com,7833 Fairview Road,50.4,2018-07-17 14:30:03
651,65,Predic,P,wcolletei2@house.gov,9254 Forest Dale Road,65.3,2018-02-11 22:16:42
652,95,Pishchala,P,cdoerrlingi3@unblog.fr,09 Michigan Crossing,12.78,2018-05-15 15:47:56
653,74,Mathes,M,dmcquillini4@abc.net.au,58 Bartelt Terrace,90.63,2018-02-06 02:12:45
654,73,Rahman,R,jdenisovichi5@cam.ac.uk,6 Jay Street,23.32,2018-10-27 17:52:56
655,30,Pusch,P,kgaitonei6@ustream.tv,32 Hansons Center,39.58,2018-07-17 12:59:24
656,44,Hirschhofer,H,truppelini7@ca.gov,5 Clove Pass,32.89,2018-11-06 20:17:54
657,27,Rahman,R,cpandeyi8@admin.ch,1996 Hooker Junction,86.27,2018-03-08 05:44:44
658,95,Rahman,R,aladdi9@msu.edu,40921 Shasta Point,73.45,2018-01-26 14:28:14
659,,Freudenthaler,F,icawkillia@nymag.com,3975 Cody Crossing,85.59,2018-06-28 15:25:42
660,37,Maurizio,M,pziemeckiib@economist.com,7 Butterfield Street,80.1,2018-09-05 18:19:46
661,,Sarvghadi,S,sfollingic@bravesites.com,239 Center Park,63.11,2018-03-12 21:39:54
662,,Najafiannasir,N,gagutterid@google.es,7106 Bultman Lane,21.28,2018-05-23 21:57:21
663,81,Waysocher,W,bvillaltaie@indiegogo.com,27 Coolidge Alley,89.0,2018-09-29 20:07:00
664,61,Zipser,Z,dbremeyerif@china.com.cn,8120 Vera Court,58.2,2018-06-23 22:07:54
665,35,Rahman,R,oferryig@instagram.com,048 Lakeland Street,18.97,2018-12-28 08:33:14
666,88,Hedda,H,spettkoih@woothemes.com,6 Esch Terrace,95.66,2018-02-09 01:01:40
667,88,Sarvghadi,S,adyii@google.de,2 Main Terrace,10.78,2018-01-10 14:02:07
668,77,Zhuta,Z,alumsdaleij@apple.com,7 Dunning Avenue,97.59,2018-08-07 10:07:59
669,72,Sepehri/Rad,S,mutleyik@newsvine.com,375 Waubesa Park,43.17,2018-08-15 08:14:36
670,42,Soltani,S,rjenneil@storify.com,2799 Troy Road,13.57,2018-11-28 15:10:12
671,62,Sepehri/Rad,S,jmcguineyim@elpais.com,2 North Park,64.48,2018-03-26 04:16:12
672,68,Efimov,E,mseawellin@whitehouse.gov,952 Meadow Valley Center,17.87,2018-07-04 12:09:03
673,12,Soltani,S,joehmio@ted.com,08726 Merchant Court,90.04,2018-12-08 08:13:23
674,,Najafiannasir,N,kdobieip@miibeian.gov.cn,71 Vera Circle,84.67,2018-07-04 18:26:50
675,36,Rahman,R,sdignalliq@narod.ru,3225 Toban Crossing,88.93,2018-03-17 19:09:32
676,53,Galic,G,rledleyir@vkontakte.ru,440 Corry Plaza,83.55,2018-07-02 07:29:59
677,95,Sarvghadi,S,pblewmenis@furl.net,979 Marcy Circle,15.95,2018-01-01 08:50:18
678,,Varga,V,eorrittit@walmart.com,33 Ronald Regan Junction,83.49,2018-06-23 15:04:34
679,90,Hirschhofer,H,arawstorniu@earthlink.net,27 Elgar Park,10.72,2018-03-18 06:16:05
680,75,Lazarevic,L,uklussiv@prnewswire.com,134 Doe Crossing Circle,73.78,2018-05-14 13:48:03
681,64,Zipser,Z,kollenbutteliw@amazon.co.jp,32934 Tomscot Circle,27.37,2018-09-25 16:26:28
682,30,Maurizio,M,tlarticeix@cam.ac.uk,19 Fairfield Court,37.61,2018-01-12 02:34:33
683,31,Pishchala,P,dhrishanokiy@edublogs.org,15 Monica Alley,58.92,2018-03-21 10:09:00
684,33,Zhuta,Z,bgraysmarkiz@networksolutions.com,33678 Warner Plaza,39.42,2018-08-19 08:30:30
685,89,Theiler,T,memersonj0@aboutads.info,080 Spenser Lane,70.89,2018-10-19 10:10:49
686,35,Predic,P,esnapej1@gmpg.org,1780 John Wall Court,37.92,2018-08-23 14:54:36
687,43,Predic,P,cbestonj2@dell.com,56 Eagan Avenue,19.05,2018-05-03 06:02:19
688,89,Waysocher,W,aivoshinj3@freewebs.com,48 Bay Court,50.17,2018-03-08 17:33:13
689,89,Theiler,T,tverrilloj4@baidu.com,666 Mcbride Park,65.85,2018-03-01 06:39:38
690,26,Sepehri/Rad,S,alevertonj5@sciencedaily.com,850 Grayhawk Trail,75.65,2018-07-30 17:21:43
691,93,Pusch,P,apomphreyj6@purevolume.com,0 Onsgard Place,50.11,2018-07-18 05:09:41
692,8,Pishchala,P,rkaubischj7@nasa.gov,8324 Morning Drive,92.34,2018-11-20 23:35:15
693,8,Rahman,R,jdelionj8@blogtalkradio.com,12 Hazelcrest Plaza,66.93,2018-12-12 08:28:18
694,,Brugger,B,pmaylottj9@1und1.de,4 Thompson Alley,86.34,2018-04-09 12:36:51
695,,Sarvghadi,S,hcadlockja@i2i.jp,326 Luster Hill,51.26,2018-05-09 13:22:14
696,,Predic,P,dshorrockjb@tinypic.com,327 Westend Street,79.25,2018-03-01 15:25:34
697,,Lazarevic,L,trivelesjc@sogou.com,585 Nova Parkway,19.4,2018-04-03 07:26:01
698,52,Zhuta,Z,mmacadiejd@slideshare.net,73 Johnson Center,22.37,2018-07-22 09:08:15
699,66,Varga,V,hfearnsideje@mail.ru,7 Schiller Lane,69.67,2018-12-24 04:38:12
700,29,Sepehri/Rad,S,mferyjf@addthis.com,38 Oak Valley Place,60.28,2018-10-11 01:35:59
701,51,Varga,V,mbirchenheadjg@last.fm,35 Bartillon Alley,66.52,2018-10-11 11:04:07
702,23,Zhuta,Z,lsilverlockjh@cdc.gov,7 Independence Lane,38.77,2018-04-21 02:55:20
703,37,Rahman,R,lsparryji@amazon.com,0735 Lakeland Street,94.78,2018-01-25 05:24:36
704,49,Aminian,A,eriversjj@walmart.com,8576 Maryland Hill,32.05,2018-01-07 01:03:30
705,52,Zhuta,Z,tsonejk@netlog.com,5 Kropf Drive,57.7,2018-08-02 14:56:55
706,30,Zhuta,Z,agostlingjl@wisc.edu,60372 Declaration Pass,56.71,2018-07-07 01:06:17
707,38,Maurizio,M,jriochjm@wisc.edu,8772 Acker Pass,55.51,2018-06-03 22:49:15
708,68,Varga,V,graddenburyjn@1688.com,0 Sunbrook Way,24.84,2018-05-08 15:35:59
709,90,Najafiannasir,N,hebdinjo@infoseek.co.jp,61416 Bartelt Lane,25.48,2018-07-17 16:33:57
710,36,Rahman,R,mguillondjp@fastcompany.com,86 Talmadge Hill,58.02,2018-08-16 15:14:45
711,18,Mathes,M,dfrankesjq@google.com.br,3765 Dottie Street,17.42,2018-08-04 23:46:06
712,78,Otenhajmer,O,bsidsaffjr@cocolog-nifty.com,84 Esch Pass,38.89,2018-10-08 20:03:46
713,87,Theiler,T,bgarnhamjs@marketwatch.com,543 Springs Trail,12.47,2018-10-08 11:12:58
714,53,Waysocher,W,mmacvayjt@theatlantic.com,2987 Ridge Oak Drive,33.07,2018-08-09 06:36:40
715,44,Soltani,S,fciciottiju@umich.edu,42 Mendota Park,31.15,2018-03-03 07:14:12
716,45,Sepehri/Rad,S,mrossojv@myspace.com,41979 Memorial Hill,53.04,2018-09-14 01:10:14
717,58,Waysocher,W,esawkinsjw@about.me,1983 Stoughton Court,32.1,2018-09-20 16:34:47
718,5,Theiler,T,jfeaverjx@squidoo.com,43 Monterey Junction,78.13,2018-06-04 19:03:06
719,56,Rahman,R,lhobdenjy@globo.com,9332 Pankratz Road,51.86,2018-07-14 11:15:39
720,7,Predic,P,jcantrilljz@ebay.co.uk,2 Brickson Park Lane,59.03,2018-03-30 12:55:24
721,11,Ertl-Winand,E,rdaillyk0@wsj.com,770 Bayside Drive,40.93,2018-08-11 10:55:50
722,35,Rahman,R,vfeveryeark1@lycos.com,135 Homewood Drive,49.08,2018-08-20 17:16:51
723,22,Hirschhofer,H,mredfernek2@accuweather.com,40301 Dorton Trail,79.37,2018-01-30 13:59:40
724,83,Maurizio,M,wdrinkallk3@vimeo.com,4393 Dunning Point,12.57,2018-11-08 19:22:29
725,83,Galic,G,nglanceyk4@npr.org,81 Maywood Point,74.19,2018-02-26 07:40:39
726,32,Otenhajmer,O,lpeakmank5@biblegateway.com,9 Mccormick Street,35.81,2018-06-29 10:08:14
727,,Najafiannasir,N,jvarseyk6@cmu.edu,65 Northridge Junction,31.69,2018-09-05 15:13:01
728,28,Zhuta,Z,tstairmandk7@scribd.com,2 Sycamore Court,31.07,2018-02-13 13:42:11
729,74,Rahman,R,vdavidoffk8@tmall.com,0 Eliot Avenue,97.25,2018-03-11 20:55:03
730,35,Soltani,S,ableakmank9@diigo.com,8051 Bobwhite Trail,15.43,2018-05-25 21:06:22
731,97,Barcza,B,cdeexka@123-reg.co.uk,41158 Haas Hill,97.52,2018-02-23 00:05:47
732,36,Donhauser,D,jlanhamkb@illinois.edu,86077 Fremont Crossing,86.49,2018-07-04 18:08:03
733,52,Freudenthaler,F,apurbrickkc@gmpg.org,001 Eastwood Pass,25.28,2018-08-22 23:18:02
734,40,Ertl-Winand,E,cyeendkd@photobucket.com,51063 Heath Park,46.82,2018-07-08 04:05:31
735,,Pathak,P,flivezleyke@si.edu,0 Mayfield Avenue,55.08,2018-06-09 19:01:40
736,82,Waysocher,W,rnoonkf@deviantart.com,22345 Truax Drive,78.29,2018-11-03 11:21:05
737,98,Lazarevic,L,khursthousekg@npr.org,7 Barnett Lane,32.19,2018-01-27 12:42:31
738,,Predic,P,isauterkh@godaddy.com,708 Onsgard Road,97.27,2018-06-19 02:53:50
739,,Rahman,R,esulleyki@ameblo.jp,32 Upham Crossing,85.89,2018-08-28 00:35:29
740,94,Waysocher,W,trottcherkj@networkadvertising.org,8 Onsgard Court,82.24,2018-06-10 12:11:53
741,56,Mathes,M,ccoughtreykk@stanford.edu,252 Tony Alley,77.3,2018-02-07 18:29:01
742,60,Rahman,R,fthorndalekl@umn.edu,11 Judy Road,96.45,2018-03-03 17:51:00
743,93,Predic,P,pbutterwickkm@bbb.org,153 Helena Pass,73.71,2018-04-25 07:56:14
744,62,Waysocher,W,eyeabsleykn@theguardian.com,5 Rusk Circle,62.72,2018-03-06 06:33:14
745,44,Otenhajmer,O,tmccloyko@time.com,9 Commercial Junction,70.41,2018-07-23 18:02:56
746,53,Pishchala,P,shaggiskp@nih.gov,2 Thierer Drive,63.14,2018-03-09 05:56:19
747,29,Sarvghadi,S,pmerittkq@bluehost.com,8 Havey Point,97.56,2018-05-08 07:03:18
748,100,Maurizio,M,mticehurstkr@1und1.de,86 Duke Alley,91.62,2018-07-07 17:38:50
749,92,Zipser,Z,cwoodhamsks@sfgate.com,07844 Russell Court,78.66,2018-08-25 01:06:16
750,59,Waysocher,W,dkiljankt@wikia.com,6580 Waxwing Trail,77.67,2018-04-20 14:24:42
751,22,Varga,V,kkamiyamaku@nytimes.com,5556 Roth Terrace,67.83,2018-03-10 00:45:01
752,81,Sepehri/Rad,S,owaitekv@infoseek.co.jp,84 Bartillon Lane,61.14,2018-11-26 06:48:09
753,79,Varga,V,kcockerkw@ibm.com,55 7th Plaza,79.25,2018-12-16 07:23:21
754,53,Rahman,R,krenggerkx@si.edu,0559 Anhalt Court,94.98,2018-09-07 23:26:55
755,,Maurizio,M,mboichatky@storify.com,779 Daystar Park,75.2,2018-12-12 01:33:54
756,2,Zhuta,Z,ayokz@geocities.jp,0878 Debs Court,38.59,2018-06-20 13:11:43
757,53,Pusch,P,dainsworthl0@msn.com,26481 Fairview Junction,53.83,2018-04-24 20:23:01
758,48,Pishchala,P,nploughwrightl1@guardian.co.uk,92 Namekagon Street,25.39,2018-11-09 05:09:54
759,,Predic,P,abrisardl2@yandex.ru,53 Spaight Circle,15.12,2018-10-06 09:32:03
760,15,Najafiannasir,N,bnorvell3@devhub.com,60 Forest Lane,92.94,2018-12-25 17:48:51
761,82,Pusch,P,vfearsl4@dedecms.com,7 Dakota Park,18.99,2018-04-02 15:27:01
762,2,Zhuta,Z,imoncreiffel5@vinaora.com,35 Anderson Drive,97.78,2018-07-07 12:05:22
763,5,Lazarevic,L,rrappaportl6@nps.gov,5 Meadow Ridge Parkway,97.1,2018-02-20 21:06:02
764,57,Pathak,P,dbarrouxl7@gizmodo.com,6 Artisan Road,95.27,2018-03-25 03:58:59
765,5,Soltani,S,geffordl8@macromedia.com,46 Judy Trail,24.6,2018-03-01 14:22:46
766,78,Galic,G,rdrohunl9@deviantart.com,580 Reindahl Pass,61.2,2018-03-19 18:59:13
767,11,Lazarevic,L,afredyla@rakuten.co.jp,33679 Longview Street,98.96,2018-04-12 02:13:59
768,51,Sepehri/Rad,S,lbenerlb@bigcartel.com,43627 Menomonie Road,48.24,2018-11-23 00:43:52
769,81,Waysocher,W,zbirchenoughlc@tinypic.com,996 Starling Place,31.89,2018-05-12 20:05:55
770,13,Predic,P,hwhitewoodld@naver.com,3124 Fairfield Junction,29.2,2018-08-14 03:04:25
771,87,Galic,G,gfarrahle@goo.ne.jp,813 Reinke Park,11.3,2018-10-03 17:32:23
772,88,Galic,G,mbredburylf@theguardian.com,3 Grim Drive,61.4,2018-07-22 10:18:49
773,73,Hedda,H,pashleylg@home.pl,9225 Transport Pass,88.02,2018-06-10 22:51:05
774,9,Zipser,Z,ebickstethlh@yahoo.com,04 American Junction,21.79,2018-12-24 00:31:18
775,,Rahman,R,candrellili@blogger.com,1 Fuller Way,60.09,2018-05-10 10:32:47
776,16,Rahman,R,cdugglebylj@oaic.gov.au,6 3rd Center,67.15,2018-10-09 00:46:29
777,98,Zhuta,Z,jselbachlk@networksolutions.com,762 Moulton Junction,25.78,2018-06-08 06:02:37
778,,Otenhajmer,O,vvasiliull@over-blog.com,8183 Melody Drive,77.07,2018-10-14 16:42:59
779,57,Zhuta,Z,hstanmanlm@parallels.com,8119 Katie Road,19.6,2018-07-07 00:17:12
780,25,Hedda,H,tcaushln@flavors.me,4 Maywood Point,37.91,2018-12-04 23:52:14
781,71,Varga,V,favramoviclo@comsenz.com,43785 Fuller Way,85.41,2018-08-25 06:52:53
782,30,Zhuta,Z,tferrerlp@ted.com,7 Forest Dale Park,21.91,2018-09-08 14:20:38
783,78,Theiler,T,ccosinlq@acquirethisname.com,1914 Hollow Ridge Center,26.57,2018-08-26 14:25:39
784,65,Theiler,T,ddonatlr@devhub.com,8 John Wall Court,59.53,2018-09-07 19:43:28
785,28,Waysocher,W,jcharlesls@amazonaws.com,9452 Riverside Place,64.58,2018-04-19 04:45:25
786,36,Otenhajmer,O,dsiviourlt@about.me,444 Northland Park,64.48,2018-10-22 20:49:56
787,94,Rahman,R,mbattersbylu@infoseek.co.jp,34 Killdeer Parkway,16.57,2018-08-10 00:14:01
788,22,Hedda,H,emagrannelllv@sakura.ne.jp,86 Southridge Plaza,80.21,2018-01-04 02:36:35
789,,Varga,V,wpounsettlw@parallels.com,9 Warner Pass,98.4,2018-01-17 08:08:02
790,44,Ertl-Winand,E,bhellwichlx@yahoo.co.jp,20 Meadow Vale Hill,61.67,2018-01-11 06:31:46
791,29,Sarvghadi,S,lburtwellly@archive.org,905 Havey Crossing,16.15,2018-04-05 00:57:52
792,37,Hedda,H,cogdenlz@slideshare.net,68 Rusk Street,58.31,2018-04-25 11:26:27
793,89,Galic,G,ldavenellm0@flickr.com,20 Crownhardt Crossing,25.06,2018-10-07 12:08:37
794,44,Najafiannasir,N,akunklerm1@yahoo.co.jp,91706 Mallory Place,28.22,2018-06-24 14:41:49
795,95,Donhauser,D,bventamm2@goo.gl,4 Hagan Crossing,39.5,2018-10-05 14:34:46
796,29,Soltani,S,grigardm3@flavors.me,69321 Holy Cross Court,80.51,2018-06-14 14:39:06
797,15,Waysocher,W,kloachem4@newsvine.com,7 Delladonna Place,18.07,2018-11-23 03:32:51
798,71,Waysocher,W,bhalgarthm5@wisc.edu,4 8th Hill,73.09,2018-04-06 17:57:38
799,,Zhuta,Z,cpaulinom6@upenn.edu,48 Straubel Trail,16.64,2018-05-15 23:29:10
800,100,Sarvghadi,S,ghearonsm7@tripod.com,96 Gerald Way,87.57,2018-05-31 04:00:15
801,44,Otenhajmer,O,cnewlovem8@sogou.com,75 Hazelcrest Junction,77.39,2018-12-09 16:39:12
802,11,Hirschhofer,H,skundertm9@com.com,0423 Ruskin Road,16.22,2018-12-03 22:20:34
803,30,Pusch,P,bblazyma@1und1.de,5501 Kennedy Center,32.44,2018-09-13 14:19:55
804,76,Zhuta,Z,rgreastymb@unicef.org,1 Florence Terrace,87.43,2018-06-15 00:14:32
805,70,Waysocher,W,nstollhofermc@digg.com,9 Orin Place,82.95,2018-07-26 13:24:58
806,1,Theiler,T,bwishammd@oakley.com,73 Victoria Way,43.02,2018-12-29 16:55:52
807,62,Zhuta,Z,ltinkhamme@xing.com,86242 Melrose Drive,19.92,2018-12-25 15:35:30
808,67,Lazarevic,L,mcockshutmf@google.es,650 Pierstorff Center,35.92,2018-05-04 04:54:13
809,65,Hirschhofer,H,aboshardmg@tuttocitta.it,43173 Blue Bill Park Avenue,14.58,2018-07-16 07:04:44
810,50,Barcza,B,gattewellmh@vk.com,50268 Barnett Center,33.35,2018-08-09 01:44:36
811,35,Pishchala,P,tthackwraymi@newyorker.com,677 Barnett Hill,90.82,2018-01-09 08:43:23
812,73,Galic,G,bbolderomj@myspace.com,88 Northport Lane,51.31,2018-04-14 11:20:04
813,95,Varga,V,bambrodimk@gravatar.com,47716 Warner Court,88.61,2018-01-17 05:00:16
814,92,Mathes,M,acomptonml@yelp.com,503 Manitowish Place,89.46,2018-08-04 00:38:13
815,93,Maurizio,M,dsansunmm@miibeian.gov.cn,1318 Grover Crossing,83.35,2018-09-26 07:45:56
816,43,Waysocher,W,htoombesmn@yahoo.co.jp,682 Esker Terrace,15.99,2018-04-11 02:36:30
817,68,Sepehri/Rad,S,iterlindenmo@chicagotribune.com,46836 Troy Court,29.14,2018-09-12 07:19:23
818,78,Efimov,E,vjirusekmp@smugmug.com,5576 Waubesa Avenue,87.28,2018-04-10 03:37:42
819,76,Varga,V,olaxmq@usatoday.com,6921 Stang Hill,95.23,2018-10-07 00:26:06
820,,Waysocher,W,mdooheymr@washington.edu,31873 Maryland Drive,82.51,2018-09-28 09:25:12
821,90,Pusch,P,tbingms@fema.gov,302 Harper Pass,70.17,2018-07-21 08:03:35
822,86,Maurizio,M,fdiblingmt@mysql.com,8084 Warner Alley,29.6,2018-12-29 01:57:13
823,79,Sepehri/Rad,S,gmegroffmu@independent.co.uk,7 Merry Center,57.68,2018-05-27 22:29:04
824,36,Zipser,Z,dstarkiemv@zimbio.com,4220 Spenser Circle,99.18,2018-06-23 08:46:39
825,,Pishchala,P,kjurgensenmw@jigsy.com,03 Bashford Crossing,50.46,2018-08-04 23:51:04
826,64,Waysocher,W,ggerckemx@miibeian.gov.cn,00 Larry Trail,12.07,2018-07-31 19:25:38
827,10,Varga,V,tcouplandmy@a8.net,35728 Heffernan Pass,87.21,2018-09-11 22:28:45
828,29,Galic,G,pmulchronemz@springer.com,1 Bashford Street,14.68,2018-02-27 13:05:00
829,13,Rahman,R,xrolesn0@baidu.com,58827 Dovetail Court,52.33,2018-04-17 05:02:38
830,62,Soltani,S,ojarmann1@naver.com,807 Rockefeller Avenue,71.32,2018-09-11 20:20:17
831,1,Waysocher,W,bgraundissonn2@godaddy.com,879 Pearson Point,79.52,2018-01-20 08:03:38
832,57,Predic,P,mrenen3@hugedomains.com,6572 Steensland Court,56.76,2018-04-25 11:28:16
833,44,Theiler,T,fwinstonen4@shop-pro.jp,591 Eggendart Park,46.83,2018-02-22 23:56:16
834,,Varga,V,bbunhilln5@google.pl,9527 Weeping Birch Court,40.98,2018-04-19 11:20:45
835,98,Zipser,Z,cpedron6@printfriendly.com,365 Sunfield Junction,80.64,2018-01-04 04:33:18
836,46,Soltani,S,lcoleiron7@digg.com,3 Kipling Center,13.85,2018-09-04 11:12:39
837,53,Mathes,M,ngoulthorpn8@ucsd.edu,37874 Roth Point,40.03,2018-03-19 04:37:36
838,21,Rahman,R,gmansuern9@mashable.com,3 Crowley Court,56.16,2018-11-03 11:29:47
839,87,Zhuta,Z,cnecoldsna@tumblr.com,75504 Welch Avenue,71.78,2018-04-05 11:04:40
840,97,Galic,G,aclowleynb@cdbaby.com,71886 Stuart Way,70.04,2018-07-11 16:28:54
841,90,Zipser,Z,jhapgoodnc@dmoz.org,20 Namekagon Way,37.26,2018-10-29 13:32:11
842,51,Predic,P,sgianninind@artisteer.com,10 Mesta Terrace,61.09,2018-08-02 14:15:41
843,12,Varga,V,jpiensne@sbwire.com,69039 Northview Place,39.83,2018-01-16 13:40:52
844,9,Sepehri/Rad,S,pwheelikernf@nsw.gov.au,12323 Parkside Park,17.0,2018-05-06 20:20:46
845,32,Zipser,Z,rbodsworthng@mit.edu,415 Packers Way,94.76,2018-12-06 17:24:09
846,46,Pishchala,P,alibrerosnh@npr.org,262 Armistice Drive,40.69,2018-09-07 19:03:42
847,,Pusch,P,treidshawni@nifty.com,9932 New Castle Junction,17.8,2018-11-13 23:11:15
848,52,Rahman,R,nstroddernj@sohu.com,336 5th Junction,70.14,2018-06-02 21:06:23
849,32,Pusch,P,oseatonnk@si.edu,3 Clyde Gallagher Park,24.24,2018-07-10 04:45:51
850,68,Otenhajmer,O,arookenl@123-reg.co.uk,747 Pennsylvania Drive,65.28,2018-08-22 15:29:00
851,65,Waysocher,W,kmainstonenm@examiner.com,5911 Bay Pass,48.75,2018-08-03 12:34:21
852,13,Varga,V,vstraneonn@twitpic.com,17215 Caliangt Alley,18.61,2018-12-01 10:10:25
853,87,Sepehri/Rad,S,klabrono@goo.gl,119 Clarendon Park,36.77,2018-08-26 20:57:21
854,25,Rahman,R,pcleftnp@hp.com,0724 Fremont Pass,72.09,2018-05-29 12:25:36
855,32,Pishchala,P,mwinningnq@sogou.com,091 5th Parkway,49.1,2018-08-01 07:11:51
856,40,Lazarevic,L,bsharphousenr@bbc.co.uk,7980 Sage Pass,70.07,2018-10-05 20:59:14
857,12,Soltani,S,tthorneleyns@dedecms.com,79043 Reindahl Way,78.23,2018-07-02 05:03:59
858,93,Maurizio,M,wlarmornt@storify.com,23173 Dwight Road,37.19,2018-07-29 00:40:21
859,58,Freudenthaler,F,ebugdalenu@digg.com,32 Dixon Hill,79.03,2018-04-02 05:34:20
860,95,Sepehri/Rad,S,mfermoynv@youku.com,597 Stephen Plaza,75.51,2018-11-28 17:43:12
861,31,Brugger,B,hgeorgelinnw@businessweek.com,34 Hollow Ridge Parkway,80.95,2018-12-05 13:43:44
862,60,Mathes,M,cmcneillienx@google.de,9 2nd Way,60.75,2018-08-01 00:45:44
863,59,Varga,V,amatfinny@imageshack.us,359 Lotheville Parkway,44.02,2018-09-05 05:29:38
864,71,Predic,P,rhowettnz@hhs.gov,798 Kropf Street,96.27,2018-05-16 22:30:33
865,66,Theiler,T,gheapeo0@time.com,6029 Shoshone Plaza,62.59,2018-12-13 13:32:38
866,83,Sarvghadi,S,agauchero1@blogtalkradio.com,00615 Rockefeller Circle,19.9,2018-11-12 06:09:38
867,26,Pusch,P,mpahlssono2@yahoo.com,6237 Oneill Road,44.32,2018-03-03 21:09:02
868,27,Mathes,M,rbucknallo3@wix.com,754 Bunting Plaza,10.96,2018-11-08 21:41:58
869,6,Freudenthaler,F,mpattendeno4@typepad.com,370 Green Ridge Center,81.08,2018-10-10 08:41:50
870,89,Galic,G,avanoordo5@usda.gov,4765 Kim Street,38.57,2018-09-11 05:44:28
871,9,Efimov,E,knewnhamo6@ucoz.ru,4 Prentice Road,45.29,2018-10-10 04:50:09
872,97,Sepehri/Rad,S,jphelpso7@thetimes.co.uk,834 Thompson Place,38.56,2018-03-09 03:28:42
873,50,Hedda,H,eproctoro8@huffingtonpost.com,1 Towne Hill,44.29,2018-03-26 05:00:35
874,53,Zipser,Z,jaushero9@nydailynews.com,1 Oakridge Point,70.1,2018-09-28 19:48:37
875,56,Pusch,P,nbenedekoa@cyberchimps.com,0830 Carpenter Place,72.6,2018-04-20 17:54:48
876,71,Otenhajmer,O,rcaffreyob@webmd.com,61442 Marcy Street,67.2,2018-02-16 09:04:31
877,46,Aminian,A,mmussingtonoc@studiopress.com,1692 Melby Park,54.97,2018-05-06 14:05:52
878,65,Rahman,R,lkilbyod@networkadvertising.org,2814 Fairview Point,76.36,2018-09-09 06:31:48
879,44,Pishchala,P,dgraveoe@google.nl,4958 Laurel Hill,75.38,2018-10-30 23:50:24
880,66,Zipser,Z,ckeerof@oaic.gov.au,261 Claremont Way,47.0,2018-07-10 16:51:40
881,22,Zipser,Z,ajimmisonog@smugmug.com,5 Macpherson Circle,87.41,2018-05-01 06:43:37
882,79,Freudenthaler,F,dwylamoh@exblog.jp,76029 Debra Trail,13.69,2018-10-17 22:58:22
883,23,Rahman,R,shutableoi@buzzfeed.com,4 Grayhawk Avenue,77.17,2018-10-27 12:38:20
884,3,Varga,V,lbrannooj@phoca.cz,6 Meadow Ridge Lane,42.65,2018-02-05 22:12:04
885,,Pusch,P,jcornewellok@blogtalkradio.com,3589 Oxford Alley,20.93,2018-03-06 04:37:59
886,,Sarvghadi,S,gjackwaysol@liveinternet.ru,1 Old Gate Center,65.17,2018-02-26 17:34:35
887,61,Pathak,P,jcouparom@topsy.com,54789 Ramsey Terrace,81.48,2018-09-20 05:21:13
888,86,Lazarevic,L,kfinnon@smugmug.com,3 Blackbird Place,98.92,2018-01-21 05:36:23
889,30,Sarvghadi,S,lhauggoo@sun.com,98 Sunbrook Terrace,61.03,2018-11-13 23:48:59
890,85,Najafiannasir,N,gacombop@walmart.com,5957 Prairieview Center,83.18,2018-12-19 02:46:11
891,38,Waysocher,W,gstrutleyoq@geocities.jp,6907 Loeprich Street,44.28,2018-10-25 20:48:12
892,72,Waysocher,W,gnicholor@sun.com,9 Caliangt Junction,40.77,2018-12-19 08:23:48
893,11,Theiler,T,apurveysos@oakley.com,2939 Grim Trail,16.54,2018-04-04 02:52:39
894,,Pishchala,P,dmathiasot@youtu.be,388 Becker Place,24.84,2018-09-05 10:34:02
895,40,Lazarevic,L,wcadeou@theguardian.com,2302 Village Park,53.91,2018-02-27 01:37:24
896,63,Sepehri/Rad,S,ddeelayov@sogou.com,5 Almo Alley,84.46,2018-03-20 22:18:29
897,25,Rahman,R,bcatletteow@joomla.org,5691 Gerald Lane,38.88,2018-04-17 20:32:44
898,30,Waysocher,W,qloomisox@wikispaces.com,957 Arizona Junction,89.87,2018-04-02 08:46:24
899,33,Sepehri/Rad,S,aweeklyoy@ocn.ne.jp,2 Steensland Junction,55.7,2018-06-08 22:15:34
900,52,Predic,P,rmohamedoz@xing.com,885 Blackbird Hill,28.58,2018-11-28 17:26:09
901,33,Mathes,M,jlukasenp0@miibeian.gov.cn,163 High Crossing Court,75.4,2018-01-26 03:36:13
902,72,Waysocher,W,hcortezp1@indiatimes.com,1754 Brown Court,80.59,2018-04-18 10:47:51
903,85,Theiler,T,rdoerlingp2@php.net,46 Amoth Crossing,39.01,2018-09-05 02:38:16
904,3,Otenhajmer,O,cbeaconsallp3@phpbb.com,33726 Vidon Drive,77.93,2018-08-22 03:26:41
905,4,Pusch,P,gbourthouloumep4@about.me,74616 Stang Lane,42.93,2018-05-28 18:16:51
906,57,Waysocher,W,kshoesmithp5@networkadvertising.org,149 Mandrake Road,87.98,2018-12-04 15:33:32
907,46,Theiler,T,hmelodyp6@last.fm,4347 Alpine Road,75.28,2018-12-17 10:19:24
908,54,Najafiannasir,N,efippep7@go.com,878 Debra Hill,97.64,2018-10-30 00:52:42
909,55,Ertl-Winand,E,clidgeyp8@comcast.net,9 Gale Drive,17.59,2018-10-12 05:31:11
910,20,Galic,G,ppendleberyp9@discuz.net,7 Mccormick Alley,25.42,2018-08-29 08:56:39
911,10,Zipser,Z,jmaciaspa@hubpages.com,16 Clyde Gallagher Parkway,63.71,2018-11-18 20:51:43
912,90,Zhuta,Z,aharkinspb@reverbnation.com,75052 Longview Court,65.14,2018-08-13 09:07:59
913,,Theiler,T,atrollopepc@wired.com,5 Dryden Pass,36.77,2018-01-03 11:12:49
914,51,Sarvghadi,S,lyouelpd@pcworld.com,990 Main Circle,62.65,2018-09-03 01:49:49
915,26,Pusch,P,elewingpe@thetimes.co.uk,7 Gina Crossing,10.44,2018-06-30 20:13:14
916,61,Zipser,Z,dbeethampf@gmpg.org,6 Longview Pass,71.94,2018-07-04 19:20:28
917,63,Najafiannasir,N,cosheilspg@google.pl,8 Tony Court,45.7,2018-03-28 17:30:48
918,15,Hirschhofer,H,ppottageph@lulu.com,2264 Glendale Way,45.02,2018-10-15 01:14:09
919,46,Predic,P,gpietraszekpi@free.fr,6 Sundown Terrace,16.72,2018-08-04 10:52:05
920,50,Varga,V,fmalamorepj@imdb.com,56 Crest Line Pass,63.74,2018-01-09 20:13:18
921,16,Rahman,R,mpawlepk@unblog.fr,01 Kingsford Drive,76.8,2018-07-11 02:35:54
922,,Hirschhofer,H,ldelunapl@clickbank.net,211 Commercial Hill,68.67,2018-10-02 03:48:40
923,19,Najafiannasir,N,jollinpm@chronoengine.com,627 Pearson Hill,17.05,2018-08-20 17:09:10
924,25,Pishchala,P,ecadneypn@springer.com,3 David Circle,66.57,2018-01-26 14:49:57
925,68,Waysocher,W,alyardpo@drupal.org,634 Prairieview Street,97.62,2018-07-19 23:52:34
926,80,Varga,V,ggrevillepp@acquirethisname.com,294 Badeau Park,93.25,2018-06-23 22:51:39
927,80,Najafiannasir,N,jblackallerpq@ow.ly,0083 Trailsway Trail,18.76,2018-04-05 11:59:47
928,71,Zhuta,Z,cwoollinpr@devhub.com,85 Farmco Trail,27.81,2018-01-11 17:38:36
929,25,Otenhajmer,O,cbrownjohnps@furl.net,17954 Karstens Center,94.21,2018-12-17 21:38:58
930,61,Waysocher,W,balimanpt@t.co,02157 Village Circle,81.0,2018-12-02 00:16:12
931,82,Zipser,Z,jminichipu@businessweek.com,65889 Bashford Crossing,26.61,2018-07-04 06:51:07
932,98,Zhuta,Z,psiddellpv@meetup.com,9918 Hudson Trail,40.03,2018-07-15 05:11:48
933,10,Rahman,R,awoodyearepw@msu.edu,7 Thompson Pass,77.59,2018-11-09 01:48:16
934,57,Theiler,T,ploncasterpx@theguardian.com,995 Hansons Junction,50.07,2018-10-06 22:33:55
935,24,Zipser,Z,mgonetpy@alexa.com,588 Macpherson Parkway,98.16,2018-07-05 11:04:33
936,52,Waysocher,W,svassmanpz@harvard.edu,6769 Esker Alley,33.28,2018-05-07 12:31:14
937,59,Theiler,T,joloneq0@yandex.ru,5005 Everett Road,36.76,2018-11-21 20:44:35
938,84,Sepehri/Rad,S,ebillisonq1@jalbum.net,433 Westridge Drive,63.97,2018-05-26 22:23:27
939,43,Galic,G,araittq2@google.de,41 Forest Dale Hill,38.8,2018-02-07 20:04:12
940,33,Zhuta,Z,mgwillyamq3@google.co.jp,91 Gulseth Plaza,31.32,2018-01-14 22:07:34
941,23,Predic,P,jnuddsq4@printfriendly.com,81 Reindahl Street,50.23,2018-06-09 13:07:13
942,8,Pishchala,P,adouglissq5@indiegogo.com,426 Sheridan Park,43.56,2018-06-20 14:12:07
943,68,Hedda,H,dvanwaadenburgq6@pbs.org,69 Drewry Way,60.41,2018-02-28 21:28:43
944,62,Pusch,P,goleksinskiq7@instagram.com,8 Browning Park,50.02,2018-09-25 09:39:38
945,55,Sarvghadi,S,jstachiniq8@imgur.com,02014 Mesta Circle,31.56,2018-11-22 11:13:33
946,62,Galic,G,irandalsonq9@google.nl,840 Waxwing Street,87.22,2018-08-09 07:06:48
947,29,Sarvghadi,S,ecarayolqa@un.org,6026 Sage Trail,70.38,2018-06-22 09:47:35
948,,Ertl-Winand,E,apembryqb@technorati.com,174 Dwight Alley,58.64,2018-01-18 11:21:10
949,75,Waysocher,W,rmaleqc@google.co.jp,569 Lawn Court,25.07,2018-03-11 08:32:49
950,24,Sarvghadi,S,ncrasterqd@cloudflare.com,1654 Memorial Circle,82.42,2018-10-08 00:05:21
951,89,Rahman,R,nmylanqe@bbb.org,7135 Mcbride Circle,37.1,2018-12-18 21:00:28
952,36,Sepehri/Rad,S,drowenaqf@apple.com,26865 Aberg Point,94.49,2018-01-08 01:36:17
953,89,Otenhajmer,O,mgravettqg@state.gov,35 Mariners Cove Circle,65.32,2018-10-16 13:27:59
954,,Otenhajmer,O,icotesfordqh@icq.com,6 Calypso Alley,68.09,2018-08-24 05:22:00
955,,Rahman,R,sgunstoneqi@reference.com,6 Fisk Road,78.3,2018-02-12 08:08:27
956,45,Pathak,P,obustardqj@weibo.com,1084 Sommers Center,71.44,2018-01-06 22:25:28
957,,Varga,V,jnodenqk@booking.com,72 Ruskin Pass,89.7,2018-06-06 11:17:11
958,94,Najafiannasir,N,giianonql@wsj.com,69 Butterfield Hill,30.84,2018-09-07 23:10:56
959,18,Mathes,M,mperigeauxqm@rambler.ru,24 Michigan Plaza,20.62,2018-10-23 16:19:11
960,12,Varga,V,rgonthardqn@oracle.com,03576 Brentwood Point,23.93,2018-04-10 22:55:27
961,88,Pusch,P,btilteqo@usa.gov,627 Alpine Terrace,85.44,2018-04-01 19:53:31
962,19,Varga,V,apauleitqp@comcast.net,87657 Union Point,68.98,2018-03-05 04:44:19
963,15,Zhuta,Z,bfleemingqq@dagondesign.com,37033 Colorado Pass,76.38,2018-01-29 13:39:39
964,99,Rahman,R,rjoustqr@friendfeed.com,5 Jana Terrace,36.92,2018-02-18 21:15:56
965,39,Lazarevic,L,pboteqs@dion.ne.jp,72 Mandrake Way,68.61,2018-05-26 04:06:30
966,,Sepehri/Rad,S,thenfreqt@bbc.co.uk,0 Rigney Trail,96.59,2018-07-30 13:23:52
967,94,Waysocher,W,mschulerqu@uol.com.br,44815 Stoughton Trail,87.15,2018-09-24 11:02:32
968,,Maurizio,M,ehugettqv@sun.com,2 Dwight Circle,17.59,2018-10-25 05:03:14
969,6,Rahman,R,kgibbeqw@dropbox.com,482 Fieldstone Place,84.36,2018-07-06 16:23:19
970,19,Predic,P,ccleminshawqx@ca.gov,64779 Clove Street,78.84,2018-06-02 20:12:39
971,41,Soltani,S,gjoaoqy@weather.com,43487 Grim Circle,10.5,2018-01-03 03:14:32
972,47,Zipser,Z,sbucheqz@nymag.com,618 Brown Plaza,30.19,2018-06-05 07:20:43
973,83,Zhuta,Z,pyeuder0@unesco.org,4 Fisk Crossing,45.09,2018-09-04 10:02:22
974,,Hedda,H,dlinehamr1@europa.eu,64 Montana Road,78.93,2018-10-25 13:56:40
975,81,Maurizio,M,fgirthr2@sciencedaily.com,02 Mockingbird Junction,19.39,2018-12-16 15:07:00
976,79,Najafiannasir,N,mingryr3@globo.com,78580 Luster Drive,87.71,2018-04-26 16:29:45
977,23,Waysocher,W,fmadgwickr4@angelfire.com,879 Bultman Way,24.59,2018-06-12 12:41:16
978,22,Waysocher,W,bfurbyr5@baidu.com,5911 Ridgeway Way,99.46,2018-03-23 10:17:40
979,45,Pusch,P,jedmandsr6@yolasite.com,7549 Spenser Trail,59.13,2018-06-30 06:30:34
980,58,Predic,P,aferfuller7@pcworld.com,3334 Forest Run Lane,57.55,2018-07-03 02:10:08
981,18,Zipser,Z,fnealeyr8@elegantthemes.com,6 Monument Center,52.55,2018-01-29 01:14:54
982,15,Mathes,M,lbausorr9@weebly.com,6705 Banding Road,15.16,2018-03-02 21:14:45
983,27,Varga,V,kmacveanra@e-recht24.de,033 Mcguire Center,17.46,2018-05-26 14:29:29
984,25,Sepehri/Rad,S,kfeldrb@hao123.com,8240 Melody Point,93.49,2018-01-15 23:41:42
985,14,Maurizio,M,mbadderrc@nature.com,69 Eastlawn Place,31.69,2018-11-23 04:30:46
986,44,Varga,V,tarberrd@msu.edu,8167 Crownhardt Terrace,49.62,2018-08-09 18:28:16
987,3,Galic,G,nnaisbitre@indiegogo.com,67 Transport Crossing,27.37,2018-02-27 03:50:24
988,81,Mathes,M,awebbbowenrf@trellian.com,4585 Kennedy Street,20.06,2018-12-25 17:56:07
989,31,Waysocher,W,kpollicoterg@flickr.com,57 Anderson Alley,45.7,2018-10-07 00:00:43
990,84,Rahman,R,dserlerh@pagesperso-orange.fr,00 Vernon Point,36.18,2018-12-03 10:34:07
991,1,Freudenthaler,F,cpiatkowskiri@europa.eu,113 Maywood Junction,10.64,2018-08-29 01:05:34
992,74,Maurizio,M,ncaccavarirj@gov.uk,2741 Mariners Cove Parkway,65.41,2018-12-15 13:25:55
993,92,Freudenthaler,F,gantognellirk@cocolog-nifty.com,8 Larry Court,54.07,2018-02-20 03:44:52
994,35,Varga,V,abasnallrl@google.com,88722 Moulton Drive,23.9,2018-09-18 08:49:18
995,27,Mathes,M,ltumberrm@oracle.com,0 Banding Crossing,22.9,2018-02-04 23:51:37
996,39,Maurizio,M,jreihmrn@ibm.com,06285 Badeau Way,34.08,2018-10-30 01:08:30
997,5,Sepehri/Rad,S,fporsonro@odnoklassniki.ru,83385 Bay Street,16.45,2018-01-06 19:08:23
998,10,Waysocher,W,nfarndellrp@europa.eu,338 Granby Terrace,99.52,2018-09-30 22:36:02
999,29,Zhuta,Z,dfiggenrq@java.com,85007 Nelson Drive,47.91,2018-08-18 04:03:32
1000,65,Sarvghadi,S,rproverrr@ox.ac.uk,9134 Calypso Crossing,66.96,2018-10-24 09:45:44
