billId,petrolStation,custname,letter1,email,address,billAmount,billDatetime
1,,Zipser,Z,glovett0@narod.ru,205 Main Center,29.62,2020-03-11 02:22:09
2,2,Sarvghadi,S,ghasling1@icq.com,1141 Chinook Alley,33.95,2020-05-15 13:37:16
3,88,Sarvghadi,S,sconlaund2@nyu.edu,8272 Merchant Way,33.09,2020-02-14 03:00:47
4,30,Hedda,H,dshowering3@rediff.com,92120 Anniversary Plaza,95.57,2020-05-10 16:21:25
5,50,Rahman,R,aabernethy4@booking.com,350 Gerald Way,37.82,2020-04-24 13:11:14
6,74,Donhauser,D,sthoresby5@g.co,79 Paget Street,63.05,2020-06-30 19:51:07
7,19,Lazarevic,L,ddumbrell6@printfriendly.com,324 Sage Crossing,56.62,2020-08-01 04:30:06
8,35,Sepehri/Rad,S,jcurrier7@livejournal.com,502 Memorial Center,93.64,2020-06-11 16:08:25
9,,Theiler,T,hlochet8@cnbc.com,9064 School Crossing,20.4,2020-02-10 18:44:58
10,23,Waysocher,W,dbein9@fastcompany.com,35 Marcy Terrace,18.9,2020-10-12 11:13:32
11,31,Zhuta,Z,fstapfortha@squidoo.com,16742 Warner Lane,43.76,2020-03-19 05:06:45
12,84,Najafiannasir,N,ledmonstonb@japanpost.jp,6 Nobel Place,52.48,2020-12-29 20:52:17
13,59,Mathes,M,rspurdenc@bloglines.com,57 Glendale Drive,66.7,2020-11-13 03:59:56
14,61,Pathak,P,jhedneyd@hostgator.com,54 Banding Court,26.2,2020-05-25 11:14:18
15,40,Otenhajmer,O,jmcgivene@a8.net,21116 Farragut Drive,16.51,2020-08-04 17:47:57
16,91,Sepehri/Rad,S,sollerearnshawf@sphinn.com,97618 Paget Parkway,31.31,2020-05-05 17:08:01
17,83,Sepehri/Rad,S,bmcwatersg@bravesites.com,64 Crest Line Alley,89.45,2020-05-05 08:07:31
18,11,Predic,P,dcaskeyh@addthis.com,70769 Reindahl Circle,80.44,2020-11-17 20:41:53
19,97,Freudenthaler,F,mmesseri@cbc.ca,594 Schiller Plaza,95.02,2020-11-22 19:37:44
20,53,Otenhajmer,O,mcomleyj@squidoo.com,019 Moland Park,14.03,2020-11-24 00:15:04
21,33,Theiler,T,oreysonk@howstuffworks.com,62879 Londonderry Court,69.98,2020-04-22 23:51:03
22,54,Zhuta,Z,shenstridgel@gnu.org,9 Pankratz Crossing,98.07,2020-02-09 06:42:55
23,2,Pusch,P,kbramom@ovh.net,477 Fallview Junction,95.95,2020-06-14 14:57:03
24,16,Maurizio,M,dgoginn@hud.gov,6449 Hayes Park,99.05,2020-09-15 07:34:27
25,40,Soltani,S,ddixsono@spiegel.de,8 Sommers Pass,77.55,2020-02-10 03:27:05
26,88,Aminian,A,echeesleyp@yellowpages.com,061 Shasta Alley,99.96,2020-05-31 20:34:36
27,46,Varga,V,khuggettq@telegraph.co.uk,3685 Warbler Terrace,96.57,2020-02-02 07:11:28
28,62,Lazarevic,L,ygiovannaccir@mit.edu,56727 Blackbird Way,75.05,2020-08-17 01:12:32
29,19,Rahman,R,lmullochs@theglobeandmail.com,03 Scott Point,42.82,2020-07-24 14:21:29
30,57,Waysocher,W,bdensont@github.io,404 Northfield Drive,89.8,2020-05-28 21:28:28
31,48,Sarvghadi,S,asamsonu@columbia.edu,7480 Becker Alley,92.76,2020-06-24 05:43:54
32,,Hirschhofer,H,bphilippsv@aboutads.info,206 Gerald Park,69.42,2020-03-09 22:54:06
33,93,Theiler,T,cbakeupw@uol.com.br,6 Knutson Circle,84.68,2020-02-09 09:02:08
34,58,Najafiannasir,N,mpautotx@tamu.edu,97303 Manufacturers Parkway,52.34,2020-07-06 16:44:13
35,7,Rahman,R,tpensony@bloglovin.com,23 Londonderry Park,79.41,2020-04-19 17:22:20
36,97,Sepehri/Rad,S,nsanfordz@nifty.com,83 Pearson Junction,31.09,2020-11-13 15:43:06
37,,Pathak,P,dchorlton10@biblegateway.com,9 Nobel Center,18.86,2020-12-30 14:51:38
38,50,Pishchala,P,kimpy11@princeton.edu,20385 Hudson Center,89.58,2020-02-13 09:19:22
39,19,Predic,P,cmenpes12@alexa.com,29261 Rigney Pass,80.33,2020-09-30 23:20:22
40,99,Zhuta,Z,fhirche13@archive.org,92 Mifflin Point,76.75,2020-08-01 20:31:55
41,43,Soltani,S,kkeppe14@hugedomains.com,6091 Briar Crest Terrace,46.57,2020-01-31 10:56:48
42,,Najafiannasir,N,eslessar15@unc.edu,93 Forster Drive,84.37,2020-11-12 16:33:50
43,48,Pishchala,P,boliva16@youku.com,2 Vahlen Way,10.52,2020-11-14 09:15:42
44,1,Zipser,Z,msendley17@marketwatch.com,31 Evergreen Hill,58.97,2020-01-14 23:24:35
45,90,Theiler,T,bdanelutti18@bbb.org,6 Grasskamp Court,17.49,2020-05-16 06:26:49
46,,Varga,V,mamner19@reference.com,6396 Oak Center,82.23,2020-10-21 15:05:31
47,14,Mathes,M,mgravell1a@furl.net,98049 Reindahl Lane,31.88,2020-12-24 22:42:09
48,,Najafiannasir,N,psimpole1b@answers.com,56692 Hintze Alley,19.48,2020-09-19 09:17:54
49,70,Zipser,Z,elanaway1c@nbcnews.com,15 Monica Park,43.96,2020-08-18 00:43:01
50,26,Zipser,Z,gzorzenoni1d@examiner.com,9829 Maywood Hill,20.09,2020-11-13 00:34:40
51,61,Pusch,P,egrigson1e@nba.com,380 American Center,69.31,2020-03-14 17:09:48
52,77,Zhuta,Z,cmillions1f@utexas.edu,97041 Starling Center,67.43,2020-01-02 02:00:26
53,60,Soltani,S,gdyble1g@nymag.com,166 Armistice Court,22.62,2020-09-24 12:54:30
54,46,Otenhajmer,O,ggridon1h@merriam-webster.com,563 Meadow Ridge Circle,76.27,2020-12-11 00:15:54
55,10,Donhauser,D,hfrangello1i@msn.com,0737 Waubesa Trail,56.78,2020-04-10 04:05:05
56,78,Pathak,P,sspratling1j@cnbc.com,13621 Union Trail,35.27,2020-06-18 11:09:16
57,86,Efimov,E,lwatkiss1k@amazonaws.com,79116 Autumn Leaf Point,62.75,2020-09-21 17:40:40
58,70,Freudenthaler,F,clackeye1l@squidoo.com,770 Oneill Street,63.4,2020-12-15 03:11:33
59,47,Barcza,B,abaccas1m@newsvine.com,90 Bunting Park,52.82,2020-01-04 14:57:16
60,26,Pusch,P,jgynn1n@ftc.gov,0 Bunker Hill Alley,80.14,2020-03-03 20:57:52
61,38,Brugger,B,jsidaway1o@slate.com,82917 Waywood Street,66.31,2020-11-09 15:40:14
62,31,Zipser,Z,wduligall1p@who.int,6 Coolidge Pass,43.62,2020-07-21 16:32:18
63,91,Otenhajmer,O,sgoaks1q@csmonitor.com,7 Kingsford Circle,65.42,2020-09-29 19:04:51
64,98,Rahman,R,asproat1r@macromedia.com,67725 Farwell Avenue,74.59,2020-01-06 00:14:12
65,80,Maurizio,M,rfranchioni1s@yellowpages.com,7199 North Crossing,75.7,2020-05-30 00:07:13
66,18,Zipser,Z,bmusprat1t@phoca.cz,789 Laurel Drive,76.89,2020-11-09 04:08:48
67,43,Otenhajmer,O,aoxx1u@wiley.com,83 High Crossing Point,65.2,2020-09-14 05:59:10
68,3,Mathes,M,nauletta1v@topsy.com,28 Vermont Court,55.13,2020-11-26 15:17:39
69,33,Freudenthaler,F,sbunston1w@google.es,658 Luster Center,58.74,2020-02-21 10:26:39
70,66,Zhuta,Z,htiltman1x@bbc.co.uk,2 Roxbury Street,63.34,2020-01-14 11:57:54
71,86,Rahman,R,eshackleton1y@gravatar.com,71912 Sunfield Pass,91.5,2020-03-23 14:07:52
72,51,Pusch,P,hgiorgio1z@e-recht24.de,2260 Eagle Crest Alley,14.56,2020-12-17 02:21:43
73,79,Hirschhofer,H,cjaimez20@flickr.com,2994 Corry Road,87.2,2020-11-01 12:06:40
74,52,Najafiannasir,N,krissom21@twitpic.com,92567 Elmside Trail,11.56,2020-12-07 00:55:25
75,92,Mathes,M,nhabard22@squarespace.com,43338 Kenwood Center,20.58,2020-08-17 17:18:09
76,83,Waysocher,W,asneaker23@thetimes.co.uk,8832 Rusk Crossing,89.17,2020-08-17 00:38:08
77,79,Hedda,H,dsinderland24@cam.ac.uk,38306 Everett Lane,61.34,2020-08-08 13:20:39
78,31,Zipser,Z,ksutty25@shop-pro.jp,31 Bayside Plaza,66.22,2020-09-24 12:35:15
79,,Pishchala,P,qyarnall26@redcross.org,68598 Hudson Drive,33.07,2020-03-27 17:54:52
80,100,Zipser,Z,esaphin27@sourceforge.net,4 Susan Park,75.37,2020-08-17 09:31:00
81,72,Theiler,T,raldhouse28@fda.gov,65018 Elka Crossing,13.99,2020-12-21 07:01:48
82,,Soltani,S,afirby29@webs.com,90117 Division Junction,62.91,2020-09-19 10:40:10
83,93,Pusch,P,dswiffan2a@ebay.co.uk,921 Old Shore Pass,71.3,2020-11-08 07:30:01
84,5,Soltani,S,ohofner2b@sciencedaily.com,66 Morning Street,88.85,2020-01-22 08:21:55
85,45,Zipser,Z,schadwyck2c@cocolog-nifty.com,6 Waywood Point,52.76,2020-10-18 00:15:41
86,,Zipser,Z,bhessenthaler2d@godaddy.com,717 Rockefeller Crossing,51.97,2020-06-23 17:25:28
87,60,Pathak,P,shartright2e@simplemachines.org,1819 Farwell Crossing,60.24,2020-03-24 23:48:41
88,19,Pathak,P,roldey2f@goo.ne.jp,16819 Moulton Avenue,23.22,2020-10-27 07:17:09
89,95,Pathak,P,sjerome2g@ucoz.ru,7 Corben Park,75.28,2020-08-15 13:02:32
90,56,Predic,P,cmcalarney2h@google.nl,457 Comanche Junction,30.77,2020-07-02 05:58:22
91,52,Barcza,B,tsymmers2i@alexa.com,883 Sugar Way,39.65,2020-09-10 02:34:11
92,,Zipser,Z,imanilo2j@economist.com,8350 Sheridan Trail,97.83,2020-05-30 14:32:03
93,60,Otenhajmer,O,gminto2k@smh.com.au,06 Mariners Cove Lane,22.01,2020-06-08 23:42:27
94,90,Sepehri/Rad,S,jcambden2l@illinois.edu,679 Wayridge Way,22.26,2020-03-21 12:12:27
95,25,Pathak,P,ematyukon2m@yelp.com,97 Clemons Street,13.14,2020-09-12 13:53:40
96,97,Soltani,S,kscaddon2n@mapy.cz,98 Steensland Trail,97.04,2020-01-05 12:33:56
97,94,Freudenthaler,F,ttolley2o@yellowbook.com,83 Orin Pass,24.47,2020-04-10 08:07:31
98,,Najafiannasir,N,drisdall2p@weebly.com,40021 Dakota Point,66.64,2020-08-23 11:45:37
99,81,Pathak,P,spyatt2q@go.com,88 Boyd Avenue,35.51,2020-01-30 06:21:38
100,,Rahman,R,ascanterbury2r@archive.org,5 Drewry Road,37.87,2020-06-16 21:39:55
101,,Rahman,R,mhallewell2s@oaic.gov.au,75616 Kim Terrace,26.33,2020-10-15 01:59:24
102,38,Najafiannasir,N,atungay2t@e-recht24.de,7357 Golden Leaf Alley,38.91,2020-10-31 00:26:34
103,55,Predic,P,vbowdrey2u@e-recht24.de,72428 Susan Hill,21.55,2020-02-17 22:42:23
104,83,Donhauser,D,vlytton2v@ed.gov,17488 Golf Course Circle,29.24,2020-04-23 08:48:16
105,80,Rahman,R,llardiner2w@hexun.com,38 Prairie Rose Way,53.7,2020-07-22 15:11:08
106,,Theiler,T,rprendeville2x@tripod.com,71 8th Junction,87.96,2020-11-09 02:55:22
107,84,Rahman,R,gmcilmorow2y@google.com.au,0044 Barnett Circle,17.52,2020-02-28 07:58:19
108,73,Soltani,S,mackery2z@miitbeian.gov.cn,0067 Buena Vista Place,57.26,2020-02-25 19:03:03
109,94,Zipser,Z,lbellino30@cmu.edu,52739 Bashford Drive,87.5,2020-03-21 22:40:07
110,88,Soltani,S,gbayless31@ifeng.com,51 Meadow Vale Alley,69.74,2020-12-10 15:22:47
111,81,Pathak,P,csumers32@ning.com,70 Crest Line Plaza,50.76,2020-08-09 09:52:32
112,59,Hirschhofer,H,hdeyes33@intel.com,64 Jackson Hill,61.33,2020-11-13 14:02:39
113,27,Zhuta,Z,pkinmond34@networksolutions.com,725 Coolidge Trail,43.58,2020-01-15 07:09:48
114,30,Hedda,H,jmilburne35@sakura.ne.jp,920 Arizona Way,38.69,2020-03-17 05:14:16
115,30,Rahman,R,dsydall36@skype.com,452 Dayton Court,93.65,2020-01-19 02:44:36
116,26,Rahman,R,kaspland37@so-net.ne.jp,73165 Monterey Trail,21.73,2020-02-26 08:11:37
117,14,Theiler,T,cfilov38@mayoclinic.com,893 Shelley Avenue,69.54,2020-11-28 11:41:13
118,99,Zhuta,Z,dsare39@blogtalkradio.com,94990 Russell Circle,50.41,2020-03-28 14:37:40
119,40,Najafiannasir,N,odubarry3a@pcworld.com,70251 Daystar Crossing,83.78,2020-01-04 05:59:17
120,29,Maurizio,M,pdavidsohn3b@edublogs.org,4 Service Junction,50.26,2020-10-20 07:10:05
121,43,Sepehri/Rad,S,lcollet3c@stanford.edu,749 Ridge Oak Junction,13.58,2020-09-20 19:23:05
122,3,Waysocher,W,omeegin3d@ted.com,88 Pearson Park,20.54,2020-08-30 11:18:17
123,55,Sepehri/Rad,S,cprichet3e@vimeo.com,5 Swallow Circle,68.82,2020-10-15 16:47:29
124,82,Sarvghadi,S,cricardot3f@nih.gov,95 Green Ridge Park,80.81,2020-03-26 21:18:50
125,92,Waysocher,W,vcersey3g@bbb.org,25910 Ridge Oak Point,95.88,2020-04-13 02:46:10
126,57,Soltani,S,iettridge3h@wufoo.com,70063 John Wall Avenue,56.75,2020-05-06 09:44:30
127,78,Zhuta,Z,tcole3i@whitehouse.gov,0182 Susan Point,62.33,2020-11-01 08:34:33
128,54,Rahman,R,cmcpharlain3j@dmoz.org,5 Monument Place,59.97,2020-11-02 23:24:17
129,39,Zhuta,Z,lbelz3k@homestead.com,3 Wayridge Drive,91.41,2020-06-14 16:31:15
130,66,Pathak,P,wspowage3l@tripadvisor.com,76422 Becker Point,76.66,2020-09-24 20:55:13
131,100,Pathak,P,ybolus3m@over-blog.com,973 Oneill Way,34.47,2020-12-26 06:25:43
132,5,Pathak,P,sbanasiak3n@list-manage.com,37033 Mallard Hill,38.47,2020-03-14 18:01:09
133,33,Najafiannasir,N,csidle3o@friendfeed.com,0189 Caliangt Street,17.01,2020-01-30 16:17:46
134,37,Sepehri/Rad,S,tdugan3p@goo.ne.jp,64 Colorado Center,38.93,2020-02-01 11:27:54
135,33,Pathak,P,mhaylands3q@instagram.com,7196 Farwell Court,40.19,2020-12-26 08:16:43
136,25,Rahman,R,apavyer3r@rakuten.co.jp,25 Bay Parkway,80.65,2020-08-02 00:11:36
137,56,Zhuta,Z,plovatt3s@cyberchimps.com,16 Upham Parkway,37.39,2020-07-20 15:41:51
138,42,Zhuta,Z,tpallasch3t@who.int,0 Roth Crossing,35.12,2020-09-04 04:21:16
139,92,Zipser,Z,hbernardeschi3u@cargocollective.com,62 Memorial Hill,83.73,2020-04-04 00:59:03
140,98,Zipser,Z,khanhard3v@amazon.co.uk,86 Bobwhite Point,10.87,2020-12-20 22:56:44
141,5,Zhuta,Z,cpenn3w@meetup.com,8 Westerfield Street,94.62,2020-08-09 21:26:55
142,72,Rahman,R,amcrobert3x@cafepress.com,11554 Heath Way,68.93,2020-02-04 22:49:40
143,53,Najafiannasir,N,blanham3y@businessinsider.com,3 Washington Road,90.05,2020-06-24 22:01:15
144,15,Zhuta,Z,rhardypiggin3z@over-blog.com,06257 Eagan Hill,74.42,2020-07-19 16:20:34
145,11,Waysocher,W,jfroschauer40@reference.com,2 Summerview Lane,68.66,2020-09-26 05:47:10
146,19,Varga,V,rgress41@sohu.com,63 Columbus Place,52.3,2020-02-19 03:36:19
147,,Waysocher,W,akillik42@t.co,8906 Morning Park,55.92,2020-08-13 19:33:31
148,51,Otenhajmer,O,hwraighte43@tmall.com,88 Delladonna Terrace,51.42,2020-03-31 21:13:51
149,18,Otenhajmer,O,bmillam44@hc360.com,396 Corscot Trail,33.57,2020-07-15 05:20:45
150,11,Pusch,P,dglyde45@1und1.de,895 Caliangt Circle,80.26,2020-08-14 05:04:41
151,89,Rahman,R,kgiacobillo46@unblog.fr,3238 Randy Terrace,78.89,2020-05-24 13:04:48
152,90,Sepehri/Rad,S,mheak47@wikimedia.org,221 Butterfield Hill,75.31,2020-11-15 11:37:35
153,,Zipser,Z,nnesey48@phpbb.com,3 Hudson Lane,36.09,2020-11-21 19:31:16
154,72,Soltani,S,astammler49@rakuten.co.jp,81453 Barby Crossing,43.68,2020-08-31 11:12:32
155,32,Theiler,T,awadlow4a@hexun.com,808 Fisk Court,84.95,2020-10-05 01:05:22
156,31,Zipser,Z,aduffie4b@wikimedia.org,692 Warner Plaza,45.35,2020-02-25 15:29:31
157,10,Zipser,Z,mroderham4c@amazon.co.jp,1221 Mallory Park,22.66,2020-03-08 20:00:10
158,21,Freudenthaler,F,tkellen4d@squarespace.com,0 School Center,70.47,2020-06-22 16:20:20
159,69,Sarvghadi,S,katcherley4e@live.com,2 Veith Drive,28.84,2020-12-10 21:13:50
160,27,Zipser,Z,adorsett4f@networksolutions.com,48 Donald Junction,36.03,2020-10-06 17:05:21
161,71,Brugger,B,lrossoni4g@about.me,75456 Alpine Circle,85.6,2020-03-11 01:20:24
162,84,Sepehri/Rad,S,mouchterlony4h@microsoft.com,85422 Clove Court,25.45,2020-04-29 00:42:35
163,80,Varga,V,ctregent4i@mac.com,41 Monterey Center,16.27,2020-06-02 12:53:25
164,10,Akbari/Liavali,A,aklimp4j@delicious.com,9358 Ryan Park,58.15,2020-12-09 09:18:48
165,68,Soltani,S,lmenghi4k@lycos.com,49023 Becker Road,67.83,2020-01-24 05:07:47
166,33,Sarvghadi,S,mcrumb4l@ox.ac.uk,0 Crowley Center,94.27,2020-08-14 15:17:08
167,57,Theiler,T,tlethabridge4m@msu.edu,364 Mallard Street,31.46,2020-04-05 21:04:03
168,70,Zhuta,Z,jsigward4n@infoseek.co.jp,912 Hintze Trail,31.06,2020-11-20 09:11:27
169,35,Zhuta,Z,cpaulon4o@tuttocitta.it,3 Melrose Court,15.86,2020-12-16 02:17:45
170,,Rahman,R,crigbye4p@state.tx.us,669 Pleasure Pass,10.15,2020-04-03 19:12:51
171,60,Otenhajmer,O,mwragg4q@hubpages.com,70776 Grayhawk Trail,41.6,2020-01-19 10:28:21
172,15,Pishchala,P,belston4r@netlog.com,8950 Straubel Alley,35.26,2020-01-12 10:41:51
173,6,Ertl-Winand,E,tcommings4s@tmall.com,3191 Ryan Trail,66.86,2020-01-24 06:14:54
174,96,Lazarevic,L,slapslie4t@craigslist.org,5 Trailsway Pass,14.58,2020-04-26 01:05:13
175,78,Waysocher,W,oberrecloth4u@pcworld.com,73465 Sloan Lane,65.8,2020-07-01 20:56:43
176,21,Sarvghadi,S,ckynforth4v@yahoo.com,73 Pearson Pass,80.08,2020-08-04 04:22:48
177,17,Rahman,R,bscemp4w@free.fr,8020 Portage Court,46.37,2020-05-05 21:03:24
178,53,Theiler,T,mgrierson4x@npr.org,0236 Bluejay Alley,48.36,2020-10-25 19:43:28
179,56,Pusch,P,gilles4y@about.me,1 Del Sol Avenue,90.52,2020-12-28 22:57:53
180,,Zhuta,Z,dwasielewski4z@europa.eu,605 Butternut Trail,73.65,2020-06-15 06:14:51
181,35,Maurizio,M,ilightwing50@google.com.br,8 Grover Center,49.82,2020-04-12 14:47:13
182,53,Varga,V,rflores51@technorati.com,181 Bartillon Road,25.76,2020-12-14 23:45:06
183,72,Sarvghadi,S,pspeck52@homestead.com,8199 Express Hill,62.14,2020-05-24 18:17:25
184,,Pishchala,P,spietersma53@gov.uk,3 Dunning Alley,88.05,2020-04-08 03:34:54
185,43,Brugger,B,amclucky54@cmu.edu,714 Merrick Circle,18.7,2020-07-09 08:17:12
186,7,Waysocher,W,apavis55@tiny.cc,05066 Carey Trail,77.19,2020-12-05 14:35:55
187,,Waysocher,W,jcurphey56@forbes.com,96431 Londonderry Way,19.29,2020-06-09 09:29:38
188,80,Rahman,R,bcrame57@stumbleupon.com,10378 Oakridge Street,58.48,2020-05-28 13:26:15
189,17,Hedda,H,rkofax58@blogspot.com,94 Memorial Way,32.17,2020-02-25 21:30:27
190,66,Waysocher,W,sgerrit59@ameblo.jp,2964 Derek Street,82.72,2020-08-13 06:17:16
191,72,Waysocher,W,jrodden5a@lulu.com,65 Waxwing Avenue,95.57,2020-06-25 23:41:10
192,84,Maurizio,M,wrubinowicz5b@csmonitor.com,151 Texas Alley,66.71,2020-10-28 09:49:22
193,8,Zhuta,Z,ppears5c@accuweather.com,93956 Petterle Parkway,97.97,2020-11-12 12:22:12
194,15,Waysocher,W,fskoof5d@sitemeter.com,237 Burrows Alley,40.62,2020-10-14 00:02:13
195,5,Mathes,M,bjohns5e@elegantthemes.com,02021 Goodland Park,87.66,2020-12-12 22:44:58
196,24,Zipser,Z,smalcolm5f@tripod.com,433 Myrtle Plaza,83.32,2020-09-06 04:03:49
197,53,Predic,P,ntungay5g@adobe.com,02 Anzinger Alley,53.77,2020-06-14 07:02:50
198,8,Soltani,S,jpatsall5h@tumblr.com,86 Atwood Crossing,69.06,2020-07-08 10:22:02
199,,Mathes,M,khawthorn5i@1688.com,0297 Shoshone Parkway,48.96,2020-01-08 07:13:28
200,24,Rahman,R,bclashe5j@clickbank.net,6917 5th Plaza,88.81,2020-02-06 06:29:35
201,58,Waysocher,W,gerangey5k@indiatimes.com,24 Canary Plaza,84.94,2020-03-10 18:41:42
202,33,Pusch,P,sliggins5l@npr.org,0507 David Drive,58.83,2020-12-17 20:37:22
203,89,Zhuta,Z,mteasdalemarkie5m@europa.eu,9 Fairview Center,36.35,2020-07-02 11:02:13
204,73,Theiler,T,nwahlberg5n@example.com,8060 Forster Court,93.56,2020-08-02 16:51:12
205,6,Varga,V,chellmore5o@naver.com,16966 Express Alley,49.01,2020-10-17 11:59:26
206,43,Zipser,Z,bskeete5p@is.gd,9078 Blue Bill Park Terrace,30.15,2020-08-18 09:13:18
207,34,Predic,P,aredhouse5q@google.nl,6560 Northfield Junction,83.87,2020-05-11 02:57:43
208,,Pathak,P,nkorbmaker5r@surveymonkey.com,2511 Rusk Park,33.74,2020-04-15 02:16:05
209,44,Sepehri/Rad,S,bjeacock5s@artisteer.com,33 David Way,50.67,2020-10-19 15:27:48
210,84,Lazarevic,L,kcaffrey5t@feedburner.com,2524 3rd Street,82.88,2020-06-21 09:28:17
211,23,Theiler,T,dmannock5u@tumblr.com,24 Moose Circle,47.81,2020-09-01 02:41:06
212,64,Rahman,R,nohederscoll5v@cnn.com,8 Hauk Pass,35.41,2020-10-23 21:08:27
213,,Sepehri/Rad,S,bscupham5w@go.com,66915 Sullivan Point,85.2,2020-05-30 04:00:19
214,2,Donhauser,D,oreford5x@indiatimes.com,033 Mccormick Way,51.94,2020-01-27 06:19:45
215,94,Predic,P,msuett5y@chicagotribune.com,1 Arapahoe Court,46.64,2020-10-25 10:37:13
216,7,Zhuta,Z,mleyden5z@sfgate.com,11086 7th Plaza,85.36,2020-05-17 13:35:30
217,64,Lazarevic,L,clarman60@apple.com,2 Garrison Place,99.88,2020-05-19 14:23:55
218,,Zhuta,Z,cwithrop61@reuters.com,46182 Jana Court,45.0,2020-01-23 02:32:52
219,83,Soltani,S,kabrahamson62@shinystat.com,583 Talisman Drive,33.23,2020-06-26 19:30:32
220,13,Pishchala,P,loneile63@newsvine.com,9 Killdeer Road,40.74,2020-03-07 19:11:09
221,,Najafiannasir,N,sgrand64@nsw.gov.au,8871 Butternut Way,34.29,2020-10-02 03:41:15
222,89,Varga,V,laldritt65@ihg.com,8 Troy Road,48.03,2020-03-03 19:52:36
223,78,Galic,G,tpannaman66@admin.ch,82238 Muir Avenue,57.48,2020-11-09 06:18:22
224,21,Mathes,M,jgosnold67@purevolume.com,89 Fisk Crossing,71.65,2020-04-30 09:24:40
225,41,Sarvghadi,S,ljodlkowski68@pagesperso-orange.fr,4332 Dunning Alley,43.49,2020-04-22 13:57:46
226,55,Sepehri/Rad,S,lstrangeways69@plala.or.jp,6 Division Junction,69.46,2020-07-19 03:20:14
227,64,Pishchala,P,owynne6a@yahoo.com,5800 Forest Dale Avenue,90.22,2020-04-28 18:56:31
228,77,Theiler,T,gkerrane6b@de.vu,38013 Fulton Trail,91.1,2020-11-02 01:08:56
229,6,Zhuta,Z,rcurrall6c@fotki.com,815 Kedzie Way,90.2,2020-03-03 15:49:03
230,23,Zhuta,Z,scorbyn6d@independent.co.uk,677 Forest Crossing,63.56,2020-05-06 09:07:40
231,83,Pishchala,P,lmackerel6e@discovery.com,54 Del Mar Pass,41.62,2020-04-19 06:32:53
232,99,Pusch,P,wyukhin6f@plala.or.jp,6 Hovde Terrace,18.51,2020-12-02 11:50:58
233,96,Hedda,H,tfarndon6g@i2i.jp,09416 Hintze Circle,27.66,2020-01-12 14:55:33
234,68,Pathak,P,nboland6h@bravesites.com,0824 Summit Crossing,92.5,2020-04-21 05:30:34
235,90,Theiler,T,chargreves6i@simplemachines.org,4097 Declaration Point,66.69,2020-06-02 13:52:46
236,,Mathes,M,bscrivner6j@posterous.com,45 Porter Street,28.12,2020-10-23 19:29:44
237,85,Mathes,M,ehassell6k@cdc.gov,06410 High Crossing Alley,21.75,2020-12-30 15:21:45
238,25,Rahman,R,rabramchik6l@yellowbook.com,27 Milwaukee Parkway,52.57,2020-06-02 09:00:34
239,13,Pathak,P,bfaulconbridge6m@artisteer.com,23 Clarendon Point,75.28,2020-12-22 02:46:13
240,60,Pathak,P,mpapes6n@nyu.edu,8 Farwell Road,42.55,2020-10-24 04:03:00
241,11,Pathak,P,flowe6o@barnesandnoble.com,5545 Dovetail Road,68.72,2020-06-25 19:34:37
242,73,Waysocher,W,aogleasane6p@yandex.ru,1 Nevada Court,27.27,2020-02-08 14:33:22
243,11,Ertl-Winand,E,wpetre6q@alibaba.com,06388 Reinke Hill,72.34,2020-07-28 11:56:11
244,17,Waysocher,W,wwoodhouse6r@samsung.com,32 Luster Trail,65.31,2020-11-18 15:34:32
245,84,Zipser,Z,bgalego6s@umich.edu,19879 Sunfield Pass,82.85,2020-04-06 08:39:14
246,90,Pusch,P,obolwell6t@scribd.com,8330 West Place,89.47,2020-01-03 09:06:16
247,51,Maurizio,M,sbackshaw6u@msn.com,93 Mccormick Junction,57.49,2020-02-08 02:33:29
248,28,Waysocher,W,hshellibeer6v@vistaprint.com,62298 Dixon Park,86.02,2020-09-19 21:34:30
249,27,Pathak,P,sogan6w@linkedin.com,9 Marquette Avenue,99.62,2020-03-25 13:23:13
250,10,Predic,P,jmckitterick6x@tiny.cc,35022 Ridge Oak Center,84.87,2020-10-02 04:03:21
251,99,Zhuta,Z,asaull6y@bandcamp.com,60 Hoffman Junction,14.36,2020-08-24 11:45:22
252,79,Rahman,R,shanby6z@independent.co.uk,58331 Shoshone Lane,54.94,2020-03-02 17:37:42
253,46,Waysocher,W,nricarde70@latimes.com,59555 Leroy Junction,15.91,2020-07-17 03:22:49
254,25,Predic,P,mmcilhone71@rediff.com,446 Novick Parkway,55.18,2020-12-03 22:59:14
255,9,Waysocher,W,fspurdens72@vimeo.com,69039 Pankratz Alley,22.71,2020-07-07 01:26:42
256,39,Najafiannasir,N,lchue73@google.ru,9 Kedzie Crossing,57.94,2020-04-19 20:00:51
257,,Hirschhofer,H,celsy74@jalbum.net,225 Kim Pass,36.92,2020-12-08 15:21:21
258,26,Pishchala,P,fmatticci75@ask.com,2 Heath Way,35.94,2020-07-14 13:41:30
259,46,Soltani,S,lhincks76@vkontakte.ru,71 Merrick Pass,63.38,2020-05-09 05:17:38
260,29,Varga,V,rsherrington77@reference.com,36474 Haas Terrace,79.77,2020-08-22 00:40:41
261,29,Zipser,Z,dstreak78@wp.com,52 Westend Junction,62.25,2020-12-16 15:48:46
262,8,Waysocher,W,scrowder79@smh.com.au,8 Harper Plaza,63.45,2020-09-24 03:37:30
263,35,Zhuta,Z,emccrow7a@reuters.com,674 Scofield Point,64.64,2020-05-22 11:10:21
264,31,Otenhajmer,O,scossans7b@wordpress.org,53912 Garrison Trail,96.67,2020-08-09 01:16:48
265,25,Hirschhofer,H,shalvosen7c@nhs.uk,0555 Sunbrook Pass,10.69,2020-06-06 02:47:08
266,15,Pishchala,P,pmedler7d@engadget.com,5 Dakota Point,98.04,2020-03-16 07:20:59
267,95,Varga,V,vhumpatch7e@who.int,16 Butternut Place,22.74,2020-05-03 17:01:38
268,35,Zipser,Z,gborit7f@biblegateway.com,40 Havey Center,90.03,2020-06-02 06:58:18
269,14,Predic,P,dkeepin7g@apple.com,922 Cascade Trail,92.09,2020-10-03 07:48:24
270,43,Soltani,S,ltesto7h@desdev.cn,5123 Cody Trail,54.99,2020-09-29 06:11:13
271,54,Sarvghadi,S,nmatcham7i@friendfeed.com,534 Roth Plaza,50.06,2020-10-10 06:14:21
272,98,Pishchala,P,gtroak7j@gravatar.com,6 Fulton Point,54.69,2020-01-16 18:06:01
273,3,Waysocher,W,vfawlks7k@illinois.edu,761 Springs Pass,24.24,2020-08-19 22:29:14
274,14,Predic,P,ngalway7l@weibo.com,70 Scofield Trail,83.41,2020-09-01 06:37:35
275,37,Sepehri/Rad,S,hsnowman7m@ezinearticles.com,72982 Eliot Place,74.85,2020-04-29 17:09:49
276,76,Waysocher,W,alebatteur7n@smh.com.au,4 Del Sol Drive,26.58,2020-02-11 04:49:37
277,24,Otenhajmer,O,tvandenhoff7o@cpanel.net,0320 Haas Drive,95.87,2020-02-17 13:15:23
278,98,Maurizio,M,kyoule7p@prlog.org,130 Killdeer Place,90.95,2020-08-07 02:29:11
279,49,Varga,V,pbartos7q@buzzfeed.com,59257 Emmet Avenue,66.1,2020-11-14 09:24:39
280,79,Mathes,M,nvery7r@usa.gov,7 Nova Lane,83.66,2020-01-28 18:28:30
281,97,Maurizio,M,jbeauly7s@uiuc.edu,2924 Sloan Point,49.9,2020-01-22 09:54:37
282,76,Sarvghadi,S,hpimerick7t@bloomberg.com,6270 Maryland Alley,77.87,2020-09-17 09:22:00
283,86,Soltani,S,ashutte7u@boston.com,2 Jana Hill,19.4,2020-09-30 11:06:42
284,83,Mathes,M,trosenberger7v@webs.com,02962 Armistice Way,96.94,2020-04-28 01:19:37
285,11,Lazarevic,L,clhommeau7w@utexas.edu,6583 Glendale Crossing,71.4,2020-06-24 22:44:47
286,21,Waysocher,W,tcejka7x@cisco.com,583 Rusk Plaza,32.21,2020-01-25 09:26:18
287,45,Rahman,R,kwestmacott7y@unicef.org,843 Haas Park,35.39,2020-05-26 13:58:44
288,62,Galic,G,priguard7z@cbsnews.com,25 Hovde Park,39.85,2020-07-31 01:15:02
289,52,Efimov,E,oclint80@economist.com,652 Marquette Street,89.41,2020-10-21 07:20:58
290,33,Pishchala,P,dearpe81@nhs.uk,426 Killdeer Road,74.96,2020-11-18 14:17:38
291,14,Zipser,Z,aalves82@squidoo.com,9469 Everett Plaza,37.97,2020-12-20 22:05:06
292,2,Pusch,P,erodear83@yellowpages.com,6023 Pierstorff Alley,53.97,2020-05-10 09:23:32
293,14,Maurizio,M,mdidomenico84@soundcloud.com,867 Clyde Gallagher Drive,86.05,2020-03-28 13:41:33
294,28,Pathak,P,ocoldbath85@fda.gov,8246 Bartelt Junction,86.57,2020-01-26 19:06:45
295,96,Efimov,E,abever86@ebay.co.uk,59 Hallows Alley,41.58,2020-09-24 10:34:37
296,32,Soltani,S,santusch87@nifty.com,2 Brentwood Alley,56.12,2020-02-17 20:34:45
297,91,Hedda,H,dguillford88@earthlink.net,72879 Elka Junction,53.64,2020-02-26 16:50:26
298,45,Hedda,H,drehor89@acquirethisname.com,03 Dakota Junction,87.27,2020-04-24 11:50:14
299,8,Waysocher,W,rroan8a@ted.com,8 Bayside Road,22.89,2020-09-08 22:48:48
300,35,Rahman,R,egossling8b@mapquest.com,0 Butternut Hill,40.0,2020-12-24 12:04:23
301,46,Pishchala,P,lmaybury8c@mac.com,1 Almo Court,30.8,2020-12-05 12:01:25
302,75,Soltani,S,dstacey8d@phoca.cz,49636 Lerdahl Plaza,79.65,2020-08-18 20:17:11
303,93,Varga,V,dkelberer8e@noaa.gov,8579 Lighthouse Bay Terrace,25.25,2020-04-18 22:57:14
304,4,Waysocher,W,lgraffham8f@wordpress.org,19 American Ash Avenue,72.79,2020-11-29 09:23:42
305,47,Maurizio,M,pgwyllt8g@weibo.com,53 Fordem Pass,35.13,2020-10-26 21:42:35
306,,Najafiannasir,N,lgeaves8h@nsw.gov.au,48 Declaration Pass,49.26,2020-09-03 02:57:49
307,70,Otenhajmer,O,bhorwell8i@loc.gov,8316 Roth Hill,22.37,2020-09-06 17:09:28
308,20,Pishchala,P,lbenoist8j@shop-pro.jp,4628 Westridge Parkway,10.9,2020-12-13 14:29:16
309,71,Lazarevic,L,tcaudle8k@dell.com,47334 Kipling Way,19.1,2020-04-03 11:21:06
310,37,Theiler,T,tmerrison8l@sun.com,2344 Oriole Junction,16.08,2020-06-02 06:17:21
311,44,Soltani,S,tmattea8m@sina.com.cn,005 Del Sol Crossing,88.01,2020-07-14 04:29:22
312,30,Sarvghadi,S,cscamaden8n@nature.com,62221 Graceland Parkway,28.48,2020-01-10 11:19:16
313,95,Rahman,R,cklessmann8o@webeden.co.uk,320 Clemons Circle,10.96,2020-07-22 21:02:53
314,59,Hirschhofer,H,aeagleston8p@virginia.edu,9 Summer Ridge Trail,55.62,2020-09-21 03:05:38
315,78,Zipser,Z,lvickers8q@elegantthemes.com,35 Tony Circle,56.85,2020-06-23 21:41:09
316,8,Freudenthaler,F,adracey8r@google.it,9581 Sunbrook Park,13.65,2020-01-10 19:40:20
317,47,Soltani,S,lrochelle8s@google.com.br,8 Oak Valley Point,27.77,2020-04-09 19:09:37
318,58,Hirschhofer,H,dsleaford8t@bluehost.com,6 Dryden Way,81.27,2020-02-24 21:52:42
319,16,Pathak,P,rplante8u@scribd.com,00181 Ohio Plaza,34.8,2020-11-28 23:08:54
320,25,Soltani,S,ttraut8v@yahoo.co.jp,3459 Anniversary Park,53.42,2020-04-25 00:08:28
321,52,Lazarevic,L,mriseborough8w@sina.com.cn,6801 Mcguire Avenue,92.82,2020-09-29 23:16:56
322,71,Theiler,T,jmcalinion8x@msu.edu,18 Nevada Road,69.02,2020-11-26 09:34:44
323,3,Hedda,H,agolda8y@huffingtonpost.com,49689 Nova Park,89.0,2020-04-11 22:46:09
324,98,Zhuta,Z,nalloway8z@fc2.com,0840 Sauthoff Pass,30.47,2020-08-24 14:56:30
325,46,Najafiannasir,N,dmills90@hud.gov,31 Starling Pass,81.12,2020-09-22 07:56:01
326,85,Lazarevic,L,jtwitty91@slashdot.org,4 Macpherson Drive,11.28,2020-06-26 23:55:35
327,24,Pathak,P,mtreske92@livejournal.com,8648 Sherman Road,32.48,2020-12-12 08:18:43
328,39,Maurizio,M,wmckinney93@fc2.com,08293 Burning Wood Road,26.18,2020-08-04 10:04:06
329,,Pathak,P,hbebbell94@sourceforge.net,5 Aberg Pass,54.18,2020-05-05 19:39:18
330,31,Sepehri/Rad,S,avanderson95@goo.gl,7 Dakota Hill,49.76,2020-07-13 11:28:06
331,38,Otenhajmer,O,pdriver96@gravatar.com,5 Rieder Way,84.63,2020-01-16 01:43:25
332,29,Sepehri/Rad,S,fmacconnal97@canalblog.com,4774 East Parkway,84.7,2020-05-11 00:03:51
333,1,Hirschhofer,H,bviveash98@skype.com,05533 Badeau Pass,86.6,2020-02-28 04:04:18
334,100,Pusch,P,rrhucroft99@sitemeter.com,1 Express Parkway,37.7,2020-02-22 14:00:51
335,36,Sarvghadi,S,elismore9a@slideshare.net,709 Grasskamp Avenue,29.72,2020-10-24 23:01:33
336,70,Soltani,S,tporson9b@phpbb.com,00 Hauk Point,87.77,2020-07-08 23:48:15
337,46,Otenhajmer,O,kquesne9c@plala.or.jp,5 Katie Terrace,99.42,2020-09-12 10:04:22
338,90,Maurizio,M,btather9d@skype.com,21349 Mayer Junction,98.99,2020-02-27 13:37:44
339,9,Rahman,R,mbarnewille9e@tmall.com,1 Kim Road,19.36,2020-01-08 23:38:05
340,69,Pusch,P,jdalby9f@jigsy.com,92 Mallory Avenue,27.14,2020-04-13 22:11:02
341,,Pishchala,P,swhitelaw9g@imgur.com,5013 Packers Crossing,14.48,2020-07-18 19:57:58
342,31,Theiler,T,dnancarrow9h@apache.org,5 Lawn Park,93.87,2020-10-21 20:03:33
343,,Maurizio,M,bglew9i@yale.edu,57 Magdeline Hill,92.91,2020-03-13 09:42:13
344,100,Zhuta,Z,gfolke9j@prweb.com,72 Mayfield Lane,68.75,2020-08-07 14:50:51
345,27,Zipser,Z,coleksinski9k@geocities.com,59843 Anthes Junction,64.61,2020-06-21 12:08:34
346,15,Otenhajmer,O,smcanulty9l@ifeng.com,7354 Lake View Pass,29.6,2020-03-10 08:38:51
347,42,Waysocher,W,branscome9m@meetup.com,3412 Transport Park,87.09,2020-10-21 06:57:39
348,76,Varga,V,bholby9n@cmu.edu,0428 Lakewood Park,41.69,2020-04-24 05:43:39
349,72,Mathes,M,rwhiterod9o@si.edu,20 Blackbird Junction,27.31,2020-05-16 00:18:52
350,13,Najafiannasir,N,gcasaroli9p@shop-pro.jp,76 Anthes Way,44.35,2020-10-18 12:20:47
351,35,Zhuta,Z,sgilloran9q@multiply.com,50 Walton Point,31.81,2020-08-07 20:28:33
352,,Pishchala,P,hbedinn9r@netlog.com,1 Green Parkway,62.7,2020-12-09 08:46:37
353,47,Mathes,M,awyard9s@pen.io,284 Starling Lane,12.36,2020-04-22 07:37:59
354,70,Soltani,S,sbrownill9t@npr.org,209 High Crossing Crossing,12.4,2020-06-01 13:00:33
355,46,Najafiannasir,N,wrehn9u@hatena.ne.jp,3 Pleasure Avenue,93.61,2020-12-25 15:23:36
356,17,Otenhajmer,O,aclegg9v@samsung.com,5 Lerdahl Road,79.56,2020-09-17 11:20:44
357,4,Zipser,Z,leasdon9w@unblog.fr,59612 Jenifer Circle,40.57,2020-04-10 03:03:53
358,52,Zipser,Z,ehook9x@linkedin.com,12 Kingsford Alley,10.98,2020-05-22 01:26:19
359,70,Otenhajmer,O,cmunt9y@acquirethisname.com,20280 Vernon Hill,27.55,2020-01-18 07:39:44
360,95,Theiler,T,jmadocjones9z@washington.edu,1889 4th Street,34.79,2020-08-23 20:56:37
361,100,Sarvghadi,S,yjindraka0@vimeo.com,2914 Sycamore Point,53.51,2020-12-05 12:36:20
362,17,Rahman,R,bolligana1@youku.com,5 Dunning Place,84.79,2020-04-29 14:53:31
363,81,Zhuta,Z,eprozesckya2@weather.com,058 Birchwood Alley,45.22,2020-04-03 09:51:09
364,15,Zipser,Z,mallcrofta3@seattletimes.com,40265 Pond Center,44.99,2020-11-10 03:23:36
365,71,Rahman,R,kcantya4@fotki.com,1793 Butternut Plaza,19.87,2020-12-21 03:19:47
366,,Zipser,Z,rnevina5@acquirethisname.com,26449 Bonner Drive,73.12,2020-03-02 06:46:41
367,12,Zhuta,Z,calfwya6@is.gd,791 Dexter Place,83.41,2020-01-22 13:54:36
368,,Varga,V,wfassana7@nih.gov,8274 Golf View Hill,86.82,2020-10-30 21:39:39
369,87,Najafiannasir,N,nsevillea8@globo.com,38 Shelley Court,19.97,2020-11-25 21:49:15
370,6,Zhuta,Z,mlerera9@tuttocitta.it,21 Shoshone Drive,69.59,2020-11-10 06:55:58
371,47,Ertl-Winand,E,vmorriartyaa@yolasite.com,1 Summit Crossing,98.91,2020-06-19 07:48:39
372,76,Zhuta,Z,pabbysab@storify.com,05761 Vidon Plaza,41.69,2020-11-06 04:54:54
373,98,Zhuta,Z,tmckibbenac@moonfruit.com,44231 Dottie Crossing,56.36,2020-12-25 20:06:51
374,68,Sarvghadi,S,sfollettad@taobao.com,9270 West Way,51.73,2020-04-12 15:29:33
375,19,Sepehri/Rad,S,ebeeverae@google.co.jp,270 Golden Leaf Point,33.43,2020-09-22 16:07:40
376,99,Hirschhofer,H,agammackaf@icio.us,496 Northfield Trail,13.87,2020-08-22 05:49:58
377,100,Waysocher,W,nrarityag@wordpress.org,55171 Mesta Way,53.25,2020-02-18 20:46:32
378,27,Pathak,P,jcrawshawah@mtv.com,23 Westend Place,66.69,2020-05-30 08:04:00
379,46,Zhuta,Z,ulefriecai@hao123.com,8 Declaration Place,60.98,2020-02-02 17:51:34
380,,Pusch,P,bcasewellaj@businessinsider.com,906 Meadow Valley Street,12.59,2020-05-01 01:28:26
381,60,Predic,P,pdaniauak@intel.com,507 Pine View Terrace,26.01,2020-07-27 13:07:15
382,94,Otenhajmer,O,rclowneyal@china.com.cn,5 Di Loreto Terrace,50.14,2020-07-17 15:43:56
383,5,Donhauser,D,dtomblettam@flavors.me,00 Carioca Parkway,83.99,2020-03-06 23:03:32
384,11,Soltani,S,mcastonan@google.com.au,3960 Forster Pass,95.2,2020-12-21 07:57:29
385,81,Sepehri/Rad,S,mpetrelliao@npr.org,31 Myrtle Parkway,23.36,2020-12-21 08:42:03
386,92,Waysocher,W,abysakerap@nsw.gov.au,417 Monument Circle,81.84,2020-03-02 17:56:18
387,33,Sepehri/Rad,S,omalhamaq@plala.or.jp,5214 International Alley,43.17,2020-01-29 19:58:18
388,27,Sarvghadi,S,bbrazurar@csmonitor.com,55413 Oak Terrace,10.29,2020-05-06 17:54:46
389,89,Otenhajmer,O,kbascombeas@miibeian.gov.cn,25 Ridgeview Avenue,40.96,2020-04-23 18:06:33
390,11,Theiler,T,bmallordat@google.com.hk,5 Memorial Plaza,31.09,2020-12-04 18:47:50
391,35,Mathes,M,dscroggsau@shareasale.com,778 Corben Way,81.08,2020-04-23 03:22:23
392,13,Maurizio,M,ppritchardav@digg.com,635 Longview Lane,24.22,2020-06-26 20:52:10
393,1,Rahman,R,evaseaw@behance.net,4 Mallory Plaza,11.59,2020-10-13 18:45:17
394,29,Sepehri/Rad,S,cvannax@upenn.edu,5 Hudson Crossing,90.11,2020-07-14 23:26:14
395,50,Sarvghadi,S,sabdeeay@vk.com,240 Paget Drive,76.05,2020-05-02 13:19:49
396,45,Varga,V,vlodewickaz@cbc.ca,262 Summerview Hill,20.94,2020-10-20 19:56:01
397,63,Soltani,S,pfarncombb0@is.gd,71310 Scofield Point,37.87,2020-09-04 19:40:54
398,63,Theiler,T,mcromptonb1@senate.gov,5790 Gulseth Alley,74.89,2020-02-20 04:35:55
399,13,Otenhajmer,O,opeterb2@newyorker.com,9162 Crescent Oaks Lane,72.29,2020-08-31 07:08:11
400,41,Pusch,P,bdavleyb3@ocn.ne.jp,4 Little Fleur Junction,74.25,2020-03-23 12:59:34
401,,Otenhajmer,O,rcheshireb4@ed.gov,35 Westport Hill,62.25,2020-11-13 06:04:09
402,92,Hirschhofer,H,bhiscoeb5@ibm.com,7 Grayhawk Center,23.2,2020-08-26 22:07:03
403,28,Mathes,M,fburkillb6@vk.com,7 Hanover Court,40.68,2020-05-05 01:02:09
404,17,Pusch,P,ckemerb7@auda.org.au,05 Artisan Court,77.58,2020-10-17 21:19:04
405,70,Predic,P,gclougherb8@google.co.jp,546 4th Parkway,31.52,2020-08-21 11:52:54
406,95,Predic,P,sdoddemeadeb9@unblog.fr,2 Crest Line Plaza,10.16,2020-04-12 07:59:36
407,84,Rahman,R,cmedcalfba@adobe.com,2 Moulton Place,53.85,2020-11-25 15:35:58
408,68,Rahman,R,cfavillbb@xinhuanet.com,997 Derek Trail,11.29,2020-07-22 02:35:26
409,23,Sarvghadi,S,jlaslettbc@livejournal.com,72 Victoria Point,21.35,2020-11-04 12:12:51
410,,Otenhajmer,O,jvollethbd@google.co.jp,1 Straubel Drive,25.29,2020-03-09 03:26:07
411,81,Pishchala,P,akerbe@theglobeandmail.com,720 Burrows Crossing,21.88,2020-06-15 02:38:44
412,84,Zhuta,Z,nputnambf@ycombinator.com,4403 Gale Alley,13.02,2020-03-31 10:19:04
413,,Pusch,P,mweedbg@privacy.gov.au,2354 Macpherson Avenue,91.04,2020-01-28 21:50:54
414,47,Maurizio,M,fleechbh@bravesites.com,9 Annamark Street,54.0,2020-12-10 19:40:58
415,48,Maurizio,M,cbelfragebi@gnu.org,01020 Mallory Terrace,60.66,2020-11-15 03:56:03
416,75,Zhuta,Z,qgarlantbj@1688.com,98 Brickson Park Pass,60.16,2020-01-11 21:13:56
417,63,Sepehri/Rad,S,miowarchbk@cbsnews.com,1 Ridge Oak Point,48.31,2020-12-11 15:08:39
418,79,Soltani,S,ppharrowbl@ustream.tv,08 Bunting Way,29.17,2020-07-24 23:23:44
419,67,Soltani,S,jleinweberbm@a8.net,7 Londonderry Pass,40.02,2020-03-18 07:36:20
420,41,Hedda,H,cbrazbn@wisc.edu,7 Trailsway Center,41.31,2020-11-08 19:24:22
421,31,Pathak,P,pfolkertsbo@walmart.com,25 Waubesa Way,26.9,2020-06-28 12:32:42
422,71,Waysocher,W,lshillumbp@webmd.com,3 Mandrake Point,73.51,2020-06-04 07:11:18
423,71,Hirschhofer,H,mrawlingsbq@acquirethisname.com,3 Independence Plaza,96.63,2020-07-01 04:22:39
424,63,Varga,V,spearminebr@sourceforge.net,3220 Union Hill,39.22,2020-12-09 01:33:08
425,69,Pathak,P,tkintzelbs@economist.com,332 Hanson Avenue,73.69,2020-02-25 17:28:49
426,17,Hedda,H,smcgennisbt@taobao.com,4 Menomonie Drive,65.35,2020-01-22 12:53:35
427,2,Soltani,S,fnormanvillebu@netvibes.com,50248 Helena Plaza,92.04,2020-02-27 22:28:20
428,59,Varga,V,cgabbybv@eventbrite.com,70 Logan Drive,35.26,2020-09-12 21:53:31
429,43,Sarvghadi,S,cropkingbw@google.ru,305 South Way,32.33,2020-11-21 16:36:26
430,64,Waysocher,W,irosenzveigbx@sfgate.com,2489 Luster Street,75.91,2020-03-15 19:32:53
431,57,Freudenthaler,F,twhalebellyby@chicagotribune.com,153 Monica Lane,22.81,2020-05-05 03:49:49
432,67,Rahman,R,djoninbz@epa.gov,191 Schurz Center,90.37,2020-06-09 08:55:04
433,81,Sepehri/Rad,S,logreadyc0@globo.com,48081 Corscot Way,25.49,2020-02-03 19:14:22
434,83,Sarvghadi,S,dallcroftc1@aol.com,12 Arkansas Circle,17.99,2020-07-24 00:16:30
435,39,Zipser,Z,afieldsc2@yelp.com,8797 Garrison Point,91.07,2020-04-15 16:18:22
436,6,Theiler,T,ccamilloc3@sitemeter.com,837 Delaware Center,84.08,2020-01-27 15:08:21
437,,Sarvghadi,S,sarchanbaultc4@xing.com,6202 Laurel Center,32.88,2020-08-06 15:46:35
438,51,Predic,P,snevec5@google.co.uk,38 Haas Crossing,70.87,2020-10-17 13:11:51
439,78,Rahman,R,mspellardc6@twitter.com,3494 Vahlen Road,61.1,2020-04-16 04:58:31
440,87,Varga,V,clarringtonc7@spotify.com,8058 Jana Plaza,30.64,2020-09-14 15:16:22
441,63,Rahman,R,abarenskic8@state.gov,25 Washington Crossing,61.84,2020-02-18 17:33:11
442,71,Ertl-Winand,E,schristophersonc9@hp.com,6121 Prairieview Road,67.47,2020-12-30 15:33:25
443,39,Zhuta,Z,dstivenca@wufoo.com,8209 Bluejay Lane,23.67,2020-03-31 01:59:53
444,39,Pusch,P,mhonigcb@aol.com,5730 Del Mar Drive,18.16,2020-04-19 11:42:54
445,32,Sepehri/Rad,S,sbawlescc@fda.gov,66641 Talmadge Point,30.66,2020-05-25 19:19:45
446,57,Pishchala,P,tfardencd@sina.com.cn,11687 Dryden Crossing,12.78,2020-11-25 09:08:32
447,65,Theiler,T,nelcomce@smugmug.com,903 Gina Court,96.5,2020-04-08 02:15:41
448,70,Sepehri/Rad,S,lyeldoncf@alexa.com,4612 Hayes Trail,64.3,2020-12-02 11:37:24
449,29,Maurizio,M,aharbackcg@reference.com,001 Hintze Plaza,12.06,2020-09-26 21:44:00
450,82,Hirschhofer,H,rnorledgech@un.org,17975 Fulton Center,26.16,2020-12-11 20:04:28
451,44,Waysocher,W,gcattemullci@oakley.com,73 La Follette Trail,40.57,2020-02-26 23:00:07
452,85,Waysocher,W,lcostoncj@howstuffworks.com,9246 Stephen Road,78.89,2020-04-12 16:57:00
453,97,Zipser,Z,userfatick@skyrock.com,8763 Karstens Avenue,81.38,2020-02-01 13:40:04
454,8,Waysocher,W,lgilliscl@sciencedaily.com,86568 Village Green Hill,42.98,2020-03-31 10:48:05
455,,Varga,V,dskeggscm@icio.us,735 Katie Circle,88.56,2020-02-05 02:46:22
456,97,Rahman,R,abatcheldercn@slate.com,3239 Colorado Parkway,63.73,2020-02-16 09:21:40
457,34,Zhuta,Z,curwinco@nps.gov,9224 Scott Court,38.0,2020-09-07 12:54:01
458,,Theiler,T,mbrometcp@webs.com,394 Superior Circle,92.2,2020-05-09 19:22:47
459,17,Otenhajmer,O,hbeamescq@opensource.org,525 Dapin Lane,49.77,2020-04-23 14:02:59
460,93,Rahman,R,nkeatleycr@reverbnation.com,9 Laurel Crossing,80.73,2020-04-19 10:36:21
461,98,Varga,V,tlutzcs@homestead.com,2 Anhalt Plaza,26.67,2020-08-31 21:33:51
462,75,Soltani,S,tgafferct@ucoz.com,04 Loeprich Alley,81.15,2020-07-20 21:26:25
463,42,Efimov,E,hocorrincu@sakura.ne.jp,542 Troy Park,13.16,2020-06-02 07:58:18
464,72,Rahman,R,mthornbercv@edublogs.org,73 Melody Place,36.57,2020-06-24 17:11:53
465,43,Pusch,P,ptrekercw@mysql.com,492 Shopko Place,56.8,2020-01-17 13:11:28
466,70,Aminian,A,jholleycx@archive.org,158 Waywood Plaza,80.06,2020-12-06 17:48:21
467,,Najafiannasir,N,rbotwrightcy@slashdot.org,36694 West Way,19.78,2020-03-14 05:22:08
468,5,Pishchala,P,mhauckecz@blinklist.com,6 Granby Street,62.97,2020-05-06 21:18:04
469,1,Waysocher,W,oknapperd0@technorati.com,9 Boyd Parkway,64.2,2020-11-23 04:37:56
470,32,Waysocher,W,cgallegod1@csmonitor.com,39423 Sunfield Point,95.79,2020-11-03 19:32:49
471,94,Sarvghadi,S,flongmaidd2@last.fm,631 Marcy Circle,92.2,2020-03-21 03:24:04
472,82,Pathak,P,swardhawd3@linkedin.com,662 Riverside Plaza,79.67,2020-09-21 02:06:04
473,52,Maurizio,M,ccovertd4@vkontakte.ru,999 Morning Way,75.85,2020-08-19 00:49:26
474,5,Varga,V,jcapesd5@prnewswire.com,40186 Colorado Street,36.1,2020-05-15 17:52:29
475,97,Sarvghadi,S,dcraggd6@symantec.com,01 Crownhardt Center,40.7,2020-03-27 16:49:31
476,,Mathes,M,fciccottod7@a8.net,4 Messerschmidt Place,89.2,2020-11-24 06:08:00
477,,Zhuta,Z,nmcquaded8@paypal.com,028 5th Plaza,36.33,2020-03-08 23:36:37
478,10,Freudenthaler,F,etesimond9@themeforest.net,01 Merry Junction,32.13,2020-01-19 16:36:17
479,35,Zhuta,Z,begdellda@ycombinator.com,1180 Del Sol Plaza,37.61,2020-09-24 22:48:40
480,59,Waysocher,W,npinchendb@shareasale.com,858 Village Junction,13.19,2020-12-01 14:23:22
481,94,Zipser,Z,mlortzingdc@usnews.com,843 Londonderry Avenue,48.19,2020-05-19 04:38:58
482,36,Hirschhofer,H,arourkedd@exblog.jp,2676 Scoville Pass,75.83,2020-03-25 08:00:39
483,48,Maurizio,M,ebeevisde@walmart.com,58 Mockingbird Lane,88.55,2020-04-14 18:12:38
484,84,Pathak,P,rfacerdf@washingtonpost.com,4 Carpenter Road,67.34,2020-03-05 10:04:16
485,,Donhauser,D,dkingswoodedg@army.mil,2 Schiller Street,77.6,2020-11-26 14:22:50
486,24,Pusch,P,zmerrymandh@dot.gov,53428 Warner Place,63.11,2020-02-01 03:14:23
487,2,Soltani,S,cchittimdi@vk.com,39 Cottonwood Terrace,87.41,2020-11-13 07:16:43
488,74,Otenhajmer,O,ghilldj@google.de,31147 Everett Court,31.43,2020-02-01 00:15:51
489,88,Predic,P,hbrelsforddk@jigsy.com,06389 Graedel Alley,45.75,2020-04-01 09:03:49
490,95,Sarvghadi,S,dhusbanddl@geocities.jp,53 Farmco Avenue,62.93,2020-10-06 03:58:26
491,16,Hedda,H,llyaldm@ibm.com,385 Gale Junction,24.3,2020-10-18 21:36:56
492,60,Zhuta,Z,gbrotherwooddn@artisteer.com,8 Weeping Birch Pass,12.76,2020-01-06 08:26:36
493,,Maurizio,M,rlamanbydo@sciencedirect.com,9750 Mcguire Drive,51.61,2020-10-30 10:22:35
494,21,Lazarevic,L,edemcakdp@marriott.com,959 Katie Court,15.55,2020-07-29 08:12:56
495,59,Soltani,S,lcammackedq@sitemeter.com,1422 Donald Center,80.83,2020-10-11 04:00:46
496,83,Varga,V,mbiggindr@sohu.com,566 Stephen Way,74.99,2020-06-27 18:38:57
497,55,Rahman,R,kgrimbaldestonds@washington.edu,41 Merrick Trail,49.16,2020-02-22 04:20:47
498,20,Pusch,P,egethingsdt@bandcamp.com,47348 Scoville Pass,37.07,2020-02-12 00:07:46
499,23,Pusch,P,shaythornedu@chicagotribune.com,052 Westend Center,90.85,2020-05-29 07:59:06
500,65,Hirschhofer,H,jgodierdv@businesswire.com,61 Lillian Drive,38.89,2020-12-26 22:27:54
501,33,Pishchala,P,cbehaggdw@nsw.gov.au,68910 Delladonna Trail,23.54,2020-03-29 21:31:55
502,70,Sarvghadi,S,bvealldx@yandex.ru,593 Schmedeman Lane,85.97,2020-08-18 15:23:58
503,,Sarvghadi,S,ashawyerdy@wiley.com,641 Arapahoe Alley,16.37,2020-05-26 15:40:15
504,59,Rahman,R,eswappdz@ehow.com,6 Columbus Lane,31.5,2020-09-25 14:35:49
505,1,Pathak,P,dsibbsone0@who.int,13 Annamark Pass,34.4,2020-03-27 14:49:05
506,88,Varga,V,msedgemonde1@free.fr,408 Dahle Trail,38.55,2020-05-24 09:44:34
507,74,Sarvghadi,S,jgoudae2@newyorker.com,031 Hauk Pass,67.75,2020-12-28 06:14:08
508,78,Mathes,M,fborlande3@ebay.co.uk,9204 Magdeline Drive,16.18,2020-06-04 10:17:29
509,37,Zhuta,Z,amcboylee4@github.io,8 Londonderry Parkway,25.5,2020-11-05 08:54:41
510,11,Ertl-Winand,E,cevettse5@mtv.com,44895 Laurel Lane,48.11,2020-06-24 17:02:22
511,7,Varga,V,enieasse6@about.com,9779 Eggendart Avenue,40.94,2020-11-12 05:15:50
512,1,Galic,G,wsainze7@salon.com,7660 Grayhawk Park,34.11,2020-08-07 12:54:40
513,72,Otenhajmer,O,iattestonee8@1und1.de,4010 Bluejay Parkway,11.7,2020-06-15 07:34:58
514,64,Hedda,H,ehaskeye9@surveymonkey.com,341 Pond Street,62.95,2020-04-17 07:34:42
515,99,Zipser,Z,ilagneea@arizona.edu,18 Novick Hill,99.09,2020-06-22 04:57:52
516,53,Sarvghadi,S,mkeseyeb@geocities.jp,4853 Harbort Crossing,54.99,2020-09-01 20:52:55
517,26,Varga,V,dtruslerec@cocolog-nifty.com,8581 Pepper Wood Circle,65.47,2020-03-13 17:26:47
518,19,Lazarevic,L,lschleichered@techcrunch.com,34 Lerdahl Court,85.2,2020-08-03 14:47:26
519,,Efimov,E,nradbondee@utexas.edu,67738 La Follette Plaza,32.66,2020-05-06 03:39:02
520,37,Pishchala,P,stoppinef@delicious.com,99 Longview Point,26.45,2020-07-08 08:06:56
521,72,Sepehri/Rad,S,dsumpnereg@ovh.net,590 Park Meadow Street,60.31,2020-07-11 06:55:59
522,57,Brugger,B,cdavitashvilieh@icio.us,47 Darwin Lane,13.56,2020-04-22 06:49:56
523,87,Rahman,R,fcurreyei@hp.com,051 Eagle Crest Plaza,98.49,2020-08-14 15:22:58
524,30,Brugger,B,achickenej@instagram.com,264 Knutson Drive,80.0,2020-10-29 06:13:55
525,22,Rahman,R,ademanueleek@rediff.com,882 Shopko Lane,48.44,2020-01-07 05:36:02
526,92,Pishchala,P,rpendrillel@cargocollective.com,284 Fair Oaks Place,92.86,2020-10-11 04:22:32
527,31,Pusch,P,ipitcockem@google.com.au,84359 Sachtjen Way,58.57,2020-05-29 19:42:09
528,57,Pishchala,P,thuisonen@moonfruit.com,46 Coleman Hill,53.86,2020-07-23 03:23:02
529,57,Waysocher,W,jcloughereo@trellian.com,80989 Evergreen Point,24.89,2020-08-21 20:30:03
530,73,Zipser,Z,zjerremsep@oaic.gov.au,76 Drewry Alley,73.63,2020-04-14 18:31:15
531,67,Waysocher,W,bflannereq@latimes.com,8470 Hintze Terrace,18.63,2020-03-05 10:26:09
532,1,Hirschhofer,H,hlagoer@biblegateway.com,34 Schiller Street,64.48,2020-04-02 22:32:30
533,38,Mathes,M,lparises@barnesandnoble.com,7 Pearson Lane,98.34,2020-06-16 14:21:00
534,92,Sepehri/Rad,S,wgreensideet@weibo.com,3579 Talmadge Drive,17.22,2020-05-25 00:11:23
535,50,Sepehri/Rad,S,vsancheseu@bloglines.com,4 Myrtle Trail,26.97,2020-02-27 21:08:07
536,70,Sarvghadi,S,gmichinev@tamu.edu,69 Carpenter Hill,25.26,2020-05-07 04:23:57
537,73,Zhuta,Z,kmcdonaghew@ow.ly,579 Claremont Way,97.4,2020-09-02 01:22:17
538,7,Soltani,S,vgrisbrookex@github.io,0 Waxwing Point,22.09,2020-04-26 05:22:51
539,,Zipser,Z,blydiateey@jiathis.com,9 Prentice Circle,70.78,2020-03-19 15:53:55
540,,Pusch,P,sskulletez@shutterfly.com,413 Spenser Center,22.57,2020-08-21 16:03:51
541,27,Galic,G,hpiotrf0@networksolutions.com,68641 Macpherson Hill,68.25,2020-11-06 09:25:12
542,4,Sepehri/Rad,S,cclayworthf1@gnu.org,2 Hintze Crossing,11.37,2020-01-21 05:54:39
543,,Maurizio,M,hmaytef2@bloglines.com,041 Acker Lane,81.16,2020-09-28 21:53:32
544,45,Rahman,R,gcorrinf3@craigslist.org,5 Charing Cross Plaza,33.73,2020-03-24 10:54:39
545,78,Varga,V,canyonf4@fema.gov,040 Bluejay Circle,18.72,2020-02-16 23:52:01
546,54,Hirschhofer,H,wcuthillf5@si.edu,217 Loftsgordon Park,57.34,2020-08-26 08:32:14
547,18,Maurizio,M,squerreef6@netscape.com,3 Waxwing Hill,53.72,2020-07-05 00:30:28
548,65,Zhuta,Z,smuirf7@photobucket.com,01 Esker Junction,12.12,2020-02-16 04:42:54
549,1,Galic,G,dtouzeyf8@purevolume.com,58 Westend Junction,13.74,2020-07-05 13:42:41
550,61,Rahman,R,dtilneyf9@dailymail.co.uk,5605 Eggendart Way,69.99,2020-12-13 21:28:25
551,,Sarvghadi,S,tandersonfa@usgs.gov,54681 Pond Crossing,40.25,2020-08-17 23:37:52
552,38,Varga,V,cthackhamfb@unicef.org,07988 Buhler Pass,60.73,2020-09-24 01:42:52
553,66,Maurizio,M,hgoodburnfc@wp.com,210 Hayes Crossing,61.98,2020-05-07 08:44:11
554,57,Predic,P,tjoontjesfd@quantcast.com,9 Brown Point,92.99,2020-01-17 20:56:17
555,7,Hirschhofer,H,awarhamfe@adobe.com,72367 Fairfield Lane,70.25,2020-04-10 09:48:12
556,91,Najafiannasir,N,poakff@examiner.com,815 Fremont Place,52.6,2020-04-06 21:14:44
557,30,Soltani,S,ablaxterfg@addtoany.com,01 Schmedeman Crossing,92.69,2020-03-07 14:31:57
558,89,Hirschhofer,H,wbigadikefh@elegantthemes.com,15 Maryland Place,62.81,2020-03-06 00:25:07
559,28,Lazarevic,L,mharmstonfi@biglobe.ne.jp,177 Pankratz Pass,76.08,2020-10-12 05:30:12
560,28,Zipser,Z,kserfatifj@youku.com,197 Hooker Point,73.07,2020-01-12 20:29:44
561,68,Varga,V,epoelfk@homestead.com,5267 Homewood Terrace,43.95,2020-10-08 13:10:25
562,34,Pusch,P,kgosdinfl@sitemeter.com,1 Carberry Parkway,77.9,2020-11-09 16:05:15
563,71,Zhuta,Z,npaginfm@sun.com,70117 Sunfield Court,73.98,2020-10-22 08:25:08
564,,Pathak,P,gmacaleesfn@flickr.com,28311 Vera Drive,65.0,2020-06-24 08:17:10
565,7,Varga,V,rscoullarfo@qq.com,6 Sullivan Park,52.56,2020-03-01 17:22:25
566,,Sarvghadi,S,rvergofp@kickstarter.com,09 Pine View Plaza,12.55,2020-09-29 16:59:13
567,49,Zhuta,Z,hdrowsfieldfq@google.co.jp,5330 Michigan Street,37.57,2020-07-13 10:07:16
568,94,Waysocher,W,okermottfr@technorati.com,3 Sunbrook Court,99.47,2020-12-21 10:57:15
569,73,Mathes,M,vdeeslyfs@sohu.com,200 Novick Way,39.09,2020-05-19 11:35:17
570,32,Ertl-Winand,E,rleinthallft@google.it,7 Debs Parkway,16.35,2020-04-04 15:28:30
571,26,Pathak,P,rdjokovicfu@sun.com,5163 Lillian Circle,31.07,2020-10-29 10:43:45
572,80,Hirschhofer,H,vordfv@aol.com,56 Nevada Center,89.93,2020-11-07 06:52:10
573,46,Galic,G,hquinnellfw@mediafire.com,622 Sycamore Plaza,78.05,2020-03-31 08:27:14
574,21,Theiler,T,vdanserfx@google.es,54219 Fulton Center,74.58,2020-11-09 07:14:38
575,,Maurizio,M,amcgennfy@virginia.edu,4946 Little Fleur Road,68.21,2020-11-07 01:51:55
576,63,Zipser,Z,mreesfz@who.int,07640 Oakridge Alley,94.96,2020-12-26 07:39:30
577,35,Najafiannasir,N,jscanling0@howstuffworks.com,62509 Fairfield Park,64.12,2020-07-13 01:17:51
578,65,Soltani,S,jsalsburyg1@who.int,52991 Dayton Drive,11.85,2020-10-26 03:24:31
579,70,Zipser,Z,dmathiaseng2@networksolutions.com,16367 Merchant Court,42.58,2020-10-30 20:01:30
580,75,Pathak,P,aritsong3@eventbrite.com,6358 Rowland Road,38.59,2020-05-17 03:42:49
581,15,Freudenthaler,F,malelsandrovichg4@patch.com,7634 Hanson Plaza,25.59,2020-01-12 22:02:26
582,,Aminian,A,zmorterg5@engadget.com,32 Weeping Birch Pass,40.07,2020-10-16 19:21:42
583,,Waysocher,W,ssimmigg6@youtube.com,41 Vermont Court,88.49,2020-07-04 23:27:18
584,80,Galic,G,bpeckg7@ustream.tv,656 Jenna Pass,28.65,2020-08-26 04:41:51
585,,Galic,G,nmcindoeg8@domainmarket.com,2 Westridge Alley,42.15,2020-05-17 10:10:00
586,88,Soltani,S,vmolloyg9@patch.com,3001 Hagan Street,59.65,2020-05-21 11:53:27
587,2,Zipser,Z,cnekrewsga@ezinearticles.com,01914 Maple Wood Junction,64.41,2020-12-04 10:01:42
588,56,Mathes,M,eenstongb@last.fm,9 Hayes Avenue,69.56,2020-10-28 03:14:51
589,69,Theiler,T,fradcliffegc@rediff.com,8 Oneill Way,49.17,2020-07-04 11:35:43
590,70,Rahman,R,kshawcrossgd@twitter.com,9 East Junction,17.76,2020-02-08 04:49:00
591,79,Pishchala,P,csomerfieldge@t-online.de,5 Veith Crossing,79.69,2020-03-10 03:25:07
592,46,Sepehri/Rad,S,eleyrroydgf@gizmodo.com,50 North Street,96.42,2020-02-29 05:45:01
593,24,Hedda,H,anottinghamgg@nymag.com,28 Anderson Avenue,61.07,2020-03-05 20:45:26
594,20,Sepehri/Rad,S,tdraayergh@auda.org.au,22608 Laurel Terrace,81.97,2020-01-28 23:35:25
595,91,Sepehri/Rad,S,aedmondsongi@dmoz.org,58205 Claremont Center,69.45,2020-02-11 01:05:11
596,62,Theiler,T,jvenmoregj@soundcloud.com,94 Anzinger Avenue,54.36,2020-04-25 05:34:00
597,92,Ertl-Winand,E,qbaffordgk@tiny.cc,7915 Scoville Terrace,79.33,2020-07-06 01:43:49
598,96,Sarvghadi,S,lrosettigl@bigcartel.com,302 Schlimgen Park,79.99,2020-05-25 09:48:30
599,,Najafiannasir,N,sojedagm@smh.com.au,51 Portage Alley,68.31,2020-10-31 10:41:08
600,68,Pishchala,P,yrosenfarbgn@spotify.com,2 Goodland Way,68.87,2020-12-11 08:34:27
601,,Theiler,T,dwellandgo@archive.org,317 Harbort Pass,49.53,2020-08-03 01:59:20
602,13,Mathes,M,pgoadygp@themeforest.net,658 Hanover Plaza,23.97,2020-12-12 06:54:19
603,83,Sarvghadi,S,zepiscopigq@sun.com,32 Hovde Center,50.68,2020-04-30 03:02:54
604,44,Aminian,A,gwoolfordgr@plala.or.jp,87120 Graceland Point,35.33,2020-10-04 07:50:22
605,13,Rahman,R,eclayworthgs@t.co,20 Sundown Alley,29.54,2020-09-09 17:09:20
606,11,Varga,V,rhelbeckgt@dell.com,72 Thompson Circle,70.48,2020-10-06 22:59:18
607,45,Otenhajmer,O,perskinesandysgu@ed.gov,774 Corry Terrace,34.07,2020-03-21 08:09:59
608,40,Donhauser,D,cjellemangv@ted.com,81541 Utah Place,26.33,2020-10-15 21:53:34
609,87,Zhuta,Z,wradbandgw@deliciousdays.com,0756 Eastwood Court,19.14,2020-06-04 14:53:40
610,87,Varga,V,nprobetgx@purevolume.com,3 Talisman Terrace,59.87,2020-07-21 12:22:25
611,,Rahman,R,gbethelgy@wunderground.com,2544 Eagan Court,93.57,2020-02-13 22:33:11
612,100,Rahman,R,hgrunnillgz@wsj.com,227 Reinke Parkway,65.91,2020-10-25 04:59:15
613,75,Predic,P,lcatlinh0@com.com,20 High Crossing Plaza,13.81,2020-12-07 17:52:12
614,40,Soltani,S,ddenkinh1@photobucket.com,458 Pearson Way,40.2,2020-02-21 04:02:46
615,98,Najafiannasir,N,mwinmanh2@prlog.org,447 Truax Lane,40.41,2020-11-05 19:51:42
616,31,Donhauser,D,afourmyh3@ucoz.com,51 Sloan Trail,90.75,2020-07-13 12:16:00
617,53,Waysocher,W,cfranceyh4@vkontakte.ru,70 Dixon Circle,75.16,2020-02-23 13:21:41
618,73,Pusch,P,lsmietonh5@simplemachines.org,25502 Kedzie Avenue,48.02,2020-10-03 22:33:09
619,,Soltani,S,lroparsh6@domainmarket.com,2 Blaine Way,72.04,2020-03-05 20:25:41
620,36,Theiler,T,mnareh7@odnoklassniki.ru,38696 Merrick Lane,70.73,2020-08-27 11:36:43
621,66,Ertl-Winand,E,kmcandieh8@naver.com,599 Farragut Junction,93.29,2020-09-17 02:47:16
622,69,Sarvghadi,S,ntilburyh9@geocities.com,146 Victoria Alley,40.2,2020-03-02 23:30:18
623,17,Varga,V,krankineha@va.gov,67574 Ruskin Park,68.37,2020-01-31 13:25:35
624,51,Sarvghadi,S,rmacalpynehb@booking.com,7514 Fieldstone Plaza,74.49,2020-08-11 14:42:35
625,21,Ertl-Winand,E,dsaulhc@shinystat.com,7384 Pierstorff Street,90.22,2020-03-20 22:04:46
626,28,Zhuta,Z,jsumptionhd@hhs.gov,0 Acker Street,17.71,2020-09-09 18:54:51
627,32,Waysocher,W,lduchennehe@chron.com,223 Daystar Trail,37.13,2020-04-03 11:58:04
628,1,Waysocher,W,aseaterhf@macromedia.com,413 2nd Street,68.25,2020-03-24 17:29:49
629,88,Soltani,S,sblampiedhg@t-online.de,7 Michigan Drive,77.81,2020-10-02 05:36:34
630,37,Rahman,R,ibargehh@sbwire.com,72072 Anderson Place,47.63,2020-06-06 15:46:09
631,6,Maurizio,M,dkilbeyhi@soup.io,2405 Everett Lane,56.32,2020-02-18 22:31:47
632,1,Soltani,S,dchaterhj@newsvine.com,00264 New Castle Trail,19.05,2020-04-19 14:34:39
633,,Rahman,R,bdilworthhk@berkeley.edu,70 Elgar Way,59.01,2020-07-29 21:44:17
634,32,Najafiannasir,N,cneathl@statcounter.com,76 Ronald Regan Drive,11.19,2020-12-17 20:50:09
635,66,Rahman,R,fcourtenayhm@wikia.com,67418 Di Loreto Parkway,86.93,2020-12-25 13:12:14
636,97,Mathes,M,cferbrachehn@apache.org,215 Kings Parkway,78.42,2020-05-28 05:47:15
637,50,Waysocher,W,cnettleshipho@jalbum.net,51370 Luster Alley,29.73,2020-09-04 16:01:56
638,95,Zipser,Z,jcrainhp@shareasale.com,3771 Gerald Road,37.54,2020-04-10 18:47:14
639,69,Mathes,M,gfarnfieldhq@noaa.gov,45662 Service Park,23.39,2020-04-26 08:50:30
640,69,Otenhajmer,O,sshenfischhr@youtube.com,373 Prairie Rose Avenue,67.68,2020-12-04 11:30:19
641,15,Theiler,T,enussgenhs@cornell.edu,6 Canary Street,59.07,2020-07-21 13:58:26
642,2,Varga,V,lsigertht@com.com,563 Everett Hill,62.32,2020-02-28 08:55:05
643,5,Pishchala,P,omorethu@tmall.com,514 Bunker Hill Hill,31.13,2020-10-09 20:30:22
644,,Najafiannasir,N,mthackwrayhv@woothemes.com,949 Hallows Avenue,74.38,2020-05-15 16:03:43
645,63,Waysocher,W,isimeonihw@wired.com,604 Prentice Circle,92.75,2020-11-06 07:09:17
646,84,Pusch,P,sboweryhx@shinystat.com,8634 Orin Trail,93.98,2020-01-25 01:14:08
647,4,Galic,G,tpembertonhy@ed.gov,142 Macpherson Park,76.19,2020-12-20 19:57:32
648,53,Varga,V,dbaildonhz@abc.net.au,4 Jenna Park,77.26,2020-01-08 09:11:22
649,57,Freudenthaler,F,ctextoni0@blinklist.com,94 Dennis Road,36.62,2020-04-16 11:39:19
650,63,Pathak,P,jdanai1@netlog.com,7 Dunning Place,63.21,2020-07-07 02:14:02
651,94,Sepehri/Rad,S,mquenelli2@canalblog.com,00192 Oak Valley Place,81.32,2020-05-26 06:55:12
652,64,Otenhajmer,O,rharsnipei3@qq.com,57 Talmadge Circle,99.82,2020-11-18 12:21:08
653,84,Maurizio,M,araffelsi4@tuttocitta.it,790 Stoughton Terrace,58.29,2020-07-21 04:38:24
654,9,Pusch,P,mluxmoorei5@redcross.org,33015 Ruskin Pass,60.41,2020-08-14 05:21:36
655,,Predic,P,slicencei6@scientificamerican.com,1 Sachs Road,72.56,2020-06-18 23:04:11
656,21,Hirschhofer,H,sblundelli7@acquirethisname.com,717 High Crossing Road,35.06,2020-03-26 18:56:32
657,16,Varga,V,aaggasi8@irs.gov,493 Comanche Way,75.78,2020-09-06 15:16:44
658,91,Theiler,T,bmannixi9@noaa.gov,2 Birchwood Drive,38.27,2020-10-05 08:04:42
659,48,Soltani,S,gstuchberryia@dyndns.org,3002 Dovetail Road,42.03,2020-12-03 14:58:50
660,,Sarvghadi,S,hkryzhovib@about.me,1 Autumn Leaf Place,77.35,2020-01-29 14:17:04
661,66,Sarvghadi,S,ebramallic@hibu.com,3369 Everett Lane,33.7,2020-03-22 12:38:27
662,79,Soltani,S,mhellmerid@digg.com,8356 Nevada Hill,71.8,2020-02-11 20:21:31
663,,Najafiannasir,N,kmcgrearyie@go.com,197 Grim Terrace,99.56,2020-06-06 15:21:32
664,,Soltani,S,tjennisonif@reverbnation.com,6 Goodland Center,14.96,2020-10-28 21:59:31
665,19,Theiler,T,treesonig@1und1.de,7 Dapin Road,91.71,2020-09-19 16:29:01
666,26,Zhuta,Z,atotenih@mozilla.org,60251 New Castle Trail,29.62,2020-08-07 20:44:31
667,44,Najafiannasir,N,sroylii@hp.com,69850 Norway Maple Pass,62.04,2020-01-19 20:45:10
668,63,Mathes,M,pdublinij@imdb.com,18 Clarendon Lane,39.36,2020-05-31 19:39:39
669,84,Efimov,E,ggarwoodik@psu.edu,710 Little Fleur Junction,93.78,2020-08-11 17:08:52
670,27,Theiler,T,cleybandil@symantec.com,55884 Erie Lane,27.15,2020-10-21 04:10:24
671,29,Zipser,Z,amaygerim@xrea.com,0218 Amoth Hill,89.58,2020-06-30 09:24:02
672,25,Pusch,P,wzuanazziin@umich.edu,14646 Goodland Court,74.12,2020-03-10 08:18:16
673,56,Otenhajmer,O,rwyeldio@goodreads.com,7105 Red Cloud Plaza,26.7,2020-03-11 19:22:14
674,,Predic,P,lverrallip@addtoany.com,23812 Bartillon Parkway,18.86,2020-06-16 23:43:26
675,84,Pusch,P,rtrewettiq@wikia.com,14 Pine View Center,63.77,2020-10-01 21:52:30
676,84,Efimov,E,jupjohnir@ox.ac.uk,1 Brickson Park Road,85.44,2020-11-26 03:28:54
677,,Hedda,H,ktollettis@i2i.jp,5271 Eagan Street,33.72,2020-08-25 16:24:24
678,76,Najafiannasir,N,ffendit@businessweek.com,06 Sullivan Trail,93.12,2020-12-01 21:42:21
679,23,Freudenthaler,F,bczajkowskaiu@gizmodo.com,71 Magdeline Junction,50.97,2020-12-28 16:48:55
680,62,Sarvghadi,S,pneveiv@indiatimes.com,14598 Kim Circle,88.82,2020-06-01 06:15:04
681,84,Predic,P,mcreasyiw@diigo.com,67591 Starling Junction,57.45,2020-07-03 13:30:49
682,66,Rahman,R,gteeceix@wikipedia.org,5 Dennis Road,85.29,2020-07-07 19:39:37
683,46,Maurizio,M,ebottiniiy@storify.com,95 Summit Court,86.67,2020-05-04 05:17:35
684,53,Rahman,R,mhaineyiz@linkedin.com,62 Caliangt Hill,73.4,2020-07-01 22:00:24
685,56,Lazarevic,L,evenourj0@google.com.hk,98 Rieder Hill,61.29,2020-03-25 05:26:53
686,37,Sarvghadi,S,flotsj1@patch.com,6148 Canary Way,73.71,2020-04-12 05:37:36
687,10,Zipser,Z,tgeggiej2@acquirethisname.com,56 Thompson Drive,45.34,2020-10-06 13:54:23
688,33,Akbari/Liavali,A,pingletonj3@stumbleupon.com,7529 Mandrake Lane,28.31,2020-04-07 08:30:47
689,100,Pishchala,P,kbuntinj4@w3.org,2 Mosinee Junction,79.57,2020-12-26 03:46:35
690,55,Waysocher,W,twederellj5@dot.gov,9778 Scoville Terrace,89.75,2020-09-05 09:13:13
691,17,Rahman,R,dfloryj6@unc.edu,98188 Emmet Crossing,85.24,2020-06-18 23:05:57
692,48,Pishchala,P,hmcilheranj7@fastcompany.com,33893 Dorton Lane,69.41,2020-10-02 11:44:54
693,27,Hedda,H,jpidginj8@cam.ac.uk,94384 Dryden Plaza,21.99,2020-10-07 13:35:56
694,76,Hirschhofer,H,cendej9@irs.gov,1783 Farmco Drive,46.1,2020-08-24 23:00:10
695,29,Varga,V,fpickavanceja@ameblo.jp,7 Meadow Ridge Terrace,92.16,2020-01-13 16:34:46
696,55,Pathak,P,ocoltartjb@umich.edu,28 Emmet Avenue,54.88,2020-01-22 19:30:48
697,46,Zipser,Z,sdavisjc@shop-pro.jp,49844 Bluejay Junction,94.08,2020-12-05 19:30:57
698,49,Galic,G,awealleansjd@163.com,86118 Portage Street,45.17,2020-05-28 20:43:57
699,97,Rahman,R,jcasseldineje@fc2.com,54032 Vidon Park,42.33,2020-05-25 16:42:45
700,42,Barcza,B,cmeelandjf@jimdo.com,1 Colorado Drive,64.91,2020-06-28 00:34:51
701,51,Pishchala,P,nglasgowjg@gnu.org,5 Ohio Center,53.21,2020-06-03 22:56:13
702,,Zhuta,Z,rdebullionjh@reuters.com,67 Steensland Place,97.14,2020-08-28 12:11:36
703,96,Zhuta,Z,bbrindji@netlog.com,75 Steensland Terrace,21.46,2020-06-11 20:00:35
704,52,Soltani,S,mbottrelljj@merriam-webster.com,9 Lillian Alley,26.67,2020-09-20 19:31:36
705,6,Pathak,P,acallumjk@utexas.edu,534 American Ash Parkway,52.41,2020-10-10 14:51:57
706,88,Predic,P,akearfordjl@about.me,21 Northfield Trail,25.05,2020-04-19 05:06:58
707,24,Zipser,Z,dconichiejm@nydailynews.com,36 Namekagon Junction,32.24,2020-07-25 18:17:22
708,7,Rahman,R,skitchingmanjn@edublogs.org,73 Independence Plaza,89.92,2020-10-14 20:44:09
709,,Zhuta,Z,npaicejo@narod.ru,2633 Clove Point,61.64,2020-01-06 05:35:27
710,82,Theiler,T,dbonnettjp@zimbio.com,3031 Messerschmidt Alley,30.04,2020-11-26 18:03:49
711,84,Zipser,Z,jhallattjq@time.com,4 Melrose Court,73.03,2020-10-04 22:11:45
712,,Akbari/Liavali,A,ihoppnerjr@mlb.com,0426 Mockingbird Road,52.72,2020-12-21 17:56:22
713,6,Hedda,H,cmulvanyjs@umn.edu,02761 Valley Edge Hill,29.3,2020-11-26 23:29:10
714,,Zipser,Z,stisonjt@google.it,4 Harbort Crossing,32.65,2020-02-12 11:45:48
715,,Efimov,E,jsheekeyju@google.it,9486 Rieder Pass,25.89,2020-10-13 21:20:34
716,48,Pishchala,P,mduckerinjv@oaic.gov.au,65 Reindahl Pass,50.14,2020-10-13 22:27:03
717,59,Varga,V,msemanjw@hugedomains.com,29 Annamark Parkway,17.39,2020-07-28 04:35:28
718,80,Sepehri/Rad,S,lmathersonjx@people.com.cn,90 American Ash Point,75.09,2020-06-23 22:43:16
719,45,Zipser,Z,gnanglejy@skyrock.com,51 1st Point,96.87,2020-02-21 07:42:16
720,47,Galic,G,hemersonjz@squidoo.com,13170 Oneill Center,76.71,2020-10-16 19:11:11
721,4,Soltani,S,tcalek0@spiegel.de,72 Spaight Avenue,44.33,2020-10-09 08:53:14
722,58,Rahman,R,mlenehamk1@123-reg.co.uk,88 Anniversary Park,33.97,2020-07-20 23:25:34
723,92,Pathak,P,dmelrosek2@elpais.com,0002 Roxbury Crossing,70.28,2020-06-11 19:47:57
724,87,Sarvghadi,S,abrabenk3@youtu.be,6140 Forest Pass,48.46,2020-04-04 00:52:41
725,86,Sepehri/Rad,S,dabrahamsohnk4@phpbb.com,2001 Packers Plaza,23.72,2020-03-05 18:57:50
726,81,Predic,P,jvictoryk5@1und1.de,5279 Spenser Park,40.33,2020-11-03 03:24:58
727,4,Zhuta,Z,apoek6@biglobe.ne.jp,9784 Mitchell Trail,50.67,2020-05-07 07:14:21
728,19,Zhuta,Z,pmapesk7@mapquest.com,16402 Nelson Point,43.8,2020-10-23 18:16:50
729,75,Zipser,Z,fjewittk8@wikimedia.org,82605 Duke Place,68.4,2020-10-23 05:12:38
730,70,Predic,P,jescotk9@cbsnews.com,30673 Sherman Hill,57.86,2020-01-18 03:42:20
731,77,Varga,V,afideleka@boston.com,7 Sundown Court,71.6,2020-10-29 04:42:27
732,99,Varga,V,pcalltonekb@trellian.com,689 Namekagon Plaza,59.4,2020-06-29 22:27:10
733,6,Rahman,R,wtaylorsonkc@last.fm,89291 Redwing Street,94.76,2020-05-10 13:20:27
734,23,Sepehri/Rad,S,szuppakd@uiuc.edu,5 Sage Court,85.41,2020-04-27 17:00:18
735,,Sepehri/Rad,S,bdenniske@miitbeian.gov.cn,10 Carioca Street,86.81,2020-08-17 02:44:25
736,91,Predic,P,cliebmannkf@artisteer.com,8891 Fairfield Plaza,56.75,2020-08-22 03:18:55
737,85,Waysocher,W,mfrichleykg@usgs.gov,9 International Drive,83.17,2020-07-03 19:10:39
738,55,Sarvghadi,S,ybeattiekh@archive.org,90 Hauk Terrace,73.47,2020-08-11 09:28:16
739,51,Sarvghadi,S,arufflerki@google.cn,92 Crowley Circle,11.91,2020-09-18 14:30:29
740,44,Sepehri/Rad,S,rudeykj@drupal.org,2041 Lighthouse Bay Place,51.41,2020-05-14 23:52:49
741,63,Zipser,Z,nhuffadinekk@friendfeed.com,89 Del Mar Crossing,30.03,2020-09-04 15:44:53
742,68,Zipser,Z,dfernandokl@vkontakte.ru,857 Shoshone Circle,42.83,2020-09-15 02:09:07
743,67,Pishchala,P,mwhithornkm@jugem.jp,2 Saint Paul Avenue,76.4,2020-11-23 14:40:07
744,21,Predic,P,misenorkn@reverbnation.com,93 Dwight Crossing,19.17,2020-05-13 17:17:51
745,55,Mathes,M,jivanovko@51.la,1228 Jay Hill,51.0,2020-05-16 21:05:01
746,9,Predic,P,vchirmkp@constantcontact.com,75735 Melody Way,37.88,2020-04-17 20:47:07
747,31,Varga,V,wrenachowskikq@blogtalkradio.com,67 Graceland Court,58.95,2020-04-04 01:52:02
748,69,Soltani,S,lrosaskr@dot.gov,2673 Toban Way,45.44,2020-07-26 23:28:21
749,8,Brugger,B,sflauneks@flavors.me,58 Luster Place,39.47,2020-06-21 23:38:37
750,69,Najafiannasir,N,omertonkt@google.es,8 Talisman Place,20.55,2020-09-02 20:07:17
751,73,Lazarevic,L,rloveku@shinystat.com,53 Bellgrove Avenue,34.66,2020-07-25 10:24:51
752,53,Varga,V,mheakkv@hexun.com,16 Randy Lane,44.37,2020-08-02 06:28:43
753,70,Zipser,Z,cbetunkw@disqus.com,56740 Eagan Center,53.04,2020-06-13 05:44:06
754,93,Rahman,R,jcahankx@vistaprint.com,2675 American Ash Center,22.62,2020-08-24 02:51:01
755,78,Lazarevic,L,bstowellky@toplist.cz,44 Roth Drive,29.89,2020-08-04 07:40:40
756,20,Rahman,R,ascinikz@phpbb.com,256 Grayhawk Place,40.8,2020-01-26 08:17:26
757,33,Waysocher,W,hromaninil0@cam.ac.uk,21 Oxford Street,75.36,2020-08-02 14:13:53
758,25,Pusch,P,mmagerl1@symantec.com,279 Haas Trail,68.44,2020-05-04 01:10:41
759,35,Sarvghadi,S,jcopasl2@fotki.com,0 Brown Crossing,79.83,2020-02-11 15:23:14
760,98,Maurizio,M,rgarvanl3@wordpress.com,41 Brentwood Plaza,41.3,2020-12-06 01:42:17
761,1,Lazarevic,L,mgrindlayl4@vistaprint.com,38508 Sommers Drive,38.3,2020-10-08 15:24:34
762,12,Rahman,R,ehazemanl5@trellian.com,7 Canary Alley,95.68,2020-08-03 06:11:48
763,39,Predic,P,hbernolletl6@moonfruit.com,05388 Ramsey Street,12.39,2020-11-23 10:45:18
764,97,Zhuta,Z,dweblandl7@wikispaces.com,0 Crest Line Junction,66.84,2020-02-24 02:59:34
765,,Varga,V,gbrimfieldl8@google.it,5922 Green Ridge Park,51.11,2020-09-28 02:43:14
766,14,Theiler,T,vboxilll9@yelp.com,1860 East Way,64.26,2020-08-03 22:47:08
767,31,Hirschhofer,H,hmacknessla@paypal.com,68 Forest Dale Avenue,94.43,2020-08-22 21:34:24
768,68,Zipser,Z,rschurckelb@parallels.com,9541 Aberg Point,45.15,2020-04-01 04:17:36
769,1,Freudenthaler,F,lgilchrestlc@devhub.com,2809 Tony Road,16.27,2020-08-06 07:58:54
770,62,Zipser,Z,mcowleyld@w3.org,04698 North Lane,85.01,2020-01-26 13:58:16
771,3,Pusch,P,dniavesle@yale.edu,7 Namekagon Drive,42.12,2020-03-21 09:20:37
772,,Otenhajmer,O,jdedmamlf@tumblr.com,16822 North Drive,91.03,2020-04-05 07:40:43
773,,Sarvghadi,S,noakslg@hostgator.com,32 Oneill Drive,50.41,2020-05-22 15:40:08
774,30,Theiler,T,rfilippilh@over-blog.com,32 Cambridge Junction,95.79,2020-07-20 04:53:27
775,82,Pusch,P,lmonckmanli@imgur.com,851 Clove Park,23.98,2020-08-25 08:28:00
776,64,Predic,P,nscholelj@mashable.com,18703 Algoma Point,37.0,2020-07-11 15:15:56
777,41,Rahman,R,lfladelk@craigslist.org,1 Sauthoff Street,84.37,2020-07-15 00:09:59
778,95,Zipser,Z,jdiroccall@histats.com,30 Iowa Lane,90.35,2020-02-01 11:45:40
779,72,Pishchala,P,ljaqueminetlm@elpais.com,31 Westridge Hill,89.15,2020-11-15 23:47:20
780,35,Rahman,R,gfaradayln@exblog.jp,47 Mifflin Parkway,86.65,2020-04-24 17:26:18
781,91,Soltani,S,ksansonlo@tinypic.com,46 Sunbrook Court,83.94,2020-04-17 20:06:26
782,54,Rahman,R,vcaswelllp@loc.gov,02858 Lillian Parkway,27.46,2020-04-28 02:45:19
783,40,Soltani,S,rgilbanklq@e-recht24.de,9199 Linden Circle,78.23,2020-05-15 14:16:38
784,5,Maurizio,M,froufflr@chronoengine.com,24 Melody Hill,39.01,2020-09-09 17:27:29
785,69,Zipser,Z,hwinwardls@topsy.com,3 Union Drive,11.34,2020-07-30 15:47:32
786,89,Pishchala,P,csugarmanlt@is.gd,7753 Lyons Lane,13.9,2020-06-12 03:22:35
787,65,Varga,V,dsmeuinlu@springer.com,0202 Hermina Plaza,72.33,2020-01-18 08:19:21
788,66,Pishchala,P,cempsonlv@wsj.com,2136 Granby Circle,33.37,2020-01-27 16:40:01
789,71,Rahman,R,drathmelllw@fema.gov,7629 Farragut Junction,39.09,2020-01-01 16:29:11
790,43,Rahman,R,tloughranlx@blogspot.com,9825 Veith Drive,72.49,2020-11-08 12:50:44
791,60,Mathes,M,cgiacomelloly@de.vu,46 Golf Parkway,98.98,2020-10-14 03:15:49
792,8,Waysocher,W,jsherrylz@examiner.com,89466 Katie Drive,23.46,2020-04-12 11:06:19
793,98,Sepehri/Rad,S,sampsm0@list-manage.com,3075 Shelley Road,34.36,2020-06-17 11:19:23
794,50,Galic,G,ademezam1@nationalgeographic.com,21674 Myrtle Lane,41.62,2020-03-27 15:50:21
795,86,Najafiannasir,N,pminguetm2@adobe.com,0 Helena Plaza,40.92,2020-07-18 12:21:22
796,88,Ertl-Winand,E,gpackem3@google.co.uk,04 Hovde Alley,56.14,2020-02-06 20:58:11
797,,Soltani,S,msumersm4@twitpic.com,11 Hoard Pass,31.4,2020-06-19 11:23:45
798,27,Hedda,H,bdeleonm5@google.cn,805 Hallows Street,68.64,2020-11-25 00:20:28
799,87,Zipser,Z,lfargiem6@histats.com,1922 Westend Parkway,80.11,2020-03-30 02:26:36
800,83,Pathak,P,wsturtonm7@tiny.cc,508 Oak Valley Junction,29.32,2020-11-26 04:19:17
801,,Sepehri/Rad,S,gponcetm8@ow.ly,575 Truax Park,80.35,2020-01-01 23:46:45
802,34,Sepehri/Rad,S,bdewarm9@gravatar.com,7 Fallview Trail,82.51,2020-08-05 12:50:41
803,97,Theiler,T,avasyunkinma@hexun.com,6 Algoma Parkway,41.27,2020-09-16 02:32:44
804,52,Lazarevic,L,lpiersmb@myspace.com,753 Westridge Circle,59.64,2020-05-07 08:37:25
805,,Pishchala,P,pbarnwellmc@chron.com,7058 Lerdahl Hill,54.56,2020-09-09 07:31:18
806,23,Predic,P,mdelameremd@instagram.com,95058 Dennis Avenue,49.8,2020-04-26 12:46:54
807,39,Zipser,Z,tpinderme@wikimedia.org,54 Ryan Point,40.31,2020-10-20 03:52:03
808,50,Varga,V,gtorrmf@fda.gov,43 Forster Lane,85.29,2020-10-05 15:47:25
809,47,Zhuta,Z,ejerdanmg@prweb.com,88178 Carberry Way,84.16,2020-08-17 02:57:30
810,,Varga,V,sburkittmh@google.ru,91 Del Mar Junction,15.4,2020-02-04 22:19:03
811,36,Otenhajmer,O,ccrispinmi@usnews.com,03 Fulton Center,20.25,2020-10-03 23:42:40
812,95,Theiler,T,bkellenmj@ibm.com,5248 Homewood Parkway,92.45,2020-01-02 16:38:52
813,,Waysocher,W,hcisnerosmk@slashdot.org,7 Annamark Terrace,69.75,2020-08-01 14:16:27
814,80,Pishchala,P,ipurkisml@bluehost.com,71 Hayes Crossing,12.39,2020-08-09 21:37:28
815,94,Freudenthaler,F,rcribbinmm@indiegogo.com,64402 Bowman Avenue,44.22,2020-10-29 06:01:42
816,87,Soltani,S,esemradmn@purevolume.com,063 Fordem Pass,10.8,2020-07-03 09:47:00
817,95,Brugger,B,yloxtonmo@ed.gov,80269 Melvin Avenue,59.65,2020-08-05 11:15:34
818,24,Lazarevic,L,vmaceveleymp@cornell.edu,0 Basil Avenue,31.16,2020-03-08 19:49:59
819,64,Pishchala,P,omaccarranemq@pen.io,1320 Bartillon Trail,20.63,2020-11-08 18:35:05
820,22,Varga,V,mmcclunaghanmr@fc2.com,68796 Del Mar Park,48.19,2020-03-05 19:33:27
821,77,Theiler,T,smathivetms@pinterest.com,026 Stuart Park,48.66,2020-04-03 15:14:59
822,23,Zipser,Z,salbissermt@dedecms.com,9465 Calypso Alley,20.64,2020-07-24 20:08:49
823,98,Predic,P,mdronsfieldmu@icq.com,95 Crownhardt Pass,88.33,2020-05-28 15:22:25
824,72,Zipser,Z,bstroddermv@whitehouse.gov,985 Independence Parkway,77.65,2020-08-06 15:28:46
825,45,Predic,P,fzavattieromw@nih.gov,048 Leroy Lane,20.04,2020-11-18 17:38:43
826,28,Rahman,R,ehellyermx@yellowpages.com,7551 Anthes Lane,76.88,2020-06-22 20:46:00
827,70,Mathes,M,eskittlemy@springer.com,2801 Bultman Place,74.02,2020-01-17 04:07:06
828,80,Pishchala,P,blinzeemz@friendfeed.com,2 Sullivan Hill,48.41,2020-03-04 01:53:01
829,51,Maurizio,M,ahaywardn0@ibm.com,8 Lyons Drive,55.82,2020-02-20 05:42:00
830,97,Sarvghadi,S,bjordisonn1@yelp.com,328 Village Green Drive,31.05,2020-07-08 05:00:01
831,3,Najafiannasir,N,ssmurfitn2@abc.net.au,945 Glacier Hill Circle,57.39,2020-01-29 15:57:12
832,86,Predic,P,trockwilln3@arstechnica.com,39 Shasta Plaza,70.6,2020-07-23 03:14:19
833,12,Maurizio,M,estandishbrooksn4@netlog.com,9605 Service Avenue,99.95,2020-06-28 22:36:10
834,70,Pusch,P,rdorron5@imageshack.us,4 Redwing Circle,94.4,2020-08-13 18:26:20
835,54,Sarvghadi,S,rleyren6@cbsnews.com,6329 Weeping Birch Parkway,45.77,2020-04-19 12:00:40
836,88,Sarvghadi,S,llampbrechtn7@imageshack.us,3724 Blackbird Road,77.98,2020-09-01 15:20:08
837,24,Otenhajmer,O,efoyn8@sogou.com,1439 Valley Edge Center,84.0,2020-04-29 22:59:32
838,,Rahman,R,mguittetn9@oracle.com,9 Crest Line Drive,31.85,2020-12-15 14:29:43
839,19,Waysocher,W,vhenkenna@com.com,6 Melby Court,68.85,2020-04-13 23:54:24
840,48,Lazarevic,L,mnapthinenb@va.gov,6806 Florence Circle,37.22,2020-01-01 15:06:15
841,15,Sepehri/Rad,S,cmckienc@storify.com,014 Fairview Park,75.53,2020-10-30 18:05:37
842,64,Rahman,R,ustudholmend@e-recht24.de,2 Jenifer Street,96.83,2020-06-16 16:21:53
843,58,Rahman,R,abaynonne@ucoz.com,2302 Rowland Circle,94.67,2020-10-13 22:49:03
844,26,Rahman,R,dboamenf@bravesites.com,5536 Reinke Pass,84.96,2020-07-07 00:37:54
845,35,Pishchala,P,rcroutearng@seattletimes.com,34544 Warrior Drive,46.48,2020-05-20 12:37:25
846,69,Theiler,T,atiltmannh@addthis.com,77 Bultman Point,53.35,2020-09-06 23:54:32
847,25,Waysocher,W,emarplesni@sun.com,37 Golf View Circle,36.71,2020-11-03 19:39:45
848,78,Najafiannasir,N,mstaresnj@cocolog-nifty.com,09832 Fuller Trail,84.94,2020-12-19 14:27:01
849,52,Sepehri/Rad,S,lredonnk@gov.uk,2 Shopko Drive,48.43,2020-03-09 17:12:00
850,10,Pusch,P,dduredennl@last.fm,782 Hoepker Way,77.85,2020-12-24 08:47:38
851,,Maurizio,M,mdarracottnm@ovh.net,8704 Fair Oaks Crossing,30.87,2020-06-16 23:59:58
852,20,Rahman,R,xcortennn@lulu.com,1275 Washington Center,63.86,2020-05-18 23:29:38
853,,Galic,G,tlaurensno@cocolog-nifty.com,711 Raven Alley,47.12,2020-12-29 21:46:04
854,93,Zipser,Z,etousonnp@washingtonpost.com,61 West Alley,70.43,2020-06-30 03:52:18
855,15,Galic,G,rbaldininq@un.org,35 Shasta Trail,64.25,2020-12-05 11:07:47
856,74,Sarvghadi,S,tgrouennr@furl.net,0799 Waywood Place,46.42,2020-03-23 00:57:29
857,58,Otenhajmer,O,aulrikns@lycos.com,6065 Waywood Parkway,79.26,2020-07-26 11:14:04
858,,Zipser,Z,bgriffent@google.com.au,61634 Killdeer Lane,97.39,2020-11-21 16:45:05
859,14,Soltani,S,nmctrustramnu@oakley.com,0 Crescent Oaks Trail,74.14,2020-09-27 02:25:01
860,63,Freudenthaler,F,mriggulsfordnv@answers.com,2 Mifflin Alley,13.71,2020-02-22 09:22:55
861,28,Najafiannasir,N,astandevennw@shop-pro.jp,74787 Morningstar Street,60.11,2020-07-30 16:46:41
862,11,Pathak,P,bpimmenx@ifeng.com,9777 Coolidge Place,31.48,2020-02-16 05:41:49
863,12,Pusch,P,plathwoodny@rediff.com,0351 Park Meadow Street,10.0,2020-04-01 16:06:11
864,65,Otenhajmer,O,rsnassellnz@theatlantic.com,00 Petterle Lane,96.6,2020-02-21 06:24:06
865,,Freudenthaler,F,lderkso0@flavors.me,8455 Eagan Drive,98.64,2020-04-14 14:44:51
866,81,Waysocher,W,byeeleso1@liveinternet.ru,7 Kinsman Hill,77.07,2020-06-07 02:35:14
867,94,Donhauser,D,gwattersono2@barnesandnoble.com,35910 Artisan Road,93.13,2020-03-08 05:31:07
868,76,Maurizio,M,mbalazoto3@google.co.jp,63 Canary Park,45.35,2020-03-17 21:05:48
869,48,Pishchala,P,fmartynovo4@macromedia.com,85 Thierer Pass,67.16,2020-10-19 16:44:02
870,66,Brugger,B,dhanhamo5@aboutads.info,825 Swallow Junction,51.91,2020-08-17 12:43:47
871,11,Pusch,P,mdedneyo6@sciencedirect.com,62150 Evergreen Pass,24.8,2020-11-04 00:45:57
872,,Theiler,T,afrancieo7@com.com,96 Blackbird Way,31.17,2020-02-05 17:32:25
873,57,Efimov,E,yplincko8@moonfruit.com,95 Prentice Junction,24.18,2020-11-21 04:34:25
874,40,Predic,P,fruddello9@si.edu,60 6th Junction,88.74,2020-06-07 21:56:02
875,51,Donhauser,D,dcayleoa@va.gov,8 Mosinee Lane,72.11,2020-01-30 19:01:30
876,33,Najafiannasir,N,sdrissellob@stumbleupon.com,060 Holmberg Way,95.42,2020-02-05 09:50:55
877,37,Galic,G,bsheardownoc@devhub.com,2 Vera Pass,76.86,2020-10-04 01:28:46
878,16,Sepehri/Rad,S,ccassimerod@weebly.com,96 Bultman Hill,88.22,2020-12-21 22:36:59
879,91,Efimov,E,smusickaoe@friendfeed.com,615 Ramsey Plaza,15.54,2020-08-03 14:39:26
880,95,Ertl-Winand,E,mfanthomof@spiegel.de,8 Eagle Crest Center,65.17,2020-11-05 18:10:09
881,,Freudenthaler,F,lsancroftog@ovh.net,6 Sachs Street,58.9,2020-07-21 15:51:25
882,53,Hedda,H,jkanwelloh@patch.com,057 Hudson Point,59.56,2020-08-29 18:27:20
883,37,Soltani,S,sworsleyoi@google.nl,27 Farragut Street,87.8,2020-12-12 23:42:33
884,61,Zhuta,Z,mgrigoroj@arstechnica.com,9101 Superior Court,66.03,2020-08-23 21:03:28
885,42,Sepehri/Rad,S,sburdyttok@si.edu,7 Graceland Terrace,26.9,2020-08-02 19:51:35
886,12,Sepehri/Rad,S,gfayerol@epa.gov,39302 Crest Line Park,82.49,2020-04-05 14:11:41
887,22,Hirschhofer,H,rgosneyeom@linkedin.com,8879 Lerdahl Plaza,57.43,2020-05-11 02:43:43
888,65,Soltani,S,latwellon@mail.ru,49572 Kipling Point,11.55,2020-08-24 03:43:27
889,49,Rahman,R,stoftsoo@squidoo.com,13564 Bartelt Lane,82.51,2020-03-19 08:05:10
890,,Predic,P,cvaenop@cargocollective.com,75 Thierer Place,45.45,2020-03-18 16:14:36
891,75,Lazarevic,L,pcallcottoq@sun.com,157 Amoth Park,66.21,2020-01-01 10:46:12
892,41,Rahman,R,dtongeor@diigo.com,594 Prairie Rose Plaza,30.89,2020-02-07 05:30:02
893,48,Pathak,P,pdatteos@blogspot.com,5568 Elka Parkway,53.58,2020-09-26 17:37:39
894,24,Efimov,E,aciobutaroot@google.fr,385 Monterey Place,89.7,2020-04-14 05:21:15
895,11,Sepehri/Rad,S,fradinou@163.com,7207 Hayes Way,47.65,2020-10-14 03:05:10
896,79,Waysocher,W,dlobleov@reference.com,4109 Gulseth Center,93.72,2020-03-04 15:54:44
897,37,Predic,P,sfoliniow@soup.io,28 Esker Point,48.88,2020-07-31 19:31:08
898,,Otenhajmer,O,ydorricottox@ted.com,8725 Lakewood Gardens Drive,84.84,2020-01-28 10:19:35
899,99,Mathes,M,bdarwentoy@php.net,6 Alpine Avenue,21.88,2020-07-17 14:20:41
900,36,Waysocher,W,smapstonoz@bing.com,6885 Delladonna Terrace,50.78,2020-01-26 02:18:30
901,61,Rahman,R,sseresp0@loc.gov,1072 Gale Pass,17.12,2020-09-26 22:08:41
902,,Rahman,R,bloachep1@cisco.com,77 Northfield Drive,10.82,2020-08-26 21:04:25
903,27,Waysocher,W,llaidlowp2@wix.com,96 Quincy Road,87.77,2020-01-25 04:55:25
904,65,Theiler,T,rbenoitonp3@bbc.co.uk,58 Forest Alley,29.63,2020-03-09 15:38:33
905,39,Waysocher,W,jsouthardp4@yelp.com,71816 La Follette Parkway,10.65,2020-02-01 16:08:34
906,29,Varga,V,flimbrickp5@ebay.co.uk,53 Shelley Drive,93.29,2020-05-01 10:30:48
907,57,Varga,V,aketteringhamp6@wix.com,97 Bultman Road,52.41,2020-01-12 07:11:19
908,82,Mathes,M,emeesp7@acquirethisname.com,0 Towne Parkway,69.67,2020-09-25 10:46:00
909,82,Soltani,S,ybickerdykep8@bigcartel.com,458 American Crossing,37.84,2020-09-20 12:30:27
910,35,Waysocher,W,bcringlep9@oracle.com,5670 Claremont Place,19.21,2020-11-24 11:18:14
911,100,Sarvghadi,S,jriefpa@issuu.com,03997 Pepper Wood Place,60.51,2020-10-29 09:10:18
912,,Sepehri/Rad,S,cchaneypb@auda.org.au,814 Kropf Plaza,56.22,2020-03-09 20:23:11
913,99,Theiler,T,dhugonetpc@bbb.org,6522 Vidon Junction,96.58,2020-10-25 06:53:42
914,61,Pathak,P,eloudonpd@dyndns.org,466 Warner Point,10.84,2020-03-06 18:59:19
915,45,Varga,V,mdoddspe@google.com,3786 Carpenter Point,75.53,2020-03-06 15:12:52
916,45,Rahman,R,ascrinagepf@addtoany.com,126 Rowland Hill,32.41,2020-08-20 20:40:46
917,,Pishchala,P,jchoupinpg@blogtalkradio.com,14 Killdeer Street,59.18,2020-09-17 01:00:25
918,,Waysocher,W,bcraxfordph@tinyurl.com,898 Ryan Place,50.15,2020-04-05 23:42:32
919,5,Zipser,Z,mpomroypi@reference.com,243 Cardinal Street,55.58,2020-10-01 09:01:50
920,29,Otenhajmer,O,dcrimpepj@is.gd,1 Redwing Hill,96.0,2020-06-16 05:00:48
921,49,Rahman,R,bmcmylerpk@is.gd,02523 Jenna Road,77.69,2020-10-03 11:21:21
922,85,Zhuta,Z,nmattusovpl@businessinsider.com,06951 Manley Road,54.96,2020-10-06 13:40:40
923,46,Pishchala,P,gjindapm@hao123.com,6 Schurz Avenue,93.08,2020-01-14 15:28:31
924,57,Maurizio,M,ldinningpn@lycos.com,09926 Anthes Parkway,83.84,2020-10-18 10:00:09
925,54,Zhuta,Z,scumberlandpo@zdnet.com,1823 Columbus Lane,69.57,2020-12-30 08:52:14
926,43,Zipser,Z,wtimspp@skype.com,6 Bluestem Road,82.94,2020-10-11 12:32:14
927,,Sepehri/Rad,S,geykelpq@dot.gov,78 Scoville Point,25.79,2020-03-06 20:19:03
928,57,Sepehri/Rad,S,abeartpr@aol.com,538 Monument Point,48.06,2020-10-29 04:22:35
929,,Varga,V,ibillesps@unicef.org,9694 Roth Street,30.4,2020-06-21 15:49:19
930,6,Zipser,Z,wboultpt@diigo.com,60444 Bluejay Drive,42.34,2020-01-29 00:01:57
931,5,Zipser,Z,lgogertypu@webs.com,84745 Jenna Street,53.45,2020-10-06 00:15:37
932,37,Rahman,R,jbourtoumieuxpv@1und1.de,18988 Leroy Terrace,88.5,2020-07-28 15:30:30
933,21,Pishchala,P,bstockpw@mayoclinic.com,4897 Raven Point,81.34,2020-08-01 17:33:56
934,79,Rahman,R,lantuschpx@washington.edu,9 Manufacturers Avenue,24.19,2020-05-03 18:39:03
935,,Rahman,R,echangpy@plala.or.jp,03 Lillian Drive,67.68,2020-05-22 12:22:37
936,72,Waysocher,W,aboatrightpz@ca.gov,31459 High Crossing Street,93.37,2020-10-24 14:47:06
937,26,Sepehri/Rad,S,rmccambridgeq0@sourceforge.net,6611 Lakeland Center,53.88,2020-09-09 23:59:53
938,,Pathak,P,bpinckedq1@webnode.com,7 Brickson Park Place,10.31,2020-09-13 15:00:24
939,67,Waysocher,W,gbattramq2@360.cn,69187 Toban Street,42.7,2020-10-13 20:14:06
940,75,Maurizio,M,ccrowhurstq3@yahoo.co.jp,70446 Maple Wood Parkway,25.76,2020-01-14 08:36:11
941,4,Najafiannasir,N,fledekkerq4@parallels.com,65910 Haas Avenue,31.54,2020-03-11 23:46:39
942,69,Pishchala,P,mgaymerq5@github.com,0306 Oxford Court,35.43,2020-07-07 17:13:31
943,74,Waysocher,W,eludwellq6@hexun.com,099 Susan Alley,16.61,2020-07-27 12:21:31
944,45,Maurizio,M,kdessentq7@timesonline.co.uk,6703 Sachs Circle,96.15,2020-07-17 03:57:36
945,91,Pishchala,P,tredmireq8@whitehouse.gov,9173 Golf View Trail,56.41,2020-02-12 01:14:29
946,,Theiler,T,rhinzq9@shinystat.com,1160 Division Terrace,53.59,2020-12-19 10:14:11
947,46,Pusch,P,mbloyesqa@thetimes.co.uk,548 Washington Pass,56.72,2020-10-29 05:32:14
948,3,Pusch,P,mbaconqb@pagesperso-orange.fr,04874 Anderson Trail,65.49,2020-06-29 01:09:02
949,66,Theiler,T,briddlesqc@nationalgeographic.com,47 Little Fleur Pass,19.72,2020-04-08 10:11:21
950,43,Soltani,S,smulqueenyqd@privacy.gov.au,585 Acker Place,12.69,2020-11-11 14:48:04
951,51,Mathes,M,fcharterisqe@google.co.jp,4 Grayhawk Avenue,62.65,2020-12-08 03:56:40
952,74,Maurizio,M,thaireqf@sourceforge.net,2722 American Circle,70.89,2020-04-11 10:29:20
953,92,Varga,V,rdoughtyqg@bravesites.com,73911 Corben Court,63.49,2020-08-04 21:58:10
954,2,Theiler,T,akupiszqh@forbes.com,76568 Hagan Way,93.83,2020-03-08 22:52:07
955,59,Ertl-Winand,E,eswetenhamqi@is.gd,710 Buell Street,24.0,2020-08-01 15:05:13
956,28,Soltani,S,rlunbechqj@squarespace.com,71 Stone Corner Drive,24.14,2020-06-04 18:58:49
957,,Efimov,E,hholdronqk@ifeng.com,00009 Buena Vista Crossing,19.66,2020-02-13 18:32:50
958,84,Sarvghadi,S,jkettridgeql@people.com.cn,437 Straubel Parkway,48.45,2020-08-16 05:33:11
959,18,Maurizio,M,jancliffeqm@about.com,71 Gina Road,63.33,2020-03-18 00:12:42
960,37,Donhauser,D,rkingzettqn@gmpg.org,9158 Maryland Road,18.16,2020-11-04 08:50:54
961,63,Varga,V,cballhamqo@utexas.edu,0789 Lunder Circle,33.44,2020-01-09 16:41:10
962,30,Freudenthaler,F,tsigwardqp@webmd.com,52 Bonner Circle,82.94,2020-12-04 03:21:59
963,51,Donhauser,D,hvinkerqq@drupal.org,2179 Dayton Road,39.01,2020-07-04 12:47:02
964,55,Zhuta,Z,zgirardengoqr@mozilla.com,07118 Badeau Point,60.2,2020-01-09 09:08:30
965,51,Pishchala,P,sewingqs@sourceforge.net,30556 Sutherland Court,32.85,2020-12-10 05:46:01
966,81,Maurizio,M,scumpstyqt@marriott.com,6 Corben Terrace,57.34,2020-07-16 08:58:27
967,,Galic,G,rbaylayqu@unc.edu,44721 Springview Lane,72.2,2020-03-20 13:09:34
968,47,Pathak,P,eveareqv@dedecms.com,5598 Moulton Drive,55.88,2020-01-09 03:25:29
969,71,Pathak,P,tsilverstonqw@nih.gov,6655 Gulseth Road,82.28,2020-08-09 04:05:01
970,81,Zhuta,Z,atrowlerqx@cbc.ca,448 Cody Center,20.51,2020-11-26 14:35:17
971,52,Pishchala,P,cbestwickqy@chron.com,85 Lindbergh Point,59.68,2020-07-29 02:13:55
972,17,Waysocher,W,aeastwellqz@house.gov,82034 Moland Parkway,90.55,2020-11-14 14:19:05
973,,Maurizio,M,eolunnyr0@auda.org.au,75169 Redwing Avenue,72.21,2020-12-26 15:58:29
974,28,Efimov,E,ibeasantr1@flavors.me,40 Arizona Trail,13.8,2020-03-19 07:56:48
975,32,Hirschhofer,H,wfronekr2@princeton.edu,44 Green Street,32.33,2020-11-11 08:41:53
976,52,Pusch,P,lcanelasr3@ask.com,8988 Sheridan Terrace,46.07,2020-10-17 17:33:37
977,22,Otenhajmer,O,igarzr4@google.co.uk,224 Heffernan Parkway,20.83,2020-10-21 18:08:45
978,99,Maurizio,M,vbanaszczykr5@blogtalkradio.com,10 Annamark Place,81.85,2020-07-15 03:16:47
979,80,Waysocher,W,segrer6@wisc.edu,58 Paget Pass,51.2,2020-08-13 19:28:39
980,30,Sepehri/Rad,S,aandrassyr7@t.co,99 School Pass,80.32,2020-02-23 11:44:36
981,12,Mathes,M,rkelsonr8@ucsd.edu,4868 Lerdahl Pass,23.43,2020-09-29 23:06:51
982,10,Rahman,R,tmccloyr9@acquirethisname.com,9100 Stuart Pass,52.91,2020-09-26 07:14:52
983,3,Sarvghadi,S,bzamboninira@icq.com,0 Reinke Plaza,86.88,2020-04-05 23:05:17
984,39,Pusch,P,lswantonrb@artisteer.com,36816 Ruskin Way,27.59,2020-12-03 13:24:49
985,52,Barcza,B,clehrlerc@auda.org.au,21 Southridge Avenue,81.26,2020-09-10 06:47:01
986,,Mathes,M,rantognazzird@ning.com,14 Pond Court,43.01,2020-03-19 18:02:44
987,87,Soltani,S,mmacyre@cbc.ca,39 Dovetail Lane,43.82,2020-12-23 00:15:12
988,32,Rahman,R,areynoldrf@reverbnation.com,18682 Drewry Terrace,97.34,2020-04-20 08:01:31
989,88,Zipser,Z,lcastellanrg@nhs.uk,7475 Haas Trail,12.03,2020-04-10 10:49:59
990,53,Aminian,A,cvoakrh@opensource.org,79216 Crest Line Trail,50.36,2020-10-31 08:35:12
991,86,Aminian,A,mzanolliri@rambler.ru,40 Rieder Drive,90.97,2020-12-04 19:45:57
992,25,Rahman,R,ndelosrj@smugmug.com,1 Vernon Road,66.01,2020-08-03 08:21:26
993,50,Theiler,T,erominovrk@dagondesign.com,73376 Dawn Crossing,75.31,2020-10-24 12:54:22
994,45,Mathes,M,stipensrl@nsw.gov.au,9541 Bultman Road,73.8,2020-06-26 12:38:33
995,56,Freudenthaler,F,pporterrm@vistaprint.com,8557 Hudson Way,78.73,2020-06-30 20:54:43
996,20,Sarvghadi,S,jgoalleyrn@networksolutions.com,0 Cardinal Avenue,49.62,2020-11-02 15:52:43
997,28,Theiler,T,clennardro@sun.com,53380 Troy Trail,95.94,2020-04-02 00:07:49
998,,Theiler,T,hofihillierp@bing.com,14278 Elka Court,21.93,2020-11-30 02:59:05
999,52,Theiler,T,ntesseymanrq@ucoz.com,7346 Boyd Point,43.29,2020-04-26 20:32:33
1000,21,Pishchala,P,gmatuskarr@boston.com,93569 Harper Way,23.13,2020-10-31 02:03:54
